timestamp,wind_shear_mps,phase_correction_deg,ground_truth_elastic_deg,ground_truth_plastic_deg,source
2026-06-10T00:00:00,5.3202,0.1766,0.1788,0.0,simulated
2026-06-10T00:00:10,5.2699,0.3175,0.3201,0.0,simulated
2026-06-10T00:00:20,5.0892,0.4254,0.4271,0.0,simulated
2026-06-10T00:00:30,4.7984,0.5134,0.5029,0.0,simulated
2026-06-10T00:00:40,4.8447,0.5632,0.5651,0.0,simulated
2026-06-10T00:00:50,4.8188,0.5915,0.614,0.0,simulated
2026-06-10T00:01:00,4.8351,0.6586,0.6536,0.0,simulated
2026-06-10T00:01:10,4.9652,0.6857,0.6897,0.0,simulated
2026-06-10T00:01:20,4.7242,0.7073,0.7105,0.0,simulated
2026-06-10T00:01:30,4.4088,0.7183,0.7166,0.0,simulated
2026-06-10T00:01:40,4.3493,0.7229,0.7194,0.0,simulated
2026-06-10T00:01:50,4.3932,0.7406,0.7231,0.0,simulated
2026-06-10T00:02:00,4.4206,0.7369,0.727,0.0,simulated
2026-06-10T00:02:10,4.4306,0.7321,0.7305,0.0,simulated
2026-06-10T00:02:20,4.4801,0.7238,0.7349,0.0,simulated
2026-06-10T00:02:30,4.2668,0.7161,0.7313,0.0,simulated
2026-06-10T00:02:40,4.1389,0.7278,0.7241,0.0,simulated
2026-06-10T00:02:50,4.2415,0.7415,0.7218,0.0,simulated
2026-06-10T00:03:00,4.3353,0.7237,0.7231,0.0,simulated
2026-06-10T00:03:10,4.1933,0.7178,0.7194,0.0,simulated
2026-06-10T00:03:20,4.1979,0.7245,0.7166,0.0,simulated
2026-06-10T00:03:30,4.2904,0.6956,0.7174,0.0,simulated
2026-06-10T00:03:40,4.3571,0.7156,0.7203,0.0,simulated
2026-06-10T00:03:50,4.3991,0.7314,0.7241,0.0,simulated
2026-06-10T00:04:00,4.3204,0.7375,0.7244,0.0,simulated
2026-06-10T00:04:10,4.3668,0.7226,0.7263,0.0,simulated
2026-06-10T00:04:20,4.246,0.7293,0.7237,0.0,simulated
2026-06-10T00:04:30,4.0963,0.7203,0.7166,0.0,simulated
2026-06-10T00:04:40,4.1547,0.7246,0.7129,0.0,simulated
2026-06-10T00:04:50,4.2515,0.6964,0.7131,0.0,simulated
2026-06-10T00:05:00,4.061,0.7155,0.707,0.0,simulated
2026-06-10T00:05:10,3.9915,0.677,0.6997,0.0,simulated
2026-06-10T00:05:20,3.9961,0.6547,0.694,0.0,simulated
2026-06-10T00:05:30,4.0279,0.6814,0.6905,0.0,simulated
2026-06-10T00:05:40,4.0991,0.6764,0.6902,0.0,simulated
2026-06-10T00:05:50,4.3844,0.7126,0.6995,0.0,simulated
2026-06-10T00:06:00,4.2949,0.7138,0.7039,0.0,simulated
2026-06-10T00:06:10,4.1762,0.6851,0.7034,0.0,simulated
2026-06-10T00:06:20,4.1586,0.7152,0.7025,0.0,simulated
2026-06-10T00:06:30,4.2444,0.6895,0.7046,0.0,simulated
2026-06-10T00:06:40,4.002,0.6968,0.6981,0.0,simulated
2026-06-10T00:06:50,3.8666,0.684,0.6884,0.0,simulated
2026-06-10T00:07:00,4.0224,0.6876,0.6859,0.0,simulated
2026-06-10T00:07:10,4.019,0.696,0.6838,0.0,simulated
2026-06-10T00:07:20,4.1536,0.6961,0.6866,0.0,simulated
2026-06-10T00:07:30,4.2576,0.6976,0.6923,0.0,simulated
2026-06-10T00:07:40,4.3577,0.71,0.7003,0.0,simulated
2026-06-10T00:07:50,4.3874,0.7148,0.7076,0.0,simulated
2026-06-10T00:08:00,4.6122,0.7117,0.7211,0.0,simulated
2026-06-10T00:08:10,4.5367,0.7185,0.7293,0.0,simulated
2026-06-10T00:08:20,4.4453,0.7257,0.7328,0.0,simulated
2026-06-10T00:08:30,4.282,0.7376,0.7301,0.0,simulated
2026-06-10T00:08:40,4.37,0.7272,0.7309,0.0,simulated
2026-06-10T00:08:50,4.4376,0.7689,0.7338,0.0,simulated
2026-06-10T00:09:00,4.4852,0.7255,0.7378,0.0,simulated
2026-06-10T00:09:10,4.3922,0.7213,0.7378,0.0,simulated
2026-06-10T00:09:20,4.5882,0.7559,0.7444,0.0,simulated
2026-06-10T00:09:30,4.4269,0.7656,0.7443,0.0,simulated
2026-06-10T00:09:40,4.3498,0.7491,0.7416,0.0,simulated
2026-06-10T00:09:50,4.2868,0.7498,0.7373,0.0,simulated
2026-06-10T00:10:00,4.2999,0.7557,0.7343,0.0,simulated
2026-06-10T00:10:10,4.0091,0.7207,0.7222,0.0,simulated
2026-06-10T00:10:20,4.2403,0.6989,0.7202,0.0,simulated
2026-06-10T00:10:30,4.1177,0.7065,0.7145,0.0,simulated
2026-06-10T00:10:40,4.3514,0.7321,0.7178,0.0,simulated
2026-06-10T00:10:50,4.4251,0.7013,0.7229,0.0,simulated
2026-06-10T00:11:00,4.3567,0.7252,0.7247,0.0,simulated
2026-06-10T00:11:10,4.343,0.7295,0.7257,0.0,simulated
2026-06-10T00:11:20,4.4241,0.7245,0.7292,0.0,simulated
2026-06-10T00:11:30,4.5054,0.7456,0.7348,0.0,simulated
2026-06-10T00:11:40,4.5713,0.7501,0.7414,0.0,simulated
2026-06-10T00:11:50,4.4486,0.7774,0.7426,0.0,simulated
2026-06-10T00:12:00,4.4156,0.7517,0.7424,0.0,simulated
2026-06-10T00:12:10,4.3117,0.7297,0.7388,0.0,simulated
2026-06-10T00:12:20,4.2172,0.7243,0.7328,0.0,simulated
2026-06-10T00:12:30,4.0978,0.7114,0.7239,0.0,simulated
2026-06-10T00:12:40,4.1109,0.7315,0.7172,0.0,simulated
2026-06-10T00:12:50,4.2174,0.707,0.7155,0.0,simulated
2026-06-10T00:13:00,4.2155,0.713,0.714,0.0,simulated
2026-06-10T00:13:10,4.2519,0.7253,0.7141,0.0,simulated
2026-06-10T00:13:20,4.4445,0.7098,0.7206,0.0,simulated
2026-06-10T00:13:30,4.2836,0.716,0.7204,0.0,simulated
2026-06-10T00:13:40,4.2271,0.6907,0.7184,0.0,simulated
2026-06-10T00:13:50,4.14,0.6976,0.7138,0.0,simulated
2026-06-10T00:14:00,4.0054,0.6971,0.7056,0.0,simulated
2026-06-10T00:14:10,3.9441,0.7032,0.697,0.0,simulated
2026-06-10T00:14:20,3.9675,0.7088,0.6909,0.0,simulated
2026-06-10T00:14:30,4.0217,0.6876,0.6879,0.0,simulated
2026-06-10T00:14:40,3.8229,0.6827,0.6787,0.0,simulated
2026-06-10T00:14:50,3.8733,0.6757,0.6731,0.0,simulated
2026-06-10T00:15:00,3.983,0.6886,0.6723,0.0,simulated
2026-06-10T00:15:10,4.0574,0.6876,0.6742,0.0,simulated
2026-06-10T00:15:20,4.0553,0.6797,0.6756,0.0,simulated
2026-06-10T00:15:30,4.1337,0.6642,0.6794,0.0,simulated
2026-06-10T00:15:40,4.1101,0.6952,0.6816,0.0,simulated
2026-06-10T00:15:50,4.1978,0.692,0.6863,0.0,simulated
2026-06-10T00:16:00,4.2897,0.7116,0.6932,0.0,simulated
2026-06-10T00:16:10,4.1543,0.6937,0.6941,0.0,simulated
2026-06-10T00:16:20,4.3161,0.7296,0.7003,0.0,simulated
2026-06-10T00:16:30,4.0178,0.6899,0.6953,0.0,simulated
2026-06-10T00:16:40,4.0893,0.7175,0.6936,0.0,simulated
2026-06-10T00:16:50,4.2095,0.6981,0.6963,0.0,simulated
2026-06-10T00:17:00,4.3128,0.6942,0.702,0.0,simulated
2026-06-10T00:17:10,4.3411,0.6905,0.7074,0.0,simulated
2026-06-10T00:17:20,4.3533,0.71,0.7122,0.0,simulated
2026-06-10T00:17:30,4.2011,0.7323,0.7109,0.0,simulated
2026-06-10T00:17:40,4.3502,0.7272,0.7149,0.0,simulated
2026-06-10T00:17:50,4.3281,0.7277,0.7174,0.0,simulated
2026-06-10T00:18:00,4.2165,0.6799,0.7156,0.0,simulated
2026-06-10T00:18:10,4.5207,0.735,0.7243,0.0,simulated
2026-06-10T00:18:20,4.4941,0.7388,0.7305,0.0,simulated
2026-06-10T00:18:30,4.4265,0.7249,0.7331,0.0,simulated
2026-06-10T00:18:40,4.4492,0.7266,0.736,0.0,simulated
2026-06-10T00:18:50,4.3683,0.7355,0.7356,0.0,simulated
2026-06-10T00:19:00,4.4158,0.7627,0.7368,0.0,simulated
2026-06-10T00:19:10,4.5496,0.7265,0.7423,0.0,simulated
2026-06-10T00:19:20,4.7138,0.7458,0.7522,0.0,simulated
2026-06-10T00:19:30,4.8579,0.7854,0.765,0.0,simulated
2026-06-10T00:19:40,4.7197,0.7639,0.7706,0.0,simulated
2026-06-10T00:19:50,4.5948,0.7654,0.7709,0.0,simulated
2026-06-10T00:20:00,4.6426,0.7741,0.7727,0.0,simulated
2026-06-10T00:20:10,4.5768,0.7533,0.7719,0.0,simulated
2026-06-10T00:20:20,4.3999,0.7687,0.7654,0.0,simulated
2026-06-10T00:20:30,4.4936,0.7451,0.7633,0.0,simulated
2026-06-10T00:20:40,4.4695,0.7741,0.7608,0.0,simulated
2026-06-10T00:20:50,4.3975,0.7564,0.7564,0.0,simulated
2026-06-10T00:21:00,4.4263,0.7881,0.7538,0.0,simulated
2026-06-10T00:21:10,4.4038,0.7553,0.751,0.0,simulated
2026-06-10T00:21:20,4.6191,0.7765,0.756,0.0,simulated
2026-06-10T00:21:30,4.4832,0.7359,0.7555,0.0,simulated
2026-06-10T00:21:40,4.5887,0.7567,0.7586,0.0,simulated
2026-06-10T00:21:50,4.7574,0.7715,0.7667,0.0,simulated
2026-06-10T00:22:00,4.9011,0.8042,0.778,0.0,simulated
2026-06-10T00:22:10,4.8222,0.7592,0.7845,0.0,simulated
2026-06-10T00:22:20,4.6281,0.7979,0.7831,0.0,simulated
2026-06-10T00:22:30,4.3438,0.7813,0.7724,0.0,simulated
2026-06-10T00:22:40,4.4507,0.7905,0.7675,0.0,simulated
2026-06-10T00:22:50,4.527,0.7768,0.7661,0.0,simulated
2026-06-10T00:23:00,4.4836,0.7643,0.7635,0.0,simulated
2026-06-10T00:23:10,4.3768,0.75,0.7579,0.0,simulated
2026-06-10T00:23:20,4.0873,0.7249,0.7436,0.0,simulated
2026-06-10T00:23:30,4.1025,0.7357,0.7327,0.0,simulated
2026-06-10T00:23:40,4.0081,0.718,0.7209,0.0,simulated
2026-06-10T00:23:50,4.1133,0.7452,0.7149,0.0,simulated
2026-06-10T00:24:00,4.0922,0.7003,0.7094,0.0,simulated
2026-06-10T00:24:10,4.2925,0.7166,0.7118,0.0,simulated
2026-06-10T00:24:20,4.3272,0.6913,0.7148,0.0,simulated
2026-06-10T00:24:30,4.3139,0.7109,0.7168,0.0,simulated
2026-06-10T00:24:40,4.0707,0.7141,0.7102,0.0,simulated
2026-06-10T00:24:50,4.0002,0.7149,0.7026,0.0,simulated
2026-06-10T00:25:00,4.0749,0.7207,0.699,0.0,simulated
2026-06-10T00:25:10,4.1482,0.6979,0.6986,0.0,simulated
2026-06-10T00:25:20,4.3123,0.687,0.7037,0.0,simulated
2026-06-10T00:25:30,4.0912,0.7073,0.7005,0.0,simulated
2026-06-10T00:25:40,4.2604,0.7113,0.7035,0.0,simulated
2026-06-10T00:25:50,4.3783,0.7173,0.7099,0.0,simulated
2026-06-10T00:26:00,4.3068,0.7021,0.7126,0.0,simulated
2026-06-10T00:26:10,4.2417,0.7296,0.7126,0.0,simulated
2026-06-10T00:26:20,4.4551,0.7211,0.7198,0.0,simulated
2026-06-10T00:26:30,4.3984,0.7341,0.7236,0.0,simulated
2026-06-10T00:26:40,4.369,0.7448,0.7257,0.0,simulated
2026-06-10T00:26:50,4.2386,0.7321,0.723,0.0,simulated
2026-06-10T00:27:00,4.3765,0.7297,0.7254,0.0,simulated
2026-06-10T00:27:10,4.1857,0.7533,0.721,0.0,simulated
2026-06-10T00:27:20,4.3737,0.7274,0.7237,0.0,simulated
2026-06-10T00:27:30,4.5143,0.7262,0.7307,0.0,simulated
2026-06-10T00:27:40,4.545,0.7389,0.7373,0.0,simulated
2026-06-10T00:27:50,4.3909,0.7596,0.7373,0.0,simulated
2026-06-10T00:28:00,4.3752,0.7387,0.7369,0.0,simulated
2026-06-10T00:28:10,4.3835,0.7446,0.7368,0.0,simulated
2026-06-10T00:28:20,4.5791,0.7612,0.7433,0.0,simulated
2026-06-10T00:28:30,4.3045,0.7316,0.7393,0.0,simulated
2026-06-10T00:28:40,4.0047,0.7001,0.726,0.0,simulated
2026-06-10T00:28:50,4.2121,0.7268,0.7223,0.0,simulated
2026-06-10T00:29:00,4.4498,0.7308,0.7274,0.0,simulated
2026-06-10T00:29:10,4.6472,0.7289,0.738,0.0,simulated
2026-06-10T00:29:20,4.609,0.7584,0.7453,0.0,simulated
2026-06-10T00:29:30,4.6382,0.7612,0.7521,0.0,simulated
2026-06-10T00:29:40,4.5398,0.7393,0.7542,0.0,simulated
2026-06-10T00:29:50,4.67,0.768,0.7603,0.0,simulated
2026-06-10T00:30:00,4.5515,0.7582,0.7611,0.0,simulated
2026-06-10T00:30:10,4.4796,0.7372,0.7594,0.0,simulated
2026-06-10T00:30:20,3.9862,0.7483,0.7415,0.0,simulated
2026-06-10T00:30:30,3.9392,0.7249,0.7255,0.0,simulated
2026-06-10T00:30:40,3.911,0.7007,0.7118,0.0,simulated
2026-06-10T00:30:50,3.9513,0.7101,0.7022,0.0,simulated
2026-06-10T00:31:00,3.8589,0.6988,0.6914,0.0,simulated
2026-06-10T00:31:10,4.0893,0.6819,0.6906,0.0,simulated
2026-06-10T00:31:20,4.0382,0.6941,0.6881,0.0,simulated
2026-06-10T00:31:30,4.1556,0.7054,0.6901,0.0,simulated
2026-06-10T00:31:40,4.2388,0.6838,0.6945,0.0,simulated
2026-06-10T00:31:50,4.3205,0.7065,0.7008,0.0,simulated
2026-06-10T00:32:00,4.4461,0.7101,0.71,0.0,simulated
2026-06-10T00:32:10,4.3246,0.7473,0.7133,0.0,simulated
2026-06-10T00:32:20,4.4112,0.6909,0.7189,0.0,simulated
2026-06-10T00:32:30,4.3909,0.7331,0.7226,0.0,simulated
2026-06-10T00:32:40,4.2926,0.7177,0.7223,0.0,simulated
2026-06-10T00:32:50,4.1625,0.7162,0.7177,0.0,simulated
2026-06-10T00:33:00,3.8892,0.7334,0.7049,0.0,simulated
2026-06-10T00:33:10,3.9398,0.6961,0.6963,0.0,simulated
2026-06-10T00:33:20,4.0725,0.7275,0.6938,0.0,simulated
2026-06-10T00:33:30,4.1453,0.6877,0.6944,0.0,simulated
2026-06-10T00:33:40,4.2249,0.7027,0.6974,0.0,simulated
2026-06-10T00:33:50,4.0241,0.6858,0.6932,0.0,simulated
2026-06-10T00:34:00,4.0317,0.6796,0.69,0.0,simulated
2026-06-10T00:34:10,4.0565,0.6892,0.6883,0.0,simulated
2026-06-10T00:34:20,4.0822,0.6836,0.6878,0.0,simulated
2026-06-10T00:34:30,4.0387,0.689,0.6859,0.0,simulated
2026-06-10T00:34:40,4.1028,0.655,0.6866,0.0,simulated
2026-06-10T00:34:50,4.279,0.7231,0.6931,0.0,simulated
2026-06-10T00:35:00,4.2577,0.695,0.6975,0.0,simulated
2026-06-10T00:35:10,4.2339,0.7264,0.7003,0.0,simulated
2026-06-10T00:35:20,4.3253,0.6904,0.7055,0.0,simulated
2026-06-10T00:35:30,4.3907,0.7163,0.712,0.0,simulated
2026-06-10T00:35:40,4.3313,0.7626,0.7151,0.0,simulated
2026-06-10T00:35:50,4.3102,0.7039,0.7169,0.0,simulated
2026-06-10T00:36:00,4.0783,0.6881,0.7105,0.0,simulated
2026-06-10T00:36:10,4.1351,0.6992,0.7074,0.0,simulated
2026-06-10T00:36:20,3.8757,0.7032,0.6961,0.0,simulated
2026-06-10T00:36:30,3.7092,0.6919,0.6815,0.0,simulated
2026-06-10T00:36:40,3.6953,0.6887,0.6694,0.0,simulated
2026-06-10T00:36:50,3.5651,0.6514,0.6553,0.0,simulated
2026-06-10T00:37:00,3.7516,0.6263,0.6503,0.0,simulated
2026-06-10T00:37:10,3.6399,0.636,0.6425,0.0,simulated
2026-06-10T00:37:20,3.6609,0.6556,0.637,0.0,simulated
2026-06-10T00:37:30,3.856,0.6462,0.6392,0.0,simulated
2026-06-10T00:37:40,3.7931,0.6094,0.6388,0.0,simulated
2026-06-10T00:37:50,3.7319,0.6359,0.6364,0.0,simulated
2026-06-10T00:38:00,3.7304,0.6555,0.6345,0.0,simulated
2026-06-10T00:38:10,3.8526,0.6689,0.637,0.0,simulated
2026-06-10T00:38:20,3.8825,0.6485,0.6401,0.0,simulated
2026-06-10T00:38:30,4.0794,0.6538,0.6491,0.0,simulated
2026-06-10T00:38:40,3.9447,0.6332,0.6518,0.0,simulated
2026-06-10T00:38:50,4.0332,0.6443,0.657,0.0,simulated
2026-06-10T00:39:00,3.7939,0.6538,0.6531,0.0,simulated
2026-06-10T00:39:10,3.9346,0.6622,0.6547,0.0,simulated
2026-06-10T00:39:20,4.0702,0.6692,0.6605,0.0,simulated
2026-06-10T00:39:30,3.8999,0.6522,0.6594,0.0,simulated
2026-06-10T00:39:40,3.9148,0.6418,0.6591,0.0,simulated
2026-06-10T00:39:50,3.6741,0.639,0.6507,0.0,simulated
2026-06-10T00:40:00,3.688,0.6271,0.6445,0.0,simulated
2026-06-10T00:40:10,3.5465,0.6444,0.6347,0.0,simulated
2026-06-10T00:40:20,3.5947,0.5939,0.6286,0.0,simulated
2026-06-10T00:40:30,3.7462,0.6237,0.6287,0.0,simulated
2026-06-10T00:40:40,3.7041,0.6342,0.6274,0.0,simulated
2026-06-10T00:40:50,3.6041,0.6459,0.6231,0.0,simulated
2026-06-10T00:41:00,3.7452,0.6254,0.6243,0.0,simulated
2026-06-10T00:41:10,3.8833,0.6449,0.6299,0.0,simulated
2026-06-10T00:41:20,3.8622,0.6277,0.6337,0.0,simulated
2026-06-10T00:41:30,3.8575,0.6254,0.6366,0.0,simulated
2026-06-10T00:41:40,3.8256,0.6277,0.6378,0.0,simulated
2026-06-10T00:41:50,3.8439,0.6623,0.6394,0.0,simulated
2026-06-10T00:42:00,3.7535,0.6525,0.6376,0.0,simulated
2026-06-10T00:42:10,3.9532,0.6502,0.6429,0.0,simulated
2026-06-10T00:42:20,4.0025,0.6988,0.6488,0.0,simulated
2026-06-10T00:42:30,3.9194,0.6503,0.6508,0.0,simulated
2026-06-10T00:42:40,3.401,0.6442,0.6349,0.0,simulated
2026-06-10T00:42:50,3.2988,0.6234,0.6187,0.0,simulated
2026-06-10T00:43:00,3.3693,0.6049,0.6082,0.0,simulated
2026-06-10T00:43:10,3.2228,0.6296,0.5948,0.0,simulated
2026-06-10T00:43:20,3.2696,0.6083,0.5857,0.0,simulated
2026-06-10T00:43:30,3.3302,0.5595,0.5805,0.0,simulated
2026-06-10T00:43:40,3.2856,0.5688,0.5748,0.0,simulated
2026-06-10T00:43:50,3.1805,0.5731,0.5667,0.0,simulated
2026-06-10T00:44:00,3.2295,0.5736,0.5619,0.0,simulated
2026-06-10T00:44:10,3.1927,0.5365,0.5568,0.0,simulated
2026-06-10T00:44:20,3.4069,0.526,0.5599,0.0,simulated
2026-06-10T00:44:30,3.589,0.5399,0.5685,0.0,simulated
2026-06-10T00:44:40,3.7162,0.5786,0.5797,0.0,simulated
2026-06-10T00:44:50,3.7478,0.5881,0.5897,0.0,simulated
2026-06-10T00:45:00,3.6026,0.5979,0.5928,0.0,simulated
2026-06-10T00:45:10,3.7423,0.5884,0.6,0.0,simulated
2026-06-10T00:45:20,3.7147,0.5864,0.6048,0.0,simulated
2026-06-10T00:45:30,3.6875,0.5774,0.6077,0.0,simulated
2026-06-10T00:45:40,3.6518,0.6138,0.6089,0.0,simulated
2026-06-10T00:45:50,3.6318,0.6147,0.6091,0.0,simulated
2026-06-10T00:46:00,3.5744,0.6223,0.6074,0.0,simulated
2026-06-10T00:46:10,3.7039,0.6222,0.6104,0.0,simulated
2026-06-10T00:46:20,3.5868,0.606,0.6088,0.0,simulated
2026-06-10T00:46:30,3.8119,0.6354,0.6151,0.0,simulated
2026-06-10T00:46:40,3.9935,0.6242,0.6263,0.0,simulated
2026-06-10T00:46:50,3.9505,0.6239,0.6338,0.0,simulated
2026-06-10T00:47:00,3.7661,0.6257,0.6336,0.0,simulated
2026-06-10T00:47:10,3.858,0.6277,0.6365,0.0,simulated
2026-06-10T00:47:20,3.9207,0.6084,0.6409,0.0,simulated
2026-06-10T00:47:30,3.7795,0.6421,0.6397,0.0,simulated
2026-06-10T00:47:40,3.7788,0.6425,0.6387,0.0,simulated
2026-06-10T00:47:50,3.6917,0.6296,0.635,0.0,simulated
2026-06-10T00:48:00,3.928,0.6293,0.64,0.0,simulated
2026-06-10T00:48:10,4.0654,0.6542,0.6486,0.0,simulated
2026-06-10T00:48:20,3.9683,0.678,0.6522,0.0,simulated
2026-06-10T00:48:30,3.8919,0.6531,0.6525,0.0,simulated
2026-06-10T00:48:40,3.9331,0.6466,0.6542,0.0,simulated
2026-06-10T00:48:50,4.015,0.6494,0.6583,0.0,simulated
2026-06-10T00:49:00,4.1562,0.6652,0.6663,0.0,simulated
2026-06-10T00:49:10,4.0156,0.649,0.6679,0.0,simulated
2026-06-10T00:49:20,4.0649,0.669,0.6709,0.0,simulated
2026-06-10T00:49:30,4.0447,0.6736,0.6726,0.0,simulated
2026-06-10T00:49:40,4.0523,0.7019,0.6743,0.0,simulated
2026-06-10T00:49:50,3.8585,0.6832,0.6691,0.0,simulated
2026-06-10T00:50:00,3.8803,0.6811,0.6656,0.0,simulated
2026-06-10T00:50:10,3.833,0.6506,0.6613,0.0,simulated
2026-06-10T00:50:20,3.7843,0.6662,0.6562,0.0,simulated
2026-06-10T00:50:30,3.9499,0.6406,0.6577,0.0,simulated
2026-06-10T00:50:40,3.7677,0.6574,0.6527,0.0,simulated
2026-06-10T00:50:50,3.8727,0.6586,0.6523,0.0,simulated
2026-06-10T00:51:00,3.8666,0.6403,0.6518,0.0,simulated
2026-06-10T00:51:10,3.9676,0.6847,0.6547,0.0,simulated
2026-06-10T00:51:20,4.0824,0.6695,0.6609,0.0,simulated
2026-06-10T00:51:30,4.184,0.6408,0.6693,0.0,simulated
2026-06-10T00:51:40,4.2049,0.6851,0.6768,0.0,simulated
2026-06-10T00:51:50,4.3353,0.681,0.6871,0.0,simulated
2026-06-10T00:52:00,4.2178,0.6914,0.6914,0.0,simulated
2026-06-10T00:52:10,4.1912,0.7009,0.6939,0.0,simulated
2026-06-10T00:52:20,4.1927,0.7019,0.696,0.0,simulated
2026-06-10T00:52:30,4.2609,0.6694,0.7,0.0,simulated
2026-06-10T00:52:40,4.1964,0.6836,0.701,0.0,simulated
2026-06-10T00:52:50,4.5209,0.7243,0.7127,0.0,simulated
2026-06-10T00:53:00,4.6714,0.7466,0.7271,0.0,simulated
2026-06-10T00:53:10,4.8173,0.7721,0.7436,0.0,simulated
2026-06-10T00:53:20,4.6507,0.7782,0.7511,0.0,simulated
2026-06-10T00:53:30,4.555,0.7231,0.7539,0.0,simulated
2026-06-10T00:53:40,4.8094,0.7763,0.7647,0.0,simulated
2026-06-10T00:53:50,4.8632,0.7465,0.7752,0.0,simulated
2026-06-10T00:54:00,4.7803,0.805,0.7808,0.0,simulated
2026-06-10T00:54:10,4.7699,0.7887,0.7849,0.0,simulated
2026-06-10T00:54:20,4.8266,0.773,0.7901,0.0,simulated
2026-06-10T00:54:30,4.9149,0.8274,0.7972,0.0,simulated
2026-06-10T00:54:40,5.0255,0.8163,0.8066,0.0,simulated
2026-06-10T00:54:50,5.1182,0.7889,0.8173,0.0,simulated
2026-06-10T00:55:00,5.0854,0.8291,0.8247,0.0,simulated
2026-06-10T00:55:10,5.1814,0.8229,0.8338,0.0,simulated
2026-06-10T00:55:20,5.3645,0.849,0.8473,0.0,simulated
2026-06-10T00:55:30,5.0041,0.839,0.846,0.0,simulated
2026-06-10T00:55:40,4.7955,0.8585,0.8379,0.0,simulated
2026-06-10T00:55:50,4.6253,0.8044,0.8258,0.0,simulated
2026-06-10T00:56:00,4.6386,0.8212,0.8165,0.0,simulated
2026-06-10T00:56:10,4.7849,0.8412,0.8139,0.0,simulated
2026-06-10T00:56:20,4.7538,0.7985,0.8109,0.0,simulated
2026-06-10T00:56:30,4.7203,0.8105,0.8073,0.0,simulated
2026-06-10T00:56:40,4.661,0.8055,0.8025,0.0,simulated
2026-06-10T00:56:50,4.7156,0.7901,0.8004,0.0,simulated
2026-06-10T00:57:00,4.4971,0.8011,0.7914,0.0,simulated
2026-06-10T00:57:10,4.5266,0.7867,0.7852,0.0,simulated
2026-06-10T00:57:20,4.3702,0.7609,0.775,0.0,simulated
2026-06-10T00:57:30,4.2216,0.7883,0.7619,0.0,simulated
2026-06-10T00:57:40,4.037,0.757,0.7451,0.0,simulated
2026-06-10T00:57:50,3.9853,0.7275,0.73,0.0,simulated
2026-06-10T00:58:00,4.0539,0.7107,0.7202,0.0,simulated
2026-06-10T00:58:10,4.0838,0.7016,0.7134,0.0,simulated
2026-06-10T00:58:20,3.9861,0.7231,0.7047,0.0,simulated
2026-06-10T00:58:30,3.9433,0.694,0.6962,0.0,simulated
2026-06-10T00:58:40,3.8533,0.6933,0.6864,0.0,simulated
2026-06-10T00:58:50,3.5765,0.6666,0.6693,0.0,simulated
2026-06-10T00:59:00,3.6289,0.6666,0.6574,0.0,simulated
2026-06-10T00:59:10,3.6647,0.6473,0.649,0.0,simulated
2026-06-10T00:59:20,3.6814,0.6544,0.6429,0.0,simulated
2026-06-10T00:59:30,3.752,0.6377,0.6404,0.0,simulated
2026-06-10T00:59:40,3.4912,0.6421,0.6296,0.0,simulated
2026-06-10T00:59:50,3.3771,0.6273,0.6172,0.0,simulated
2026-06-10T01:00:00,3.4038,0.6064,0.6081,0.0,simulated
2026-06-10T01:00:10,3.4692,0.5902,0.6031,0.0,simulated
2026-06-10T01:00:20,3.3343,0.5804,0.5945,0.0,simulated
2026-06-10T01:00:30,3.1409,0.57,0.5811,0.0,simulated
2026-06-10T01:00:40,3.0876,0.5539,0.5686,0.0,simulated
2026-06-10T01:00:50,3.0242,0.5695,0.5565,0.0,simulated
2026-06-10T01:01:00,2.98,0.5446,0.5453,0.0,simulated
2026-06-10T01:01:10,3.1922,0.5671,0.5435,0.0,simulated
2026-06-10T01:01:20,3.1969,0.5764,0.5422,0.0,simulated
2026-06-10T01:01:30,3.1403,0.5397,0.5393,0.0,simulated
2026-06-10T01:01:40,3.0524,0.5108,0.534,0.0,simulated
2026-06-10T01:01:50,3.0572,0.5242,0.5299,0.0,simulated
2026-06-10T01:02:00,3.2293,0.5313,0.5324,0.0,simulated
2026-06-10T01:02:10,3.2441,0.5126,0.535,0.0,simulated
2026-06-10T01:02:20,3.1962,0.5316,0.5354,0.0,simulated
2026-06-10T01:02:30,3.1056,0.5369,0.5326,0.0,simulated
2026-06-10T01:02:40,3.0146,0.5205,0.5274,0.0,simulated
2026-06-10T01:02:50,3.2243,0.5187,0.5303,0.0,simulated
2026-06-10T01:03:00,3.3085,0.524,0.5354,0.0,simulated
2026-06-10T01:03:10,3.4942,0.5725,0.5457,0.0,simulated
2026-06-10T01:03:20,3.4991,0.5517,0.5541,0.0,simulated
2026-06-10T01:03:30,3.4639,0.5472,0.5597,0.0,simulated
2026-06-10T01:03:40,3.4956,0.5596,0.5652,0.0,simulated
2026-06-10T01:03:50,3.5941,0.5872,0.5729,0.0,simulated
2026-06-10T01:04:00,3.9392,0.5804,0.5907,0.0,simulated
2026-06-10T01:04:10,4.1577,0.6195,0.6123,0.0,simulated
2026-06-10T01:04:20,4.3245,0.646,0.6351,0.0,simulated
2026-06-10T01:04:30,4.4672,0.6694,0.6582,0.0,simulated
2026-06-10T01:04:40,4.3441,0.6935,0.6725,0.0,simulated
2026-06-10T01:04:50,4.3213,0.6749,0.6832,0.0,simulated
2026-06-10T01:05:00,4.3114,0.7084,0.6914,0.0,simulated
2026-06-10T01:05:10,4.454,0.6909,0.7028,0.0,simulated
2026-06-10T01:05:20,4.1746,0.6966,0.7025,0.0,simulated
2026-06-10T01:05:30,4.1525,0.7195,0.7015,0.0,simulated
2026-06-10T01:05:40,4.1771,0.7139,0.7016,0.0,simulated
2026-06-10T01:05:50,4.0429,0.6971,0.6971,0.0,simulated
2026-06-10T01:06:00,4.0845,0.677,0.6949,0.0,simulated
2026-06-10T01:06:10,3.9882,0.6984,0.6899,0.0,simulated
2026-06-10T01:06:20,4.1337,0.6814,0.6908,0.0,simulated
2026-06-10T01:06:30,4.126,0.6775,0.6913,0.0,simulated
2026-06-10T01:06:40,4.0306,0.6788,0.6885,0.0,simulated
2026-06-10T01:06:50,4.16,0.6943,0.6906,0.0,simulated
2026-06-10T01:07:00,4.1168,0.659,0.6908,0.0,simulated
2026-06-10T01:07:10,4.1837,0.6986,0.6932,0.0,simulated
2026-06-10T01:07:20,4.1968,0.6982,0.6956,0.0,simulated
2026-06-10T01:07:30,4.4019,0.6956,0.7044,0.0,simulated
2026-06-10T01:07:40,4.3184,0.7241,0.7086,0.0,simulated
2026-06-10T01:07:50,4.0831,0.7132,0.7041,0.0,simulated
2026-06-10T01:08:00,4.2301,0.6963,0.7054,0.0,simulated
2026-06-10T01:08:10,3.9013,0.6853,0.6954,0.0,simulated
2026-06-10T01:08:20,3.7393,0.6924,0.6819,0.0,simulated
2026-06-10T01:08:30,3.7499,0.6488,0.6716,0.0,simulated
2026-06-10T01:08:40,3.6203,0.6539,0.6589,0.0,simulated
2026-06-10T01:08:50,3.6952,0.6418,0.6513,0.0,simulated
2026-06-10T01:09:00,3.5566,0.6416,0.6405,0.0,simulated
2026-06-10T01:09:10,3.6764,0.6391,0.6359,0.0,simulated
2026-06-10T01:09:20,3.8041,0.6371,0.6366,0.0,simulated
2026-06-10T01:09:30,3.7921,0.6537,0.6367,0.0,simulated
2026-06-10T01:09:40,3.9484,0.6454,0.642,0.0,simulated
2026-06-10T01:09:50,3.7548,0.635,0.6398,0.0,simulated
2026-06-10T01:10:00,3.686,0.6175,0.6357,0.0,simulated
2026-06-10T01:10:10,3.8836,0.6498,0.639,0.0,simulated
2026-06-10T01:10:20,3.9353,0.6514,0.6434,0.0,simulated
2026-06-10T01:10:30,3.9491,0.6692,0.6474,0.0,simulated
2026-06-10T01:10:40,4.1588,0.6465,0.6577,0.0,simulated
2026-06-10T01:10:50,4.1475,0.6659,0.6655,0.0,simulated
2026-06-10T01:11:00,3.9708,0.6649,0.6658,0.0,simulated
2026-06-10T01:11:10,3.7833,0.6585,0.6598,0.0,simulated
2026-06-10T01:11:20,3.8256,0.6565,0.6564,0.0,simulated
2026-06-10T01:11:30,3.8125,0.6275,0.6532,0.0,simulated
2026-06-10T01:11:40,3.7723,0.6617,0.6493,0.0,simulated
2026-06-10T01:11:50,3.8333,0.658,0.6482,0.0,simulated
2026-06-10T01:12:00,3.8618,0.6653,0.6483,0.0,simulated
2026-06-10T01:12:10,3.7951,0.6799,0.6462,0.0,simulated
2026-06-10T01:12:20,3.7376,0.6378,0.6425,0.0,simulated
2026-06-10T01:12:30,3.6873,0.6374,0.6379,0.0,simulated
2026-06-10T01:12:40,3.6101,0.6318,0.6316,0.0,simulated
2026-06-10T01:12:50,3.6527,0.6572,0.628,0.0,simulated
2026-06-10T01:13:00,3.7606,0.6028,0.6288,0.0,simulated
2026-06-10T01:13:10,3.5193,0.6286,0.6213,0.0,simulated
2026-06-10T01:13:20,3.4359,0.5904,0.6125,0.0,simulated
2026-06-10T01:13:30,3.5053,0.569,0.6078,0.0,simulated
2026-06-10T01:13:40,3.4457,0.5717,0.602,0.0,simulated
2026-06-10T01:13:50,3.5168,0.579,0.5997,0.0,simulated
2026-06-10T01:14:00,3.4335,0.6112,0.5952,0.0,simulated
2026-06-10T01:14:10,3.557,0.5826,0.5956,0.0,simulated
2026-06-10T01:14:20,3.2296,0.5816,0.585,0.0,simulated
2026-06-10T01:14:30,3.0905,0.5544,0.5719,0.0,simulated
2026-06-10T01:14:40,3.0814,0.5702,0.561,0.0,simulated
2026-06-10T01:14:50,3.0434,0.5346,0.5511,0.0,simulated
2026-06-10T01:15:00,3.0899,0.5644,0.5447,0.0,simulated
2026-06-10T01:15:10,3.0958,0.5249,0.5398,0.0,simulated
2026-06-10T01:15:20,3.2256,0.5287,0.5402,0.0,simulated
2026-06-10T01:15:30,3.2062,0.5417,0.5399,0.0,simulated
2026-06-10T01:15:40,3.1392,0.5378,0.5374,0.0,simulated
2026-06-10T01:15:50,3.3246,0.563,0.5416,0.0,simulated
2026-06-10T01:16:00,3.3251,0.5468,0.545,0.0,simulated
2026-06-10T01:16:10,3.1785,0.5247,0.5428,0.0,simulated
2026-06-10T01:16:20,3.3676,0.539,0.5474,0.0,simulated
2026-06-10T01:16:30,3.2964,0.5401,0.5487,0.0,simulated
2026-06-10T01:16:40,3.1535,0.5558,0.5449,0.0,simulated
2026-06-10T01:16:50,3.0985,0.5458,0.54,0.0,simulated
2026-06-10T01:17:00,3.1423,0.5358,0.5376,0.0,simulated
2026-06-10T01:17:10,3.1075,0.5475,0.5345,0.0,simulated
2026-06-10T01:17:20,3.3035,0.5307,0.5386,0.0,simulated
2026-06-10T01:17:30,3.3109,0.5401,0.5421,0.0,simulated
2026-06-10T01:17:40,3.3352,0.5485,0.5458,0.0,simulated
2026-06-10T01:17:50,3.6014,0.5805,0.5576,0.0,simulated
2026-06-10T01:18:00,3.6189,0.5662,0.5677,0.0,simulated
2026-06-10T01:18:10,3.5243,0.5673,0.5726,0.0,simulated
2026-06-10T01:18:20,3.7546,0.5685,0.5842,0.0,simulated
2026-06-10T01:18:30,4.0188,0.6127,0.6024,0.0,simulated
2026-06-10T01:18:40,4.3422,0.619,0.6278,0.0,simulated
2026-06-10T01:18:50,4.284,0.6514,0.6462,0.0,simulated
2026-06-10T01:19:00,4.2751,0.6321,0.6606,0.0,simulated
2026-06-10T01:19:10,4.2411,0.6866,0.671,0.0,simulated
2026-06-10T01:19:20,4.142,0.656,0.676,0.0,simulated
2026-06-10T01:19:30,3.9697,0.6625,0.6741,0.0,simulated
2026-06-10T01:19:40,4.0269,0.6905,0.6746,0.0,simulated
2026-06-10T01:19:50,4.0036,0.6542,0.6742,0.0,simulated
2026-06-10T01:20:00,4.1233,0.6767,0.6779,0.0,simulated
2026-06-10T01:20:10,4.0104,0.6782,0.6771,0.0,simulated
2026-06-10T01:20:20,4.2247,0.6686,0.6836,0.0,simulated
2026-06-10T01:20:30,4.3036,0.7116,0.6915,0.0,simulated
2026-06-10T01:20:40,4.2309,0.7178,0.6954,0.0,simulated
2026-06-10T01:20:50,4.2567,0.6697,0.6993,0.0,simulated
2026-06-10T01:21:00,4.1874,0.6784,0.7001,0.0,simulated
2026-06-10T01:21:10,4.1807,0.7127,0.7006,0.0,simulated
2026-06-10T01:21:20,3.9932,0.6751,0.6946,0.0,simulated
2026-06-10T01:21:30,4.0471,0.6859,0.6917,0.0,simulated
2026-06-10T01:21:40,3.8649,0.6852,0.6832,0.0,simulated
2026-06-10T01:21:50,3.9718,0.6904,0.68,0.0,simulated
2026-06-10T01:22:00,4.091,0.6781,0.6815,0.0,simulated
2026-06-10T01:22:10,4.1709,0.6867,0.6853,0.0,simulated
2026-06-10T01:22:20,4.2801,0.6804,0.6921,0.0,simulated
2026-06-10T01:22:30,4.2906,0.7172,0.6978,0.0,simulated
2026-06-10T01:22:40,4.3113,0.6957,0.7031,0.0,simulated
2026-06-10T01:22:50,4.2506,0.7104,0.7053,0.0,simulated
2026-06-10T01:23:00,4.3548,0.7029,0.7106,0.0,simulated
2026-06-10T01:23:10,4.3207,0.7152,0.7136,0.0,simulated
2026-06-10T01:23:20,4.4792,0.7189,0.7214,0.0,simulated
2026-06-10T01:23:30,4.6238,0.73,0.7325,0.0,simulated
2026-06-10T01:23:40,4.4865,0.7215,0.7367,0.0,simulated
2026-06-10T01:23:50,4.3312,0.7469,0.7349,0.0,simulated
2026-06-10T01:24:00,4.3173,0.7542,0.733,0.0,simulated
2026-06-10T01:24:10,4.3662,0.7367,0.7331,0.0,simulated
2026-06-10T01:24:20,4.356,0.7438,0.7328,0.0,simulated
2026-06-10T01:24:30,4.2534,0.7418,0.7292,0.0,simulated
2026-06-10T01:24:40,4.2073,0.7386,0.7247,0.0,simulated
2026-06-10T01:24:50,4.2591,0.7274,0.7229,0.0,simulated
2026-06-10T01:25:00,4.3417,0.7274,0.7242,0.0,simulated
2026-06-10T01:25:10,4.3767,0.7394,0.7264,0.0,simulated
2026-06-10T01:25:20,4.3427,0.7281,0.727,0.0,simulated
2026-06-10T01:25:30,4.3014,0.7115,0.7262,0.0,simulated
2026-06-10T01:25:40,4.2947,0.7256,0.7252,0.0,simulated
2026-06-10T01:25:50,4.3902,0.6994,0.7277,0.0,simulated
2026-06-10T01:26:00,4.3627,0.7287,0.7287,0.0,simulated
2026-06-10T01:26:10,4.192,0.73,0.7238,0.0,simulated
2026-06-10T01:26:20,4.2087,0.739,0.7205,0.0,simulated
2026-06-10T01:26:30,4.0506,0.7148,0.7125,0.0,simulated
2026-06-10T01:26:40,4.0831,0.7211,0.7072,0.0,simulated
2026-06-10T01:26:50,4.0664,0.7024,0.7024,0.0,simulated
2026-06-10T01:27:00,3.926,0.6785,0.6938,0.0,simulated
2026-06-10T01:27:10,3.9111,0.6653,0.6865,0.0,simulated
2026-06-10T01:27:20,3.79,0.662,0.6765,0.0,simulated
2026-06-10T01:27:30,3.8172,0.649,0.6695,0.0,simulated
2026-06-10T01:27:40,3.8675,0.675,0.6655,0.0,simulated
2026-06-10T01:27:50,3.8479,0.6586,0.6617,0.0,simulated
2026-06-10T01:28:00,3.9473,0.6706,0.662,0.0,simulated
2026-06-10T01:28:10,3.9902,0.6648,0.6637,0.0,simulated
2026-06-10T01:28:20,3.8068,0.6745,0.6588,0.0,simulated
2026-06-10T01:28:30,4.1763,0.6833,0.6674,0.0,simulated
2026-06-10T01:28:40,4.1224,0.6628,0.6724,0.0,simulated
2026-06-10T01:28:50,4.0812,0.671,0.6751,0.0,simulated
2026-06-10T01:29:00,3.9523,0.6649,0.6729,0.0,simulated
2026-06-10T01:29:10,3.7809,0.641,0.6653,0.0,simulated
2026-06-10T01:29:20,3.706,0.6669,0.6568,0.0,simulated
2026-06-10T01:29:30,3.7476,0.6692,0.6513,0.0,simulated
2026-06-10T01:29:40,3.712,0.6457,0.6458,0.0,simulated
2026-06-10T01:29:50,3.7545,0.6354,0.6428,0.0,simulated
2026-06-10T01:30:00,3.7162,0.6555,0.6391,0.0,simulated
2026-06-10T01:30:10,3.7814,0.6032,0.6383,0.0,simulated
2026-06-10T01:30:20,3.8195,0.6417,0.639,0.0,simulated
2026-06-10T01:30:30,3.7804,0.6404,0.6382,0.0,simulated
2026-06-10T01:30:40,3.8517,0.6314,0.64,0.0,simulated
2026-06-10T01:30:50,3.7116,0.6576,0.6367,0.0,simulated
2026-06-10T01:31:00,3.6954,0.6481,0.6335,0.0,simulated
2026-06-10T01:31:10,3.7666,0.6295,0.6334,0.0,simulated
2026-06-10T01:31:20,3.7787,0.6324,0.6337,0.0,simulated
2026-06-10T01:31:30,3.5382,0.62,0.6258,0.0,simulated
2026-06-10T01:31:40,3.4673,0.6095,0.6172,0.0,simulated
2026-06-10T01:31:50,3.4253,0.5892,0.6088,0.0,simulated
2026-06-10T01:32:00,3.4048,0.6222,0.6015,0.0,simulated
2026-06-10T01:32:10,3.3603,0.6095,0.5941,0.0,simulated
2026-06-10T01:32:20,3.2496,0.5964,0.5844,0.0,simulated
2026-06-10T01:32:30,3.4438,0.5669,0.5833,0.0,simulated
2026-06-10T01:32:40,3.6623,0.6209,0.5897,0.0,simulated
2026-06-10T01:32:50,3.3992,0.6157,0.5859,0.0,simulated
2026-06-10T01:33:00,3.4113,0.5862,0.5834,0.0,simulated
2026-06-10T01:33:10,3.4182,0.568,0.5816,0.0,simulated
2026-06-10T01:33:20,3.4387,0.5678,0.5808,0.0,simulated
2026-06-10T01:33:30,3.5451,0.59,0.5837,0.0,simulated
2026-06-10T01:33:40,3.5604,0.5729,0.5866,0.0,simulated
2026-06-10T01:33:50,3.5941,0.5895,0.5901,0.0,simulated
2026-06-10T01:34:00,3.5583,0.6079,0.5916,0.0,simulated
2026-06-10T01:34:10,3.6207,0.5723,0.5949,0.0,simulated
2026-06-10T01:34:20,3.6376,0.6283,0.5982,0.0,simulated
2026-06-10T01:34:30,3.5687,0.6219,0.5984,0.0,simulated
2026-06-10T01:34:40,3.4534,0.5762,0.5948,0.0,simulated
2026-06-10T01:34:50,3.6264,0.5765,0.5977,0.0,simulated
2026-06-10T01:35:00,3.6804,0.5976,0.6018,0.0,simulated
2026-06-10T01:35:10,3.7173,0.5909,0.6063,0.0,simulated
2026-06-10T01:35:20,3.6857,0.605,0.6089,0.0,simulated
2026-06-10T01:35:30,3.6129,0.5698,0.6085,0.0,simulated
2026-06-10T01:35:40,3.539,0.6023,0.6057,0.0,simulated
2026-06-10T01:35:50,3.5976,0.6325,0.6055,0.0,simulated
2026-06-10T01:36:00,3.5254,0.5861,0.6028,0.0,simulated
2026-06-10T01:36:10,3.5926,0.5989,0.603,0.0,simulated
2026-06-10T01:36:20,3.594,0.5808,0.6031,0.0,simulated
2026-06-10T01:36:30,3.5813,0.6124,0.6028,0.0,simulated
2026-06-10T01:36:40,3.708,0.6035,0.6069,0.0,simulated
2026-06-10T01:36:50,3.7277,0.6398,0.6107,0.0,simulated
2026-06-10T01:37:00,3.7374,0.6173,0.6142,0.0,simulated
2026-06-10T01:37:10,4.0009,0.6202,0.6258,0.0,simulated
2026-06-10T01:37:20,3.8586,0.6385,0.6303,0.0,simulated
2026-06-10T01:37:30,3.9989,0.631,0.6386,0.0,simulated
2026-06-10T01:37:40,4.0157,0.6257,0.6458,0.0,simulated
2026-06-10T01:37:50,3.9695,0.6545,0.65,0.0,simulated
2026-06-10T01:38:00,4.2509,0.6602,0.6628,0.0,simulated
2026-06-10T01:38:10,4.2714,0.6763,0.6738,0.0,simulated
2026-06-10T01:38:20,4.0818,0.6818,0.6762,0.0,simulated
2026-06-10T01:38:30,3.9903,0.6674,0.675,0.0,simulated
2026-06-10T01:38:40,4.1006,0.6841,0.6778,0.0,simulated
2026-06-10T01:38:50,4.11,0.7064,0.6803,0.0,simulated
2026-06-10T01:39:00,4.2429,0.6702,0.6868,0.0,simulated
2026-06-10T01:39:10,3.9865,0.7095,0.6834,0.0,simulated
2026-06-10T01:39:20,3.9941,0.6773,0.6809,0.0,simulated
2026-06-10T01:39:30,4.161,0.6731,0.6846,0.0,simulated
2026-06-10T01:39:40,4.1108,0.7222,0.6858,0.0,simulated
2026-06-10T01:39:50,4.2111,0.6924,0.6901,0.0,simulated
2026-06-10T01:40:00,4.1391,0.7117,0.6912,0.0,simulated
2026-06-10T01:40:10,4.1281,0.7039,0.6916,0.0,simulated
2026-06-10T01:40:20,4.0039,0.6626,0.6878,0.0,simulated
2026-06-10T01:40:30,4.1672,0.6921,0.6903,0.0,simulated
2026-06-10T01:40:40,4.1649,0.6843,0.6922,0.0,simulated
2026-06-10T01:40:50,4.2267,0.6756,0.6958,0.0,simulated
2026-06-10T01:41:00,4.2271,0.6721,0.6986,0.0,simulated
2026-06-10T01:41:10,4.0336,0.696,0.6944,0.0,simulated
2026-06-10T01:41:20,3.8226,0.6928,0.684,0.0,simulated
2026-06-10T01:41:30,3.8392,0.6821,0.6762,0.0,simulated
2026-06-10T01:41:40,3.9905,0.6704,0.675,0.0,simulated
2026-06-10T01:41:50,3.917,0.6597,0.6716,0.0,simulated
2026-06-10T01:42:00,4.0367,0.6581,0.6729,0.0,simulated
2026-06-10T01:42:10,3.9026,0.6612,0.6695,0.0,simulated
2026-06-10T01:42:20,3.8082,0.648,0.6635,0.0,simulated
2026-06-10T01:42:30,3.8555,0.6573,0.6604,0.0,simulated
2026-06-10T01:42:40,3.7551,0.6541,0.6545,0.0,simulated
2026-06-10T01:42:50,3.7624,0.6366,0.65,0.0,simulated
2026-06-10T01:43:00,3.7988,0.6442,0.6476,0.0,simulated
2026-06-10T01:43:10,3.7653,0.6332,0.6446,0.0,simulated
2026-06-10T01:43:20,3.6655,0.6388,0.6389,0.0,simulated
2026-06-10T01:43:30,3.5839,0.6391,0.6315,0.0,simulated
2026-06-10T01:43:40,3.6738,0.6313,0.6286,0.0,simulated
2026-06-10T01:43:50,3.4333,0.6254,0.6183,0.0,simulated
2026-06-10T01:44:00,3.398,0.584,0.6088,0.0,simulated
2026-06-10T01:44:10,3.3383,0.5935,0.5992,0.0,simulated
2026-06-10T01:44:20,3.4254,0.5986,0.5945,0.0,simulated
2026-06-10T01:44:30,3.4763,0.602,0.5924,0.0,simulated
2026-06-10T01:44:40,3.4696,0.5665,0.5905,0.0,simulated
2026-06-10T01:44:50,3.3516,0.5874,0.585,0.0,simulated
2026-06-10T01:45:00,3.2597,0.5956,0.5775,0.0,simulated
2026-06-10T01:45:10,3.348,0.5718,0.5745,0.0,simulated
2026-06-10T01:45:20,3.3095,0.5694,0.5708,0.0,simulated
2026-06-10T01:45:30,3.4171,0.5782,0.5715,0.0,simulated
2026-06-10T01:45:40,3.2661,0.5706,0.5669,0.0,simulated
2026-06-10T01:45:50,3.1755,0.5703,0.5602,0.0,simulated
2026-06-10T01:46:00,3.3728,0.5626,0.5615,0.0,simulated
2026-06-10T01:46:10,3.5095,0.5694,0.5671,0.0,simulated
2026-06-10T01:46:20,3.3833,0.5556,0.5674,0.0,simulated
2026-06-10T01:46:30,3.1877,0.5584,0.561,0.0,simulated
2026-06-10T01:46:40,3.1684,0.5741,0.5553,0.0,simulated
2026-06-10T01:46:50,3.1757,0.5478,0.5509,0.0,simulated
2026-06-10T01:47:00,3.1772,0.545,0.5475,0.0,simulated
2026-06-10T01:47:10,3.1001,0.5348,0.5422,0.0,simulated
2026-06-10T01:47:20,3.1007,0.5497,0.5379,0.0,simulated
2026-06-10T01:47:30,3.2588,0.527,0.5398,0.0,simulated
2026-06-10T01:47:40,3.1828,0.5525,0.5388,0.0,simulated
2026-06-10T01:47:50,3.0177,0.5184,0.5324,0.0,simulated
2026-06-10T01:48:00,2.8892,0.5072,0.523,0.0,simulated
2026-06-10T01:48:10,2.915,0.5195,0.5164,0.0,simulated
2026-06-10T01:48:20,2.918,0.5131,0.5111,0.0,simulated
2026-06-10T01:48:30,3.032,0.5152,0.5108,0.0,simulated
2026-06-10T01:48:40,2.9911,0.5251,0.5091,0.0,simulated
2026-06-10T01:48:50,3.0493,0.5036,0.5098,0.0,simulated
2026-06-10T01:49:00,3.1291,0.5196,0.5129,0.0,simulated
2026-06-10T01:49:10,3.1248,0.5017,0.5153,0.0,simulated
2026-06-10T01:49:20,3.1944,0.5385,0.5196,0.0,simulated
2026-06-10T01:49:30,3.2115,0.5331,0.5236,0.0,simulated
2026-06-10T01:49:40,3.3336,0.5389,0.5309,0.0,simulated
2026-06-10T01:49:50,3.456,0.5436,0.5408,0.0,simulated
2026-06-10T01:50:00,3.5133,0.5389,0.5507,0.0,simulated
2026-06-10T01:50:10,3.3122,0.5469,0.5519,0.0,simulated
2026-06-10T01:50:20,3.1875,0.5561,0.5486,0.0,simulated
2026-06-10T01:50:30,3.3279,0.5504,0.5507,0.0,simulated
2026-06-10T01:50:40,3.3162,0.5538,0.552,0.0,simulated
2026-06-10T01:50:50,3.5531,0.5406,0.561,0.0,simulated
2026-06-10T01:51:00,3.4925,0.5688,0.5661,0.0,simulated
2026-06-10T01:51:10,3.7295,0.5678,0.5782,0.0,simulated
2026-06-10T01:51:20,3.5386,0.5652,0.5815,0.0,simulated
2026-06-10T01:51:30,3.7854,0.59,0.5924,0.0,simulated
2026-06-10T01:51:40,3.7718,0.5728,0.6006,0.0,simulated
2026-06-10T01:51:50,3.9034,0.6221,0.6117,0.0,simulated
2026-06-10T01:52:00,3.9999,0.6365,0.6237,0.0,simulated
2026-06-10T01:52:10,3.7948,0.6257,0.6265,0.0,simulated
2026-06-10T01:52:20,3.6443,0.6087,0.6236,0.0,simulated
2026-06-10T01:52:30,3.4648,0.6011,0.6153,0.0,simulated
2026-06-10T01:52:40,3.6298,0.612,0.6142,0.0,simulated
2026-06-10T01:52:50,3.4473,0.5708,0.6072,0.0,simulated
2026-06-10T01:53:00,3.4362,0.6039,0.6012,0.0,simulated
2026-06-10T01:53:10,3.733,0.6164,0.6064,0.0,simulated
2026-06-10T01:53:20,3.83,0.6091,0.6138,0.0,simulated
2026-06-10T01:53:30,3.8092,0.6116,0.619,0.0,simulated
2026-06-10T01:53:40,3.8595,0.6276,0.6249,0.0,simulated
2026-06-10T01:53:50,3.8734,0.6353,0.6301,0.0,simulated
2026-06-10T01:54:00,4.0009,0.6549,0.6385,0.0,simulated
2026-06-10T01:54:10,3.9967,0.6454,0.6451,0.0,simulated
2026-06-10T01:54:20,4.0931,0.6432,0.6536,0.0,simulated
2026-06-10T01:54:30,3.935,0.6482,0.6551,0.0,simulated
2026-06-10T01:54:40,3.8842,0.6573,0.6546,0.0,simulated
2026-06-10T01:54:50,4.119,0.6854,0.6621,0.0,simulated
2026-06-10T01:55:00,4.0754,0.6618,0.6666,0.0,simulated
2026-06-10T01:55:10,3.8646,0.6473,0.6631,0.0,simulated
2026-06-10T01:55:20,3.9516,0.6502,0.6633,0.0,simulated
2026-06-10T01:55:30,3.8183,0.6275,0.6589,0.0,simulated
2026-06-10T01:55:40,3.9063,0.6633,0.6584,0.0,simulated
2026-06-10T01:55:50,3.9772,0.6399,0.6603,0.0,simulated
2026-06-10T01:56:00,3.7838,0.6369,0.6554,0.0,simulated
2026-06-10T01:56:10,3.9018,0.6258,0.6554,0.0,simulated
2026-06-10T01:56:20,4.0462,0.6435,0.6603,0.0,simulated
2026-06-10T01:56:30,3.9493,0.6695,0.6609,0.0,simulated
2026-06-10T01:56:40,3.9554,0.642,0.6616,0.0,simulated
2026-06-10T01:56:50,4.0271,0.6384,0.6646,0.0,simulated
2026-06-10T01:57:00,4.0334,0.6699,0.6672,0.0,simulated
2026-06-10T01:57:10,4.1613,0.6685,0.6736,0.0,simulated
2026-06-10T01:57:20,4.1994,0.6865,0.68,0.0,simulated
2026-06-10T01:57:30,4.182,0.6956,0.6845,0.0,simulated
2026-06-10T01:57:40,4.3314,0.693,0.6931,0.0,simulated
2026-06-10T01:57:50,4.3032,0.6796,0.6991,0.0,simulated
2026-06-10T01:58:00,4.0563,0.6937,0.6956,0.0,simulated
2026-06-10T01:58:10,3.7885,0.6913,0.6837,0.0,simulated
2026-06-10T01:58:20,3.8266,0.6668,0.6756,0.0,simulated
2026-06-10T01:58:30,3.7237,0.644,0.6656,0.0,simulated
2026-06-10T01:58:40,3.765,0.6755,0.659,0.0,simulated
2026-06-10T01:58:50,3.5748,0.6411,0.6473,0.0,simulated
2026-06-10T01:59:00,3.3765,0.6251,0.6313,0.0,simulated
2026-06-10T01:59:10,3.3423,0.6176,0.6173,0.0,simulated
2026-06-10T01:59:20,3.1872,0.6164,0.6009,0.0,simulated
2026-06-10T01:59:30,3.2704,0.5946,0.5906,0.0,simulated
2026-06-10T01:59:40,3.5063,0.5853,0.5903,0.0,simulated
2026-06-10T01:59:50,3.6146,0.6039,0.5937,0.0,simulated
2026-06-10T02:00:00,3.7141,0.632,0.5998,0.0,simulated
2026-06-10T02:00:10,3.751,0.6267,0.6058,0.0,simulated
2026-06-10T02:00:20,3.3894,0.6087,0.5986,0.0,simulated
2026-06-10T02:00:30,3.3836,0.5757,0.5925,0.0,simulated
2026-06-10T02:00:40,3.4161,0.6451,0.5888,0.0,simulated
2026-06-10T02:00:50,3.3639,0.5661,0.5841,0.0,simulated
2026-06-10T02:01:00,3.4704,0.5783,0.5839,0.0,simulated
2026-06-10T02:01:10,3.413,0.5713,0.5818,0.0,simulated
2026-06-10T02:01:20,3.6008,0.6108,0.5864,0.0,simulated
2026-06-10T02:01:30,3.4888,0.5926,0.5863,0.0,simulated
2026-06-10T02:01:40,3.6588,0.5706,0.592,0.0,simulated
2026-06-10T02:01:50,3.6518,0.6003,0.5963,0.0,simulated
2026-06-10T02:02:00,3.4462,0.601,0.5928,0.0,simulated
2026-06-10T02:02:10,3.4467,0.5853,0.5901,0.0,simulated
2026-06-10T02:02:20,3.2885,0.5643,0.5826,0.0,simulated
2026-06-10T02:02:30,3.1846,0.5622,0.5731,0.0,simulated
2026-06-10T02:02:40,3.3865,0.5657,0.5722,0.0,simulated
2026-06-10T02:02:50,3.5058,0.5759,0.5756,0.0,simulated
2026-06-10T02:03:00,3.3595,0.5655,0.5733,0.0,simulated
2026-06-10T02:03:10,3.4771,0.5865,0.5755,0.0,simulated
2026-06-10T02:03:20,3.5831,0.5665,0.5808,0.0,simulated
2026-06-10T02:03:30,3.519,0.5569,0.5829,0.0,simulated
2026-06-10T02:03:40,3.8445,0.5844,0.5955,0.0,simulated
2026-06-10T02:03:50,3.8142,0.6248,0.6045,0.0,simulated
2026-06-10T02:04:00,3.6768,0.5986,0.6072,0.0,simulated
2026-06-10T02:04:10,3.863,0.6506,0.6155,0.0,simulated
2026-06-10T02:04:20,3.9765,0.6334,0.626,0.0,simulated
2026-06-10T02:04:30,4.1113,0.6215,0.639,0.0,simulated
2026-06-10T02:04:40,4.3037,0.6433,0.6558,0.0,simulated
2026-06-10T02:04:50,4.3775,0.6754,0.6717,0.0,simulated
2026-06-10T02:05:00,4.2032,0.6609,0.6786,0.0,simulated
2026-06-10T02:05:10,4.1232,0.717,0.6814,0.0,simulated
2026-06-10T02:05:20,3.9699,0.6637,0.6785,0.0,simulated
2026-06-10T02:05:30,4.1242,0.6916,0.6814,0.0,simulated
2026-06-10T02:05:40,3.9728,0.7005,0.6786,0.0,simulated
2026-06-10T02:05:50,4.0824,0.6784,0.68,0.0,simulated
2026-06-10T02:06:00,4.0651,0.6657,0.6806,0.0,simulated
2026-06-10T02:06:10,3.9154,0.672,0.6761,0.0,simulated
2026-06-10T02:06:20,3.9125,0.6777,0.6723,0.0,simulated
2026-06-10T02:06:30,4.0137,0.6858,0.6727,0.0,simulated
2026-06-10T02:06:40,3.9512,0.6718,0.6709,0.0,simulated
2026-06-10T02:06:50,4.2253,0.6577,0.6787,0.0,simulated
2026-06-10T02:07:00,4.2966,0.688,0.6873,0.0,simulated
2026-06-10T02:07:10,4.1723,0.68,0.6901,0.0,simulated
2026-06-10T02:07:20,4.3248,0.6646,0.6974,0.0,simulated
2026-06-10T02:07:30,4.4077,0.6955,0.706,0.0,simulated
2026-06-10T02:07:40,4.361,0.6898,0.7113,0.0,simulated
2026-06-10T02:07:50,4.3804,0.725,0.7162,0.0,simulated
2026-06-10T02:08:00,4.4787,0.7526,0.7235,0.0,simulated
2026-06-10T02:08:10,4.2962,0.751,0.7231,0.0,simulated
2026-06-10T02:08:20,4.3218,0.7151,0.7237,0.0,simulated
2026-06-10T02:08:30,4.1623,0.7118,0.7188,0.0,simulated
2026-06-10T02:08:40,4.2962,0.7297,0.7194,0.0,simulated
2026-06-10T02:08:50,4.4506,0.741,0.7251,0.0,simulated
2026-06-10T02:09:00,4.2748,0.7174,0.7237,0.0,simulated
2026-06-10T02:09:10,4.4266,0.7255,0.7277,0.0,simulated
2026-06-10T02:09:20,4.4974,0.7664,0.7333,0.0,simulated
2026-06-10T02:09:30,4.528,0.7371,0.7387,0.0,simulated
2026-06-10T02:09:40,4.2903,0.7279,0.7352,0.0,simulated
2026-06-10T02:09:50,4.2414,0.7324,0.7306,0.0,simulated
2026-06-10T02:10:00,4.4059,0.7412,0.7325,0.0,simulated
2026-06-10T02:10:10,4.3546,0.717,0.7323,0.0,simulated
2026-06-10T02:10:20,4.1934,0.7231,0.7268,0.0,simulated
2026-06-10T02:10:30,4.3962,0.7116,0.7291,0.0,simulated
2026-06-10T02:10:40,4.5114,0.7307,0.7349,0.0,simulated
2026-06-10T02:10:50,4.7819,0.7767,0.7486,0.0,simulated
2026-06-10T02:11:00,4.8033,0.7714,0.7603,0.0,simulated
2026-06-10T02:11:10,4.7851,0.7676,0.769,0.0,simulated
2026-06-10T02:11:20,4.6593,0.7577,0.7717,0.0,simulated
2026-06-10T02:11:30,4.8027,0.7741,0.7788,0.0,simulated
2026-06-10T02:11:40,4.9535,0.8052,0.7894,0.0,simulated
2026-06-10T02:11:50,4.7576,0.783,0.7914,0.0,simulated
2026-06-10T02:12:00,4.6583,0.8114,0.7896,0.0,simulated
2026-06-10T02:12:10,4.6051,0.7658,0.7865,0.0,simulated
2026-06-10T02:12:20,4.4989,0.776,0.7803,0.0,simulated
2026-06-10T02:12:30,4.4727,0.8007,0.7745,0.0,simulated
2026-06-10T02:12:40,4.3408,0.7354,0.7655,0.0,simulated
2026-06-10T02:12:50,4.156,0.7699,0.752,0.0,simulated
2026-06-10T02:13:00,3.9332,0.706,0.7338,0.0,simulated
2026-06-10T02:13:10,3.8456,0.7149,0.7162,0.0,simulated
2026-06-10T02:13:20,3.75,0.6964,0.699,0.0,simulated
2026-06-10T02:13:30,3.6353,0.6937,0.6813,0.0,simulated
2026-06-10T02:13:40,3.499,0.6153,0.6626,0.0,simulated
2026-06-10T02:13:50,3.6134,0.6228,0.6515,0.0,simulated
2026-06-10T02:14:00,3.5554,0.6322,0.6407,0.0,simulated
2026-06-10T02:14:10,3.8812,0.6435,0.6429,0.0,simulated
2026-06-10T02:14:20,3.8454,0.6302,0.6436,0.0,simulated
2026-06-10T02:14:30,3.7567,0.6378,0.6411,0.0,simulated
2026-06-10T02:14:40,3.6353,0.6172,0.635,0.0,simulated
2026-06-10T02:14:50,3.7068,0.6265,0.6326,0.0,simulated
2026-06-10T02:15:00,3.6452,0.6158,0.6285,0.0,simulated
2026-06-10T02:15:10,3.8468,0.6357,0.6321,0.0,simulated
2026-06-10T02:15:20,3.9198,0.6461,0.6374,0.0,simulated
2026-06-10T02:15:30,3.9136,0.6629,0.6414,0.0,simulated
2026-06-10T02:15:40,3.859,0.6329,0.6428,0.0,simulated
2026-06-10T02:15:50,3.9931,0.6436,0.6484,0.0,simulated
2026-06-10T02:16:00,4.0784,0.6565,0.6557,0.0,simulated
2026-06-10T02:16:10,4.1336,0.6591,0.6635,0.0,simulated
2026-06-10T02:16:20,4.1297,0.6688,0.6695,0.0,simulated
2026-06-10T02:16:30,4.3735,0.6592,0.6826,0.0,simulated
2026-06-10T02:16:40,4.2592,0.6948,0.6892,0.0,simulated
2026-06-10T02:16:50,4.1955,0.6786,0.6923,0.0,simulated
2026-06-10T02:17:00,4.0394,0.6752,0.6896,0.0,simulated
2026-06-10T02:17:10,4.0239,0.663,0.6869,0.0,simulated
2026-06-10T02:17:20,4.1623,0.7068,0.6893,0.0,simulated
2026-06-10T02:17:30,4.1042,0.6873,0.6894,0.0,simulated
2026-06-10T02:17:40,4.0747,0.7057,0.6884,0.0,simulated
2026-06-10T02:17:50,4.1031,0.6927,0.6886,0.0,simulated
2026-06-10T02:18:00,4.0182,0.6603,0.6859,0.0,simulated
2026-06-10T02:18:10,3.901,0.6635,0.6798,0.0,simulated
2026-06-10T02:18:20,3.6713,0.6785,0.6672,0.0,simulated
2026-06-10T02:18:30,3.7965,0.6498,0.6613,0.0,simulated
2026-06-10T02:18:40,3.7225,0.6378,0.6541,0.0,simulated
2026-06-10T02:18:50,3.8307,0.6493,0.652,0.0,simulated
2026-06-10T02:19:00,3.793,0.6464,0.6491,0.0,simulated
2026-06-10T02:19:10,3.7874,0.6313,0.6465,0.0,simulated
2026-06-10T02:19:20,3.7282,0.6376,0.6425,0.0,simulated
2026-06-10T02:19:30,4.111,0.6449,0.6521,0.0,simulated
2026-06-10T02:19:40,4.229,0.6249,0.6638,0.0,simulated
2026-06-10T02:19:50,4.1981,0.6796,0.6721,0.0,simulated
2026-06-10T02:20:00,4.3826,0.6727,0.6849,0.0,simulated
2026-06-10T02:20:10,4.285,0.7115,0.6919,0.0,simulated
2026-06-10T02:20:20,4.2327,0.6785,0.6957,0.0,simulated
2026-06-10T02:20:30,4.221,0.6747,0.6984,0.0,simulated
2026-06-10T02:20:40,4.0737,0.7134,0.6956,0.0,simulated
2026-06-10T02:20:50,4.0927,0.6702,0.694,0.0,simulated
2026-06-10T02:21:00,4.007,0.6803,0.6898,0.0,simulated
2026-06-10T02:21:10,4.1587,0.7006,0.6916,0.0,simulated
2026-06-10T02:21:20,4.1437,0.6876,0.6925,0.0,simulated
2026-06-10T02:21:30,4.0313,0.6646,0.6895,0.0,simulated
2026-06-10T02:21:40,3.8375,0.6833,0.6805,0.0,simulated
2026-06-10T02:21:50,3.806,0.6694,0.6723,0.0,simulated
2026-06-10T02:22:00,3.689,0.681,0.6618,0.0,simulated
2026-06-10T02:22:10,3.8423,0.6674,0.6585,0.0,simulated
2026-06-10T02:22:20,3.9083,0.7037,0.6581,0.0,simulated
2026-06-10T02:22:30,3.7206,0.6268,0.6515,0.0,simulated
2026-06-10T02:22:40,3.4121,0.6355,0.6359,0.0,simulated
2026-06-10T02:22:50,3.4934,0.6101,0.6261,0.0,simulated
2026-06-10T02:23:00,3.3422,0.6305,0.6132,0.0,simulated
2026-06-10T02:23:10,3.2814,0.6131,0.6008,0.0,simulated
2026-06-10T02:23:20,3.1976,0.5994,0.5881,0.0,simulated
2026-06-10T02:23:30,3.1117,0.5633,0.575,0.0,simulated
2026-06-10T02:23:40,3.1428,0.5544,0.5656,0.0,simulated
2026-06-10T02:23:50,3.1569,0.5281,0.5586,0.0,simulated
2026-06-10T02:24:00,3.3068,0.5836,0.558,0.0,simulated
2026-06-10T02:24:10,3.3543,0.5667,0.5591,0.0,simulated
2026-06-10T02:24:20,3.2041,0.551,0.5549,0.0,simulated
2026-06-10T02:24:30,3.3591,0.5708,0.5568,0.0,simulated
2026-06-10T02:24:40,3.3872,0.5705,0.5592,0.0,simulated
2026-06-10T02:24:50,3.3732,0.5754,0.5607,0.0,simulated
2026-06-10T02:25:00,3.3208,0.5358,0.5602,0.0,simulated
2026-06-10T02:25:10,3.5189,0.5557,0.5664,0.0,simulated
2026-06-10T02:25:20,3.6709,0.5794,0.5764,0.0,simulated
2026-06-10T02:25:30,3.9315,0.5986,0.5932,0.0,simulated
2026-06-10T02:25:40,3.9624,0.6221,0.6077,0.0,simulated
2026-06-10T02:25:50,3.7665,0.5976,0.6127,0.0,simulated
2026-06-10T02:26:00,3.7153,0.6169,0.615,0.0,simulated
2026-06-10T02:26:10,3.6774,0.6487,0.6156,0.0,simulated
2026-06-10T02:26:20,3.7463,0.6287,0.6183,0.0,simulated
2026-06-10T02:26:30,4.0907,0.6452,0.6321,0.0,simulated
2026-06-10T02:26:40,4.1379,0.6444,0.6447,0.0,simulated
2026-06-10T02:26:50,4.3194,0.6724,0.6609,0.0,simulated
2026-06-10T02:27:00,4.507,0.7072,0.6802,0.0,simulated
2026-06-10T02:27:10,4.3916,0.6933,0.6917,0.0,simulated
2026-06-10T02:27:20,4.3176,0.7168,0.6984,0.0,simulated
2026-06-10T02:27:30,4.1924,0.6865,0.6996,0.0,simulated
2026-06-10T02:27:40,4.3995,0.7164,0.7075,0.0,simulated
2026-06-10T02:27:50,4.316,0.7246,0.711,0.0,simulated
2026-06-10T02:28:00,4.2744,0.7012,0.7124,0.0,simulated
2026-06-10T02:28:10,4.1483,0.7258,0.7093,0.0,simulated
2026-06-10T02:28:20,4.0577,0.6937,0.7038,0.0,simulated
2026-06-10T02:28:30,4.0658,0.6876,0.6997,0.0,simulated
2026-06-10T02:28:40,4.04,0.6954,0.6955,0.0,simulated
2026-06-10T02:28:50,3.9739,0.7189,0.6899,0.0,simulated
2026-06-10T02:29:00,3.984,0.6904,0.6858,0.0,simulated
2026-06-10T02:29:10,4.1707,0.7028,0.6888,0.0,simulated
2026-06-10T02:29:20,4.2843,0.684,0.695,0.0,simulated
2026-06-10T02:29:30,4.3119,0.702,0.7008,0.0,simulated
2026-06-10T02:29:40,4.2979,0.6874,0.7051,0.0,simulated
2026-06-10T02:29:50,4.2704,0.699,0.7076,0.0,simulated
2026-06-10T02:30:00,4.0132,0.7134,0.7009,0.0,simulated
2026-06-10T02:30:10,4.1739,0.7004,0.701,0.0,simulated
2026-06-10T02:30:20,4.2658,0.7259,0.7041,0.0,simulated
2026-06-10T02:30:30,4.5586,0.7134,0.7164,0.0,simulated
2026-06-10T02:30:40,4.576,0.7239,0.7269,0.0,simulated
2026-06-10T02:30:50,4.5176,0.7525,0.7333,0.0,simulated
2026-06-10T02:31:00,4.4424,0.7262,0.7359,0.0,simulated
2026-06-10T02:31:10,4.1308,0.7047,0.7275,0.0,simulated
2026-06-10T02:31:20,4.1816,0.742,0.7225,0.0,simulated
2026-06-10T02:31:30,4.1202,0.7227,0.7165,0.0,simulated
2026-06-10T02:31:40,3.9975,0.675,0.7075,0.0,simulated
2026-06-10T02:31:50,4.0858,0.7039,0.7033,0.0,simulated
2026-06-10T02:32:00,4.3102,0.7014,0.7074,0.0,simulated
2026-06-10T02:32:10,4.18,0.7326,0.7064,0.0,simulated
2026-06-10T02:32:20,4.4498,0.7037,0.7146,0.0,simulated
2026-06-10T02:32:30,4.65,0.7192,0.7279,0.0,simulated
2026-06-10T02:32:40,4.477,0.7191,0.7328,0.0,simulated
2026-06-10T02:32:50,4.414,0.7187,0.7345,0.0,simulated
2026-06-10T02:33:00,4.3131,0.722,0.7325,0.0,simulated
2026-06-10T02:33:10,4.3138,0.7094,0.731,0.0,simulated
2026-06-10T02:33:20,4.2049,0.7106,0.7261,0.0,simulated
2026-06-10T02:33:30,4.2192,0.6985,0.7226,0.0,simulated
2026-06-10T02:33:40,4.2493,0.6984,0.7209,0.0,simulated
2026-06-10T02:33:50,4.0802,0.6904,0.7138,0.0,simulated
2026-06-10T02:34:00,4.2411,0.7057,0.7135,0.0,simulated
2026-06-10T02:34:10,4.0196,0.6956,0.7059,0.0,simulated
2026-06-10T02:34:20,4.1776,0.6867,0.7051,0.0,simulated
2026-06-10T02:34:30,4.2651,0.7145,0.7074,0.0,simulated
2026-06-10T02:34:40,4.2098,0.7066,0.7073,0.0,simulated
2026-06-10T02:34:50,4.2837,0.7033,0.7098,0.0,simulated
2026-06-10T02:35:00,4.2769,0.7046,0.7116,0.0,simulated
2026-06-10T02:35:10,3.9529,0.726,0.7021,0.0,simulated
2026-06-10T02:35:20,4.1368,0.7042,0.7006,0.0,simulated
2026-06-10T02:35:30,4.143,0.7069,0.6997,0.0,simulated
2026-06-10T02:35:40,4.2147,0.6626,0.7014,0.0,simulated
2026-06-10T02:35:50,4.2764,0.695,0.7048,0.0,simulated
2026-06-10T02:36:00,4.4166,0.6797,0.7122,0.0,simulated
2026-06-10T02:36:10,4.2765,0.7071,0.7135,0.0,simulated
2026-06-10T02:36:20,4.353,0.7226,0.717,0.0,simulated
2026-06-10T02:36:30,4.2828,0.7074,0.7175,0.0,simulated
2026-06-10T02:36:40,4.3168,0.7269,0.7191,0.0,simulated
2026-06-10T02:36:50,4.3546,0.7062,0.7216,0.0,simulated
2026-06-10T02:37:00,4.2006,0.727,0.7184,0.0,simulated
2026-06-10T02:37:10,4.2702,0.6949,0.7182,0.0,simulated
2026-06-10T02:37:20,4.2116,0.7121,0.7161,0.0,simulated
2026-06-10T02:37:30,4.1257,0.7178,0.7115,0.0,simulated
2026-06-10T02:37:40,4.1555,0.7168,0.7088,0.0,simulated
2026-06-10T02:37:50,4.1108,0.7033,0.7052,0.0,simulated
2026-06-10T02:38:00,4.2473,0.7359,0.7068,0.0,simulated
2026-06-10T02:38:10,4.3109,0.7041,0.7103,0.0,simulated
2026-06-10T02:38:20,4.1324,0.7003,0.7071,0.0,simulated
2026-06-10T02:38:30,4.1202,0.6627,0.7041,0.0,simulated
2026-06-10T02:38:40,4.0526,0.726,0.6995,0.0,simulated
2026-06-10T02:38:50,4.042,0.6898,0.6954,0.0,simulated
2026-06-10T02:39:00,4.1656,0.6786,0.6963,0.0,simulated
2026-06-10T02:39:10,4.2381,0.7192,0.6994,0.0,simulated
2026-06-10T02:39:20,4.0885,0.7154,0.6969,0.0,simulated
2026-06-10T02:39:30,4.0726,0.696,0.6944,0.0,simulated
2026-06-10T02:39:40,4.1391,0.673,0.6946,0.0,simulated
2026-06-10T02:39:50,3.9445,0.6945,0.6882,0.0,simulated
2026-06-10T02:40:00,3.9429,0.6737,0.683,0.0,simulated
2026-06-10T02:40:10,3.7816,0.6559,0.6735,0.0,simulated
2026-06-10T02:40:20,4.1614,0.6943,0.6786,0.0,simulated
2026-06-10T02:40:30,4.3096,0.6557,0.6877,0.0,simulated
2026-06-10T02:40:40,4.3232,0.7039,0.6954,0.0,simulated
2026-06-10T02:40:50,4.2942,0.7075,0.7006,0.0,simulated
2026-06-10T02:41:00,4.3138,0.7362,0.7054,0.0,simulated
2026-06-10T02:41:10,3.9538,0.7021,0.6972,0.0,simulated
2026-06-10T02:41:20,4.0787,0.6639,0.6948,0.0,simulated
2026-06-10T02:41:30,4.0693,0.68,0.6926,0.0,simulated
2026-06-10T02:41:40,3.9313,0.6871,0.6861,0.0,simulated
2026-06-10T02:41:50,4.0682,0.6909,0.6856,0.0,simulated
2026-06-10T02:42:00,3.9989,0.6976,0.6829,0.0,simulated
2026-06-10T02:42:10,3.904,0.6481,0.6775,0.0,simulated
2026-06-10T02:42:20,3.7104,0.6617,0.6666,0.0,simulated
2026-06-10T02:42:30,3.6886,0.6718,0.6572,0.0,simulated
2026-06-10T02:42:40,3.6189,0.6705,0.6474,0.0,simulated
2026-06-10T02:42:50,3.8164,0.6741,0.6461,0.0,simulated
2026-06-10T02:43:00,3.8675,0.641,0.6469,0.0,simulated
2026-06-10T02:43:10,3.7897,0.6613,0.6448,0.0,simulated
2026-06-10T02:43:20,3.9858,0.6755,0.6498,0.0,simulated
2026-06-10T02:43:30,3.9095,0.6692,0.6512,0.0,simulated
2026-06-10T02:43:40,3.7278,0.6571,0.6462,0.0,simulated
2026-06-10T02:43:50,3.845,0.6586,0.6462,0.0,simulated
2026-06-10T02:44:00,3.8684,0.6351,0.6469,0.0,simulated
2026-06-10T02:44:10,3.9305,0.6279,0.6496,0.0,simulated
2026-06-10T02:44:20,3.9225,0.6662,0.6515,0.0,simulated
2026-06-10T02:44:30,3.8886,0.6466,0.6518,0.0,simulated
2026-06-10T02:44:40,3.9028,0.6522,0.6526,0.0,simulated
2026-06-10T02:44:50,3.9947,0.6476,0.6563,0.0,simulated
2026-06-10T02:45:00,3.8917,0.6499,0.6558,0.0,simulated
2026-06-10T02:45:10,3.8946,0.659,0.6555,0.0,simulated
2026-06-10T02:45:20,3.8291,0.6377,0.6531,0.0,simulated
2026-06-10T02:45:30,3.9908,0.6576,0.6565,0.0,simulated
2026-06-10T02:45:40,3.969,0.6623,0.6586,0.0,simulated
2026-06-10T02:45:50,4.0364,0.6613,0.6625,0.0,simulated
2026-06-10T02:46:00,4.0208,0.6539,0.6651,0.0,simulated
2026-06-10T02:46:10,4.0619,0.6804,0.6686,0.0,simulated
2026-06-10T02:46:20,4.2077,0.7043,0.6762,0.0,simulated
2026-06-10T02:46:30,4.1049,0.6699,0.6789,0.0,simulated
2026-06-10T02:46:40,4.393,0.7092,0.6907,0.0,simulated
2026-06-10T02:46:50,4.3218,0.7111,0.6978,0.0,simulated
2026-06-10T02:47:00,4.2514,0.6613,0.7011,0.0,simulated
2026-06-10T02:47:10,4.3566,0.6958,0.7072,0.0,simulated
2026-06-10T02:47:20,4.3427,0.7022,0.7117,0.0,simulated
2026-06-10T02:47:30,4.1841,0.7217,0.71,0.0,simulated
2026-06-10T02:47:40,4.1152,0.7091,0.7062,0.0,simulated
2026-06-10T02:47:50,3.8912,0.7028,0.6957,0.0,simulated
2026-06-10T02:48:00,4.0529,0.7023,0.6928,0.0,simulated
2026-06-10T02:48:10,4.0182,0.6757,0.6892,0.0,simulated
2026-06-10T02:48:20,4.0694,0.6769,0.6881,0.0,simulated
2026-06-10T02:48:30,4.2386,0.6746,0.6929,0.0,simulated
2026-06-10T02:48:40,4.3944,0.6994,0.702,0.0,simulated
2026-06-10T02:48:50,4.4849,0.7105,0.7123,0.0,simulated
2026-06-10T02:49:00,4.3823,0.7196,0.7171,0.0,simulated
2026-06-10T02:49:10,4.2124,0.7043,0.7152,0.0,simulated
2026-06-10T02:49:20,4.2165,0.7274,0.7138,0.0,simulated
2026-06-10T02:49:30,4.0056,0.7194,0.7056,0.0,simulated
2026-06-10T02:49:40,4.082,0.7249,0.7017,0.0,simulated
2026-06-10T02:49:50,3.9957,0.7063,0.6956,0.0,simulated
2026-06-10T02:50:00,4.2911,0.7034,0.7007,0.0,simulated
2026-06-10T02:50:10,4.1535,0.7102,0.7001,0.0,simulated
2026-06-10T02:50:20,4.0535,0.7054,0.6963,0.0,simulated
2026-06-10T02:50:30,4.0631,0.6838,0.6935,0.0,simulated
2026-06-10T02:50:40,4.1964,0.7152,0.6958,0.0,simulated
2026-06-10T02:50:50,4.106,0.7204,0.6946,0.0,simulated
2026-06-10T02:51:00,3.9854,0.7193,0.6896,0.0,simulated
2026-06-10T02:51:10,3.9614,0.6853,0.6848,0.0,simulated
2026-06-10T02:51:20,3.9064,0.6839,0.6791,0.0,simulated
2026-06-10T02:51:30,3.912,0.681,0.6747,0.0,simulated
2026-06-10T02:51:40,4.0645,0.6763,0.6763,0.0,simulated
2026-06-10T02:51:50,3.8271,0.6789,0.6697,0.0,simulated
2026-06-10T02:52:00,3.754,0.66,0.6619,0.0,simulated
2026-06-10T02:52:10,3.7325,0.652,0.6549,0.0,simulated
2026-06-10T02:52:20,3.8967,0.6812,0.6548,0.0,simulated
2026-06-10T02:52:30,3.8363,0.6553,0.6528,0.0,simulated
2026-06-10T02:52:40,3.7857,0.6504,0.6494,0.0,simulated
2026-06-10T02:52:50,3.9036,0.6639,0.6507,0.0,simulated
2026-06-10T02:53:00,3.8012,0.6505,0.6483,0.0,simulated
2026-06-10T02:53:10,3.6543,0.6458,0.6414,0.0,simulated
2026-06-10T02:53:20,3.8467,0.6414,0.6424,0.0,simulated
2026-06-10T02:53:30,3.817,0.6238,0.6422,0.0,simulated
2026-06-10T02:53:40,3.8474,0.6425,0.643,0.0,simulated
2026-06-10T02:53:50,3.7819,0.6244,0.6415,0.0,simulated
2026-06-10T02:54:00,3.9282,0.6483,0.6452,0.0,simulated
2026-06-10T02:54:10,3.8539,0.6279,0.6456,0.0,simulated
2026-06-10T02:54:20,4.0978,0.6679,0.6542,0.0,simulated
2026-06-10T02:54:30,4.144,0.6738,0.6626,0.0,simulated
2026-06-10T02:54:40,4.1484,0.6737,0.6695,0.0,simulated
2026-06-10T02:54:50,4.0126,0.6689,0.6704,0.0,simulated
2026-06-10T02:55:00,4.0075,0.6772,0.671,0.0,simulated
2026-06-10T02:55:10,3.9908,0.6414,0.6709,0.0,simulated
2026-06-10T02:55:20,3.8544,0.6497,0.6662,0.0,simulated
2026-06-10T02:55:30,3.7367,0.6563,0.6585,0.0,simulated
2026-06-10T02:55:40,3.7355,0.6575,0.6523,0.0,simulated
2026-06-10T02:55:50,3.7498,0.6467,0.6479,0.0,simulated
2026-06-10T02:56:00,3.6639,0.6263,0.6414,0.0,simulated
2026-06-10T02:56:10,3.6623,0.6382,0.6362,0.0,simulated
2026-06-10T02:56:20,3.7515,0.6282,0.635,0.0,simulated
2026-06-10T02:56:30,3.5913,0.6126,0.6286,0.0,simulated
2026-06-10T02:56:40,3.6557,0.6307,0.6258,0.0,simulated
2026-06-10T02:56:50,3.708,0.622,0.6252,0.0,simulated
2026-06-10T02:57:00,3.496,0.6356,0.6176,0.0,simulated
2026-06-10T02:57:10,3.4832,0.6211,0.6111,0.0,simulated
2026-06-10T02:57:20,3.42,0.6148,0.6038,0.0,simulated
2026-06-10T02:57:30,3.5403,0.6068,0.602,0.0,simulated
2026-06-10T02:57:40,3.5919,0.5896,0.6023,0.0,simulated
2026-06-10T02:57:50,3.7999,0.5955,0.6095,0.0,simulated
2026-06-10T02:58:00,3.9426,0.598,0.6201,0.0,simulated
2026-06-10T02:58:10,3.7814,0.6663,0.6231,0.0,simulated
2026-06-10T02:58:20,3.7521,0.6084,0.6246,0.0,simulated
2026-06-10T02:58:30,3.7507,0.6225,0.6257,0.0,simulated
2026-06-10T02:58:40,3.6298,0.6171,0.6225,0.0,simulated
2026-06-10T02:58:50,3.6485,0.6164,0.6206,0.0,simulated
2026-06-10T02:59:00,3.7012,0.6121,0.6208,0.0,simulated
2026-06-10T02:59:10,3.6725,0.592,0.6201,0.0,simulated
2026-06-10T02:59:20,3.7493,0.6071,0.622,0.0,simulated
2026-06-10T02:59:30,4.0061,0.6114,0.6322,0.0,simulated
2026-06-10T02:59:40,4.0528,0.6401,0.642,0.0,simulated
2026-06-10T02:59:50,4.0644,0.6399,0.6501,0.0,simulated
2026-06-10T03:00:00,4.0313,0.6452,0.6556,0.0,simulated
2026-06-10T03:00:10,4.0172,0.6627,0.6594,0.0,simulated
2026-06-10T03:00:20,4.1777,0.6592,0.6679,0.0,simulated
2026-06-10T03:00:30,4.129,0.687,0.6731,0.0,simulated
2026-06-10T03:00:40,4.0824,0.6698,0.6756,0.0,simulated
2026-06-10T03:00:50,4.1081,0.6819,0.6785,0.0,simulated
2026-06-10T03:01:00,4.1657,0.6629,0.6828,0.0,simulated
2026-06-10T03:01:10,4.0504,0.6922,0.6823,0.0,simulated
2026-06-10T03:01:20,4.0503,0.6759,0.6819,0.0,simulated
2026-06-10T03:01:30,3.9792,0.6854,0.6793,0.0,simulated
2026-06-10T03:01:40,3.6419,0.6707,0.6658,0.0,simulated
2026-06-10T03:01:50,3.6582,0.6529,0.6555,0.0,simulated
2026-06-10T03:02:00,3.7356,0.6532,0.6499,0.0,simulated
2026-06-10T03:02:10,3.652,0.6369,0.6427,0.0,simulated
2026-06-10T03:02:20,3.4977,0.6518,0.6317,0.0,simulated
2026-06-10T03:02:30,3.6531,0.6421,0.6281,0.0,simulated
2026-06-10T03:02:40,3.8154,0.6379,0.6307,0.0,simulated
2026-06-10T03:02:50,3.8179,0.6151,0.6328,0.0,simulated
2026-06-10T03:03:00,3.6554,0.6126,0.6291,0.0,simulated
2026-06-10T03:03:10,3.751,0.6193,0.6293,0.0,simulated
2026-06-10T03:03:20,3.5991,0.6207,0.6244,0.0,simulated
2026-06-10T03:03:30,3.4675,0.6227,0.616,0.0,simulated
2026-06-10T03:03:40,3.6058,0.6005,0.6139,0.0,simulated
2026-06-10T03:03:50,3.788,0.6361,0.6184,0.0,simulated
2026-06-10T03:04:00,3.7744,0.6216,0.6216,0.0,simulated
2026-06-10T03:04:10,3.8837,0.5976,0.6277,0.0,simulated
2026-06-10T03:04:20,3.8813,0.6255,0.6326,0.0,simulated
2026-06-10T03:04:30,3.9534,0.6001,0.6389,0.0,simulated
2026-06-10T03:04:40,3.8352,0.6287,0.64,0.0,simulated
2026-06-10T03:04:50,3.8003,0.6315,0.6397,0.0,simulated
2026-06-10T03:05:00,3.951,0.6353,0.6445,0.0,simulated
2026-06-10T03:05:10,4.0466,0.6467,0.6516,0.0,simulated
2026-06-10T03:05:20,4.0121,0.6501,0.6561,0.0,simulated
2026-06-10T03:05:30,4.131,0.6547,0.6637,0.0,simulated
2026-06-10T03:05:40,4.4107,0.7017,0.6791,0.0,simulated
2026-06-10T03:05:50,4.1962,0.7025,0.6843,0.0,simulated
2026-06-10T03:06:00,4.1363,0.6693,0.6864,0.0,simulated
2026-06-10T03:06:10,4.1761,0.7083,0.6894,0.0,simulated
2026-06-10T03:06:20,4.2904,0.6714,0.6957,0.0,simulated
2026-06-10T03:06:30,4.3275,0.6898,0.702,0.0,simulated
2026-06-10T03:06:40,4.3955,0.7321,0.7093,0.0,simulated
2026-06-10T03:06:50,4.4199,0.6823,0.7159,0.0,simulated
2026-06-10T03:07:00,4.3304,0.7269,0.7182,0.0,simulated
2026-06-10T03:07:10,4.268,0.6992,0.718,0.0,simulated
2026-06-10T03:07:20,4.3612,0.7188,0.7209,0.0,simulated
2026-06-10T03:07:30,4.3076,0.7188,0.7215,0.0,simulated
2026-06-10T03:07:40,4.2382,0.745,0.7196,0.0,simulated
2026-06-10T03:07:50,4.3253,0.7088,0.721,0.0,simulated
2026-06-10T03:08:00,4.3758,0.7228,0.7238,0.0,simulated
2026-06-10T03:08:10,4.3461,0.7345,0.7251,0.0,simulated
2026-06-10T03:08:20,4.3618,0.7229,0.7266,0.0,simulated
2026-06-10T03:08:30,4.4471,0.7184,0.7307,0.0,simulated
2026-06-10T03:08:40,4.3752,0.7307,0.7316,0.0,simulated
2026-06-10T03:08:50,4.5425,0.7393,0.7379,0.0,simulated
2026-06-10T03:09:00,4.5212,0.7555,0.7422,0.0,simulated
2026-06-10T03:09:10,4.6164,0.7347,0.7489,0.0,simulated
2026-06-10T03:09:20,4.7071,0.7505,0.7573,0.0,simulated
2026-06-10T03:09:30,4.7774,0.7712,0.7663,0.0,simulated
2026-06-10T03:09:40,4.6728,0.7676,0.7701,0.0,simulated
2026-06-10T03:09:50,4.4955,0.7643,0.7671,0.0,simulated
2026-06-10T03:10:00,4.436,0.7625,0.7627,0.0,simulated
2026-06-10T03:10:10,4.2845,0.7437,0.7541,0.0,simulated
2026-06-10T03:10:20,4.3638,0.7379,0.7499,0.0,simulated
2026-06-10T03:10:30,4.1434,0.7458,0.7392,0.0,simulated
2026-06-10T03:10:40,4.074,0.7118,0.7282,0.0,simulated
2026-06-10T03:10:50,4.0011,0.7345,0.717,0.0,simulated
2026-06-10T03:11:00,4.013,0.7117,0.7084,0.0,simulated
2026-06-10T03:11:10,3.9648,0.6808,0.7,0.0,simulated
2026-06-10T03:11:20,3.8459,0.6934,0.6892,0.0,simulated
2026-06-10T03:11:30,3.9403,0.6863,0.6838,0.0,simulated
2026-06-10T03:11:40,3.7305,0.6838,0.6724,0.0,simulated
2026-06-10T03:11:50,3.6841,0.6791,0.6617,0.0,simulated
2026-06-10T03:12:00,3.5264,0.6423,0.6478,0.0,simulated
2026-06-10T03:12:10,3.5092,0.6255,0.6362,0.0,simulated
2026-06-10T03:12:20,3.4695,0.6164,0.6255,0.0,simulated
2026-06-10T03:12:30,3.3981,0.5999,0.6146,0.0,simulated
2026-06-10T03:12:40,3.6153,0.6019,0.6131,0.0,simulated
2026-06-10T03:12:50,3.6152,0.6162,0.612,0.0,simulated
2026-06-10T03:13:00,3.764,0.6163,0.6161,0.0,simulated
2026-06-10T03:13:10,3.7474,0.6114,0.6188,0.0,simulated
2026-06-10T03:13:20,3.6092,0.6052,0.6163,0.0,simulated
2026-06-10T03:13:30,3.6186,0.6198,0.6146,0.0,simulated
2026-06-10T03:13:40,3.5203,0.6024,0.61,0.0,simulated
2026-06-10T03:13:50,3.5859,0.5929,0.6085,0.0,simulated
2026-06-10T03:14:00,3.4916,0.6018,0.6041,0.0,simulated
2026-06-10T03:14:10,3.5167,0.5975,0.6014,0.0,simulated
2026-06-10T03:14:20,3.265,0.5748,0.5909,0.0,simulated
2026-06-10T03:14:30,3.4626,0.6014,0.589,0.0,simulated
2026-06-10T03:14:40,3.5575,0.6034,0.5908,0.0,simulated
2026-06-10T03:14:50,3.6636,0.5963,0.5957,0.0,simulated
2026-06-10T03:15:00,3.5391,0.5974,0.5955,0.0,simulated
2026-06-10T03:15:10,3.5774,0.6045,0.5966,0.0,simulated
2026-06-10T03:15:20,3.5542,0.5962,0.5967,0.0,simulated
2026-06-10T03:15:30,3.6724,0.6141,0.6007,0.0,simulated
2026-06-10T03:15:40,3.7942,0.6329,0.6081,0.0,simulated
2026-06-10T03:15:50,3.6578,0.6106,0.6094,0.0,simulated
2026-06-10T03:16:00,3.7679,0.6207,0.6141,0.0,simulated
2026-06-10T03:16:10,3.7701,0.6311,0.6179,0.0,simulated
2026-06-10T03:16:20,3.4883,0.6065,0.6116,0.0,simulated
2026-06-10T03:16:30,3.3981,0.5865,0.6034,0.0,simulated
2026-06-10T03:16:40,3.4998,0.6139,0.6003,0.0,simulated
2026-06-10T03:16:50,3.6886,0.5807,0.6042,0.0,simulated
2026-06-10T03:17:00,3.6417,0.6326,0.6057,0.0,simulated
2026-06-10T03:17:10,3.6052,0.6188,0.6057,0.0,simulated
2026-06-10T03:17:20,3.6011,0.6084,0.6056,0.0,simulated
2026-06-10T03:17:30,3.5396,0.6042,0.6034,0.0,simulated
2026-06-10T03:17:40,3.6161,0.6305,0.6042,0.0,simulated
2026-06-10T03:17:50,3.6575,0.5921,0.6063,0.0,simulated
2026-06-10T03:18:00,3.6111,0.5889,0.6063,0.0,simulated
2026-06-10T03:18:10,3.7533,0.6022,0.6112,0.0,simulated
2026-06-10T03:18:20,3.5899,0.6056,0.6096,0.0,simulated
2026-06-10T03:18:30,3.5795,0.5928,0.6079,0.0,simulated
2026-06-10T03:18:40,3.5018,0.6063,0.604,0.0,simulated
2026-06-10T03:18:50,3.4666,0.6017,0.5997,0.0,simulated
2026-06-10T03:19:00,3.5695,0.5875,0.5997,0.0,simulated
2026-06-10T03:19:10,3.4109,0.6184,0.5943,0.0,simulated
2026-06-10T03:19:20,3.4981,0.5721,0.593,0.0,simulated
2026-06-10T03:19:30,3.5573,0.5748,0.5939,0.0,simulated
2026-06-10T03:19:40,3.6579,0.6037,0.5981,0.0,simulated
2026-06-10T03:19:50,3.8505,0.6047,0.6078,0.0,simulated
2026-06-10T03:20:00,3.9376,0.6248,0.6186,0.0,simulated
2026-06-10T03:20:10,4.0344,0.6211,0.6304,0.0,simulated
2026-06-10T03:20:20,3.9701,0.6222,0.6377,0.0,simulated
2026-06-10T03:20:30,3.8029,0.6283,0.6379,0.0,simulated
2026-06-10T03:20:40,3.7441,0.6259,0.6362,0.0,simulated
2026-06-10T03:20:50,3.7614,0.6432,0.6353,0.0,simulated
2026-06-10T03:21:00,3.8846,0.6316,0.6388,0.0,simulated
2026-06-10T03:21:10,3.9293,0.6545,0.643,0.0,simulated
2026-06-10T03:21:20,4.0612,0.6597,0.6509,0.0,simulated
2026-06-10T03:21:30,3.7627,0.6627,0.6471,0.0,simulated
2026-06-10T03:21:40,3.7229,0.6563,0.6428,0.0,simulated
2026-06-10T03:21:50,3.6179,0.6476,0.6358,0.0,simulated
2026-06-10T03:22:00,3.6642,0.6433,0.6318,0.0,simulated
2026-06-10T03:22:10,3.6965,0.6219,0.6296,0.0,simulated
2026-06-10T03:22:20,3.6876,0.6237,0.6276,0.0,simulated
2026-06-10T03:22:30,3.8565,0.6042,0.6317,0.0,simulated
2026-06-10T03:22:40,3.8537,0.6392,0.6348,0.0,simulated
2026-06-10T03:22:50,3.6482,0.6203,0.6304,0.0,simulated
2026-06-10T03:23:00,3.8285,0.639,0.633,0.0,simulated
2026-06-10T03:23:10,3.9791,0.648,0.6401,0.0,simulated
2026-06-10T03:23:20,3.9962,0.6261,0.6463,0.0,simulated
2026-06-10T03:23:30,3.9637,0.635,0.6502,0.0,simulated
2026-06-10T03:23:40,4.0235,0.6501,0.6554,0.0,simulated
2026-06-10T03:23:50,4.0186,0.6516,0.6593,0.0,simulated
2026-06-10T03:24:00,3.8768,0.6602,0.6577,0.0,simulated
2026-06-10T03:24:10,4.3387,0.6546,0.672,0.0,simulated
2026-06-10T03:24:20,4.3765,0.6853,0.6846,0.0,simulated
2026-06-10T03:24:30,4.2349,0.6647,0.69,0.0,simulated
2026-06-10T03:24:40,4.2418,0.6622,0.6945,0.0,simulated
2026-06-10T03:24:50,4.457,0.7161,0.7054,0.0,simulated
2026-06-10T03:25:00,4.391,0.6923,0.7118,0.0,simulated
2026-06-10T03:25:10,4.1999,0.7022,0.7106,0.0,simulated
2026-06-10T03:25:20,4.2128,0.6888,0.71,0.0,simulated
2026-06-10T03:25:30,4.2841,0.6908,0.712,0.0,simulated
2026-06-10T03:25:40,4.2397,0.706,0.712,0.0,simulated
2026-06-10T03:25:50,4.3803,0.7106,0.7168,0.0,simulated
2026-06-10T03:26:00,4.3372,0.7339,0.7192,0.0,simulated
2026-06-10T03:26:10,4.4159,0.7304,0.7237,0.0,simulated
2026-06-10T03:26:20,4.3711,0.7219,0.7258,0.0,simulated
2026-06-10T03:26:30,4.302,0.7366,0.7252,0.0,simulated
2026-06-10T03:26:40,4.6281,0.7524,0.7357,0.0,simulated
2026-06-10T03:26:50,4.4057,0.7427,0.7366,0.0,simulated
2026-06-10T03:27:00,4.4485,0.7326,0.7387,0.0,simulated
2026-06-10T03:27:10,4.3555,0.7526,0.7373,0.0,simulated
2026-06-10T03:27:20,4.3512,0.7626,0.7361,0.0,simulated
2026-06-10T03:27:30,4.1464,0.7381,0.7282,0.0,simulated
2026-06-10T03:27:40,4.1239,0.7477,0.7211,0.0,simulated
2026-06-10T03:27:50,4.2461,0.7334,0.7195,0.0,simulated
2026-06-10T03:28:00,4.2741,0.732,0.7192,0.0,simulated
2026-06-10T03:28:10,4.2226,0.7009,0.7173,0.0,simulated
2026-06-10T03:28:20,4.322,0.7023,0.719,0.0,simulated
2026-06-10T03:28:30,4.2592,0.7176,0.7183,0.0,simulated
2026-06-10T03:28:40,4.4618,0.6995,0.7246,0.0,simulated
2026-06-10T03:28:50,4.4421,0.72,0.7289,0.0,simulated
2026-06-10T03:29:00,4.2416,0.7387,0.7257,0.0,simulated
2026-06-10T03:29:10,4.2771,0.7143,0.7242,0.0,simulated
2026-06-10T03:29:20,4.1777,0.7278,0.7198,0.0,simulated
2026-06-10T03:29:30,4.15,0.695,0.7152,0.0,simulated
2026-06-10T03:29:40,4.1152,0.7031,0.7105,0.0,simulated
2026-06-10T03:29:50,4.3426,0.7296,0.7143,0.0,simulated
2026-06-10T03:30:00,4.1936,0.7155,0.7123,0.0,simulated
2026-06-10T03:30:10,4.1258,0.7128,0.7085,0.0,simulated
2026-06-10T03:30:20,4.1741,0.7326,0.707,0.0,simulated
2026-06-10T03:30:30,4.1826,0.7256,0.7062,0.0,simulated
2026-06-10T03:30:40,4.3488,0.6979,0.7111,0.0,simulated
2026-06-10T03:30:50,4.505,0.74,0.7202,0.0,simulated
2026-06-10T03:31:00,4.6183,0.7221,0.7313,0.0,simulated
2026-06-10T03:31:10,4.7698,0.7451,0.7453,0.0,simulated
2026-06-10T03:31:20,4.8885,0.7608,0.7605,0.0,simulated
2026-06-10T03:31:30,5.0883,0.7955,0.7794,0.0,simulated
2026-06-10T03:31:40,5.0336,0.7757,0.7926,0.0,simulated
2026-06-10T03:31:50,5.1024,0.8123,0.8056,0.0,simulated
2026-06-10T03:32:00,4.9624,0.819,0.8112,0.0,simulated
2026-06-10T03:32:10,4.979,0.8284,0.8162,0.0,simulated
2026-06-10T03:32:20,4.821,0.8118,0.815,0.0,simulated
2026-06-10T03:32:30,4.4605,0.8169,0.8019,0.0,simulated
2026-06-10T03:32:40,4.4656,0.7809,0.7915,0.0,simulated
2026-06-10T03:32:50,4.6289,0.806,0.7888,0.0,simulated
2026-06-10T03:33:00,4.7498,0.7959,0.7906,0.0,simulated
2026-06-10T03:33:10,4.3726,0.7584,0.7794,0.0,simulated
2026-06-10T03:33:20,4.4649,0.7797,0.7735,0.0,simulated
2026-06-10T03:33:30,4.4945,0.7725,0.7698,0.0,simulated
2026-06-10T03:33:40,4.3698,0.7574,0.7627,0.0,simulated
2026-06-10T03:33:50,4.5891,0.7533,0.7644,0.0,simulated
2026-06-10T03:34:00,4.561,0.7611,0.7647,0.0,simulated
2026-06-10T03:34:10,4.4661,0.7402,0.7618,0.0,simulated
2026-06-10T03:34:20,4.4268,0.7836,0.7582,0.0,simulated
2026-06-10T03:34:30,4.4024,0.7376,0.7545,0.0,simulated
2026-06-10T03:34:40,4.3519,0.7399,0.7498,0.0,simulated
2026-06-10T03:34:50,4.1612,0.7568,0.7397,0.0,simulated
2026-06-10T03:35:00,4.0569,0.7368,0.728,0.0,simulated
2026-06-10T03:35:10,3.8256,0.7218,0.711,0.0,simulated
2026-06-10T03:35:20,3.8369,0.7205,0.6977,0.0,simulated
2026-06-10T03:35:30,3.6783,0.6771,0.6818,0.0,simulated
2026-06-10T03:35:40,3.6673,0.6529,0.6686,0.0,simulated
2026-06-10T03:35:50,3.747,0.6735,0.6608,0.0,simulated
2026-06-10T03:36:00,3.5999,0.6615,0.6496,0.0,simulated
2026-06-10T03:36:10,3.5641,0.6345,0.6394,0.0,simulated
2026-06-10T03:36:20,3.4973,0.6101,0.6291,0.0,simulated
2026-06-10T03:36:30,3.2966,0.6326,0.614,0.0,simulated
2026-06-10T03:36:40,3.1835,0.6068,0.5982,0.0,simulated
2026-06-10T03:36:50,3.2077,0.5657,0.5863,0.0,simulated
2026-06-10T03:37:00,3.4988,0.5983,0.5866,0.0,simulated
2026-06-10T03:37:10,3.6137,0.5691,0.5907,0.0,simulated
2026-06-10T03:37:20,3.7447,0.5912,0.5984,0.0,simulated
2026-06-10T03:37:30,3.8532,0.5913,0.6082,0.0,simulated
2026-06-10T03:37:40,4.2249,0.6189,0.6285,0.0,simulated
2026-06-10T03:37:50,4.1623,0.6302,0.6427,0.0,simulated
2026-06-10T03:38:00,4.2581,0.648,0.6572,0.0,simulated
2026-06-10T03:38:10,4.1208,0.6751,0.6642,0.0,simulated
2026-06-10T03:38:20,4.1396,0.6749,0.6705,0.0,simulated
2026-06-10T03:38:30,3.8229,0.6743,0.6648,0.0,simulated
2026-06-10T03:38:40,3.9206,0.68,0.6636,0.0,simulated
2026-06-10T03:38:50,3.9647,0.6585,0.6641,0.0,simulated
2026-06-10T03:39:00,4.0028,0.667,0.6658,0.0,simulated
2026-06-10T03:39:10,3.8586,0.6703,0.6623,0.0,simulated
2026-06-10T03:39:20,3.698,0.6797,0.6541,0.0,simulated
2026-06-10T03:39:30,3.8116,0.6648,0.6513,0.0,simulated
2026-06-10T03:39:40,3.7459,0.6676,0.6469,0.0,simulated
2026-06-10T03:39:50,3.6915,0.6569,0.6416,0.0,simulated
2026-06-10T03:40:00,3.7727,0.6559,0.64,0.0,simulated
2026-06-10T03:40:10,4.0014,0.6197,0.6465,0.0,simulated
2026-06-10T03:40:20,3.8438,0.6595,0.6463,0.0,simulated
2026-06-10T03:40:30,3.6744,0.6437,0.6405,0.0,simulated
2026-06-10T03:40:40,3.6266,0.6351,0.6343,0.0,simulated
2026-06-10T03:40:50,3.4534,0.6155,0.6235,0.0,simulated
2026-06-10T03:41:00,3.5951,0.6132,0.6196,0.0,simulated
2026-06-10T03:41:10,3.6842,0.6257,0.6194,0.0,simulated
2026-06-10T03:41:20,3.6251,0.63,0.6174,0.0,simulated
2026-06-10T03:41:30,3.8354,0.6003,0.6228,0.0,simulated
2026-06-10T03:41:40,3.7928,0.6289,0.6256,0.0,simulated
2026-06-10T03:41:50,3.6156,0.6136,0.622,0.0,simulated
2026-06-10T03:42:00,3.4186,0.5982,0.6125,0.0,simulated
2026-06-10T03:42:10,3.4162,0.6106,0.6048,0.0,simulated
2026-06-10T03:42:20,3.5976,0.5997,0.6047,0.0,simulated
2026-06-10T03:42:30,3.7736,0.6007,0.6105,0.0,simulated
2026-06-10T03:42:40,3.789,0.6042,0.6157,0.0,simulated
2026-06-10T03:42:50,3.7693,0.6235,0.6192,0.0,simulated
2026-06-10T03:43:00,3.9625,0.6284,0.6285,0.0,simulated
2026-06-10T03:43:10,4.0415,0.6222,0.6386,0.0,simulated
2026-06-10T03:43:20,3.9259,0.6302,0.6428,0.0,simulated
2026-06-10T03:43:30,3.9624,0.6446,0.6474,0.0,simulated
2026-06-10T03:43:40,3.8997,0.655,0.6489,0.0,simulated
2026-06-10T03:43:50,3.9756,0.637,0.6527,0.0,simulated
2026-06-10T03:44:00,3.9615,0.6626,0.6553,0.0,simulated
2026-06-10T03:44:10,3.8747,0.6421,0.6544,0.0,simulated
2026-06-10T03:44:20,3.9419,0.6969,0.656,0.0,simulated
2026-06-10T03:44:30,3.8738,0.6408,0.6549,0.0,simulated
2026-06-10T03:44:40,4.05,0.6482,0.66,0.0,simulated
2026-06-10T03:44:50,4.2815,0.6748,0.6719,0.0,simulated
2026-06-10T03:45:00,4.4435,0.6733,0.6868,0.0,simulated
2026-06-10T03:45:10,4.3156,0.7069,0.6945,0.0,simulated
2026-06-10T03:45:20,4.1273,0.7213,0.6942,0.0,simulated
2026-06-10T03:45:30,4.2212,0.6914,0.6972,0.0,simulated
2026-06-10T03:45:40,4.1072,0.6984,0.6958,0.0,simulated
2026-06-10T03:45:50,4.2076,0.6902,0.698,0.0,simulated
2026-06-10T03:46:00,4.3154,0.7034,0.7034,0.0,simulated
2026-06-10T03:46:10,3.9671,0.7175,0.696,0.0,simulated
2026-06-10T03:46:20,3.8694,0.7002,0.6868,0.0,simulated
2026-06-10T03:46:30,3.898,0.6669,0.6804,0.0,simulated
2026-06-10T03:46:40,3.8882,0.6982,0.675,0.0,simulated
2026-06-10T03:46:50,3.8886,0.6881,0.6706,0.0,simulated
2026-06-10T03:47:00,3.8362,0.6727,0.6654,0.0,simulated
2026-06-10T03:47:10,4.009,0.6571,0.667,0.0,simulated
2026-06-10T03:47:20,3.7936,0.6621,0.6611,0.0,simulated
2026-06-10T03:47:30,3.8129,0.6451,0.657,0.0,simulated
2026-06-10T03:47:40,3.8284,0.6612,0.6542,0.0,simulated
2026-06-10T03:47:50,3.6583,0.6416,0.6463,0.0,simulated
2026-06-10T03:48:00,3.5392,0.6024,0.636,0.0,simulated
2026-06-10T03:48:10,3.7588,0.649,0.6351,0.0,simulated
2026-06-10T03:48:20,3.9538,0.6438,0.6409,0.0,simulated
2026-06-10T03:48:30,3.9578,0.6619,0.6457,0.0,simulated
2026-06-10T03:48:40,4.0819,0.6517,0.6537,0.0,simulated
2026-06-10T03:48:50,4.1711,0.6659,0.6631,0.0,simulated
2026-06-10T03:49:00,4.5584,0.7004,0.6837,0.0,simulated
2026-06-10T03:49:10,4.6868,0.7102,0.7044,0.0,simulated
2026-06-10T03:49:20,4.8872,0.7321,0.7277,0.0,simulated
2026-06-10T03:49:30,4.7163,0.7889,0.7407,0.0,simulated
2026-06-10T03:49:40,4.4447,0.7393,0.7419,0.0,simulated
2026-06-10T03:49:50,4.6658,0.7528,0.7503,0.0,simulated
2026-06-10T03:50:00,4.7872,0.7871,0.7611,0.0,simulated
2026-06-10T03:50:10,4.92,0.7621,0.7742,0.0,simulated
2026-06-10T03:50:20,4.5779,0.7575,0.7731,0.0,simulated
2026-06-10T03:50:30,4.6772,0.7542,0.7757,0.0,simulated
2026-06-10T03:50:40,4.5541,0.7816,0.7736,0.0,simulated
2026-06-10T03:50:50,4.7325,0.7872,0.7779,0.0,simulated
2026-06-10T03:51:00,4.6546,0.7898,0.7787,0.0,simulated
2026-06-10T03:51:10,4.7125,0.761,0.7813,0.0,simulated
2026-06-10T03:51:20,4.7078,0.7983,0.7832,0.0,simulated
2026-06-10T03:51:30,4.5097,0.7961,0.7781,0.0,simulated
2026-06-10T03:51:40,4.3594,0.7675,0.7689,0.0,simulated
2026-06-10T03:51:50,4.3684,0.7624,0.7619,0.0,simulated
2026-06-10T03:52:00,4.3782,0.7668,0.7567,0.0,simulated
2026-06-10T03:52:10,4.4629,0.7608,0.7553,0.0,simulated
2026-06-10T03:52:20,4.5441,0.7665,0.7569,0.0,simulated
2026-06-10T03:52:30,4.676,0.7463,0.7626,0.0,simulated
2026-06-10T03:52:40,4.8723,0.7712,0.7738,0.0,simulated
2026-06-10T03:52:50,4.8882,0.7651,0.7833,0.0,simulated
2026-06-10T03:53:00,4.8451,0.7989,0.7894,0.0,simulated
2026-06-10T03:53:10,4.9201,0.8048,0.7969,0.0,simulated
2026-06-10T03:53:20,4.8497,0.799,0.8004,0.0,simulated
2026-06-10T03:53:30,5.1886,0.8191,0.8147,0.0,simulated
2026-06-10T03:53:40,4.9309,0.7941,0.8174,0.0,simulated
2026-06-10T03:53:50,4.9458,0.833,0.8201,0.0,simulated
2026-06-10T03:54:00,4.9213,0.8144,0.8215,0.0,simulated
2026-06-10T03:54:10,4.8105,0.8207,0.8188,0.0,simulated
2026-06-10T03:54:20,4.8358,0.8343,0.8175,0.0,simulated
2026-06-10T03:54:30,4.7868,0.8035,0.8149,0.0,simulated
2026-06-10T03:54:40,4.6246,0.8252,0.8073,0.0,simulated
2026-06-10T03:54:50,4.462,0.7976,0.7957,0.0,simulated
2026-06-10T03:55:00,4.449,0.7865,0.7861,0.0,simulated
2026-06-10T03:55:10,4.4023,0.7851,0.7768,0.0,simulated
2026-06-10T03:55:20,4.3207,0.7479,0.7666,0.0,simulated
2026-06-10T03:55:30,4.3275,0.7676,0.7587,0.0,simulated
2026-06-10T03:55:40,4.293,0.7521,0.7512,0.0,simulated
2026-06-10T03:55:50,4.3105,0.7613,0.7458,0.0,simulated
2026-06-10T03:56:00,4.0874,0.7307,0.734,0.0,simulated
2026-06-10T03:56:10,3.9791,0.7154,0.7209,0.0,simulated
2026-06-10T03:56:20,3.9488,0.7149,0.7094,0.0,simulated
2026-06-10T03:56:30,3.8811,0.697,0.6979,0.0,simulated
2026-06-10T03:56:40,3.8387,0.6697,0.6873,0.0,simulated
2026-06-10T03:56:50,4.1014,0.6847,0.6876,0.0,simulated
2026-06-10T03:57:00,4.0991,0.7069,0.6878,0.0,simulated
2026-06-10T03:57:10,4.1986,0.69,0.6914,0.0,simulated
2026-06-10T03:57:20,4.2826,0.6839,0.697,0.0,simulated
2026-06-10T03:57:30,4.3063,0.713,0.7023,0.0,simulated
2026-06-10T03:57:40,4.4053,0.682,0.7098,0.0,simulated
2026-06-10T03:57:50,4.2838,0.68,0.7118,0.0,simulated
2026-06-10T03:58:00,4.3745,0.7164,0.7164,0.0,simulated
2026-06-10T03:58:10,3.9936,0.71,0.7073,0.0,simulated
2026-06-10T03:58:20,3.8556,0.6987,0.6954,0.0,simulated
2026-06-10T03:58:30,3.8231,0.6714,0.6848,0.0,simulated
2026-06-10T03:58:40,3.7718,0.6723,0.6746,0.0,simulated
2026-06-10T03:58:50,3.834,0.6475,0.6685,0.0,simulated
2026-06-10T03:59:00,4.0144,0.673,0.6697,0.0,simulated
2026-06-10T03:59:10,3.8815,0.6419,0.6661,0.0,simulated
2026-06-10T03:59:20,3.6778,0.6543,0.6565,0.0,simulated
2026-06-10T03:59:30,3.6547,0.6519,0.648,0.0,simulated
2026-06-10T03:59:40,3.8197,0.6204,0.6467,0.0,simulated
2026-06-10T03:59:50,3.9363,0.6418,0.6497,0.0,simulated
2026-06-10T04:00:00,3.9763,0.6651,0.6533,0.0,simulated
2026-06-10T04:00:10,3.9564,0.6788,0.6556,0.0,simulated
2026-06-10T04:00:20,4.0859,0.6392,0.6618,0.0,simulated
2026-06-10T04:00:30,3.8981,0.6655,0.6604,0.0,simulated
2026-06-10T04:00:40,3.947,0.6424,0.6609,0.0,simulated
2026-06-10T04:00:50,3.8854,0.6391,0.6593,0.0,simulated
2026-06-10T04:01:00,3.8016,0.6791,0.6552,0.0,simulated
2026-06-10T04:01:10,3.5495,0.6534,0.6434,0.0,simulated
2026-06-10T04:01:20,3.7243,0.6278,0.6399,0.0,simulated
2026-06-10T04:01:30,3.686,0.639,0.6357,0.0,simulated
2026-06-10T04:01:40,3.9592,0.6512,0.6416,0.0,simulated
2026-06-10T04:01:50,3.9418,0.6485,0.6457,0.0,simulated
2026-06-10T04:02:00,3.8905,0.681,0.6473,0.0,simulated
2026-06-10T04:02:10,3.8992,0.658,0.6489,0.0,simulated
2026-06-10T04:02:20,3.8997,0.6052,0.6501,0.0,simulated
2026-06-10T04:02:30,3.9039,0.6469,0.6513,0.0,simulated
2026-06-10T04:02:40,4.0443,0.6459,0.6569,0.0,simulated
2026-06-10T04:02:50,4.1872,0.6632,0.6662,0.0,simulated
2026-06-10T04:03:00,4.1661,0.6732,0.673,0.0,simulated
2026-06-10T04:03:10,4.1814,0.6691,0.6789,0.0,simulated
2026-06-10T04:03:20,4.2092,0.6682,0.6845,0.0,simulated
2026-06-10T04:03:30,3.9596,0.7011,0.6807,0.0,simulated
2026-06-10T04:03:40,3.7526,0.6796,0.6706,0.0,simulated
2026-06-10T04:03:50,3.9777,0.6601,0.6701,0.0,simulated
2026-06-10T04:04:00,3.9572,0.6793,0.6691,0.0,simulated
2026-06-10T04:04:10,4.0235,0.6806,0.6704,0.0,simulated
2026-06-10T04:04:20,4.105,0.6933,0.6743,0.0,simulated
2026-06-10T04:04:30,3.7927,0.651,0.6669,0.0,simulated
2026-06-10T04:04:40,3.9916,0.6793,0.6676,0.0,simulated
2026-06-10T04:04:50,3.9545,0.6578,0.667,0.0,simulated
2026-06-10T04:05:00,3.9847,0.6848,0.6674,0.0,simulated
2026-06-10T04:05:10,4.1498,0.6705,0.6734,0.0,simulated
2026-06-10T04:05:20,4.1177,0.643,0.6771,0.0,simulated
2026-06-10T04:05:30,4.0514,0.6783,0.6778,0.0,simulated
2026-06-10T04:05:40,4.167,0.6555,0.6822,0.0,simulated
2026-06-10T04:05:50,4.1192,0.6809,0.6842,0.0,simulated
2026-06-10T04:06:00,4.2795,0.6903,0.6911,0.0,simulated
2026-06-10T04:06:10,4.2998,0.6914,0.6974,0.0,simulated
2026-06-10T04:06:20,4.3142,0.6806,0.7029,0.0,simulated
2026-06-10T04:06:30,4.4572,0.6953,0.7121,0.0,simulated
2026-06-10T04:06:40,4.4316,0.7059,0.7185,0.0,simulated
2026-06-10T04:06:50,4.3179,0.7162,0.7199,0.0,simulated
2026-06-10T04:07:00,4.3425,0.7412,0.7218,0.0,simulated
2026-06-10T04:07:10,4.2898,0.7322,0.7216,0.0,simulated
2026-06-10T04:07:20,4.3783,0.7173,0.7244,0.0,simulated
2026-06-10T04:07:30,4.2705,0.7421,0.723,0.0,simulated
2026-06-10T04:07:40,4.3446,0.7039,0.7244,0.0,simulated
2026-06-10T04:07:50,4.3672,0.7365,0.7262,0.0,simulated
2026-06-10T04:08:00,4.2809,0.7222,0.7248,0.0,simulated
2026-06-10T04:08:10,3.9392,0.7158,0.7122,0.0,simulated
2026-06-10T04:08:20,3.8286,0.708,0.6984,0.0,simulated
2026-06-10T04:08:30,3.9457,0.6811,0.6913,0.0,simulated
2026-06-10T04:08:40,4.0675,0.7017,0.6897,0.0,simulated
2026-06-10T04:08:50,3.9274,0.6836,0.6837,0.0,simulated
2026-06-10T04:09:00,4.1472,0.7225,0.6863,0.0,simulated
2026-06-10T04:09:10,4.2478,0.6872,0.6918,0.0,simulated
2026-06-10T04:09:20,4.2823,0.7164,0.6973,0.0,simulated
2026-06-10T04:09:30,4.2535,0.7105,0.7008,0.0,simulated
2026-06-10T04:09:40,4.2231,0.6849,0.7025,0.0,simulated
2026-06-10T04:09:50,4.0556,0.7187,0.6983,0.0,simulated
2026-06-10T04:10:00,3.9096,0.6741,0.69,0.0,simulated
2026-06-10T04:10:10,3.8181,0.6468,0.6803,0.0,simulated
2026-06-10T04:10:20,3.8974,0.688,0.6752,0.0,simulated
2026-06-10T04:10:30,3.876,0.6864,0.6704,0.0,simulated
2026-06-10T04:10:40,3.9504,0.6698,0.669,0.0,simulated
2026-06-10T04:10:50,4.0033,0.6658,0.6697,0.0,simulated
2026-06-10T04:11:00,3.9678,0.6929,0.6691,0.0,simulated
2026-06-10T04:11:10,3.7702,0.6726,0.662,0.0,simulated
2026-06-10T04:11:20,3.7848,0.6469,0.6567,0.0,simulated
2026-06-10T04:11:30,3.8353,0.6652,0.6543,0.0,simulated
2026-06-10T04:11:40,3.9109,0.6362,0.6548,0.0,simulated
2026-06-10T04:11:50,4.0126,0.6503,0.6587,0.0,simulated
2026-06-10T04:12:00,3.9231,0.643,0.6588,0.0,simulated
2026-06-10T04:12:10,3.7829,0.6211,0.6541,0.0,simulated
2026-06-10T04:12:20,3.8433,0.6348,0.6524,0.0,simulated
2026-06-10T04:12:30,3.9424,0.6727,0.6544,0.0,simulated
2026-06-10T04:12:40,3.9001,0.6381,0.6546,0.0,simulated
2026-06-10T04:12:50,4.0226,0.6506,0.6588,0.0,simulated
2026-06-10T04:13:00,4.1532,0.6492,0.6666,0.0,simulated
2026-06-10T04:13:10,4.2304,0.6884,0.6754,0.0,simulated
2026-06-10T04:13:20,4.1263,0.679,0.679,0.0,simulated
2026-06-10T04:13:30,4.2193,0.6923,0.685,0.0,simulated
2026-06-10T04:13:40,4.2231,0.6883,0.6899,0.0,simulated
2026-06-10T04:13:50,4.3097,0.6791,0.6967,0.0,simulated
2026-06-10T04:14:00,4.2679,0.6861,0.7008,0.0,simulated
2026-06-10T04:14:10,4.2086,0.7146,0.702,0.0,simulated
2026-06-10T04:14:20,4.3622,0.7073,0.7082,0.0,simulated
2026-06-10T04:14:30,4.3136,0.7231,0.7115,0.0,simulated
2026-06-10T04:14:40,4.3521,0.668,0.7154,0.0,simulated
2026-06-10T04:14:50,4.2162,0.7306,0.714,0.0,simulated
2026-06-10T04:15:00,3.9503,0.6965,0.7039,0.0,simulated
2026-06-10T04:15:10,3.9935,0.7299,0.6973,0.0,simulated
2026-06-10T04:15:20,4.1559,0.6898,0.6975,0.0,simulated
2026-06-10T04:15:30,4.0346,0.694,0.6936,0.0,simulated
2026-06-10T04:15:40,4.0915,0.7022,0.6923,0.0,simulated
2026-06-10T04:15:50,3.9082,0.672,0.6852,0.0,simulated
2026-06-10T04:16:00,3.9163,0.6928,0.6797,0.0,simulated
2026-06-10T04:16:10,3.8436,0.6632,0.6729,0.0,simulated
2026-06-10T04:16:20,3.8747,0.6879,0.6685,0.0,simulated
2026-06-10T04:16:30,3.8204,0.6751,0.6632,0.0,simulated
2026-06-10T04:16:40,3.4347,0.6534,0.646,0.0,simulated
2026-06-10T04:16:50,3.6326,0.628,0.6388,0.0,simulated
2026-06-10T04:17:00,3.6374,0.6301,0.6333,0.0,simulated
2026-06-10T04:17:10,3.93,0.6432,0.6387,0.0,simulated
2026-06-10T04:17:20,3.8375,0.6094,0.6399,0.0,simulated
2026-06-10T04:17:30,3.927,0.6356,0.6438,0.0,simulated
2026-06-10T04:17:40,3.6852,0.653,0.6389,0.0,simulated
2026-06-10T04:17:50,3.767,0.6187,0.6377,0.0,simulated
2026-06-10T04:18:00,3.6496,0.652,0.6328,0.0,simulated
2026-06-10T04:18:10,3.6487,0.6194,0.6288,0.0,simulated
2026-06-10T04:18:20,3.4869,0.6251,0.6202,0.0,simulated
2026-06-10T04:18:30,3.402,0.5933,0.6105,0.0,simulated
2026-06-10T04:18:40,3.3786,0.6092,0.6019,0.0,simulated
2026-06-10T04:18:50,3.3876,0.6023,0.5953,0.0,simulated
2026-06-10T04:19:00,3.3467,0.6058,0.5887,0.0,simulated
2026-06-10T04:19:10,3.4862,0.6084,0.5881,0.0,simulated
2026-06-10T04:19:20,3.4851,0.6064,0.5876,0.0,simulated
2026-06-10T04:19:30,3.489,0.5904,0.5873,0.0,simulated
2026-06-10T04:19:40,3.3654,0.5645,0.5829,0.0,simulated
2026-06-10T04:19:50,3.2758,0.5963,0.5764,0.0,simulated
2026-06-10T04:20:00,3.2669,0.5513,0.5709,0.0,simulated
2026-06-10T04:20:10,3.3838,0.5638,0.5704,0.0,simulated
2026-06-10T04:20:20,3.4348,0.5828,0.5717,0.0,simulated
2026-06-10T04:20:30,3.4478,0.5799,0.5732,0.0,simulated
2026-06-10T04:20:40,3.4479,0.5983,0.5744,0.0,simulated
2026-06-10T04:20:50,3.6182,0.5811,0.5811,0.0,simulated
2026-06-10T04:21:00,3.683,0.5633,0.5886,0.0,simulated
2026-06-10T04:21:10,3.6495,0.5894,0.5935,0.0,simulated
2026-06-10T04:21:20,3.7125,0.6022,0.5996,0.0,simulated
2026-06-10T04:21:30,3.6389,0.5967,0.6019,0.0,simulated
2026-06-10T04:21:40,3.6897,0.6267,0.6055,0.0,simulated
2026-06-10T04:21:50,3.7849,0.6079,0.6116,0.0,simulated
2026-06-10T04:22:00,3.8106,0.5958,0.6173,0.0,simulated
2026-06-10T04:22:10,3.5693,0.6208,0.6138,0.0,simulated
2026-06-10T04:22:20,3.6493,0.5964,0.6136,0.0,simulated
2026-06-10T04:22:30,3.7576,0.6427,0.6172,0.0,simulated
2026-06-10T04:22:40,3.9225,0.6296,0.6255,0.0,simulated
2026-06-10T04:22:50,3.7196,0.6043,0.6254,0.0,simulated
2026-06-10T04:23:00,3.8521,0.6459,0.6297,0.0,simulated
2026-06-10T04:23:10,3.6531,0.6621,0.6265,0.0,simulated
2026-06-10T04:23:20,3.8403,0.6002,0.6303,0.0,simulated
2026-06-10T04:23:30,3.7521,0.6438,0.6303,0.0,simulated
2026-06-10T04:23:40,3.587,0.632,0.6248,0.0,simulated
2026-06-10T04:23:50,3.602,0.6235,0.6208,0.0,simulated
2026-06-10T04:24:00,3.5051,0.6196,0.6144,0.0,simulated
2026-06-10T04:24:10,3.6504,0.6216,0.6142,0.0,simulated
2026-06-10T04:24:20,3.5688,0.6009,0.6113,0.0,simulated
2026-06-10T04:24:30,3.5301,0.6288,0.6076,0.0,simulated
2026-06-10T04:24:40,3.5524,0.5852,0.6055,0.0,simulated
2026-06-10T04:24:50,3.3837,0.6274,0.5981,0.0,simulated
2026-06-10T04:25:00,3.4993,0.6189,0.596,0.0,simulated
2026-06-10T04:25:10,3.6635,0.5821,0.5999,0.0,simulated
2026-06-10T04:25:20,3.5672,0.5997,0.5998,0.0,simulated
2026-06-10T04:25:30,3.4385,0.6167,0.5954,0.0,simulated
2026-06-10T04:25:40,3.6825,0.5927,0.6,0.0,simulated
2026-06-10T04:25:50,3.7257,0.6028,0.6052,0.0,simulated
2026-06-10T04:26:00,3.8927,0.6089,0.615,0.0,simulated
2026-06-10T04:26:10,3.8028,0.6373,0.6197,0.0,simulated
2026-06-10T04:26:20,3.8093,0.6147,0.6238,0.0,simulated
2026-06-10T04:26:30,4.0449,0.6348,0.6349,0.0,simulated
2026-06-10T04:26:40,3.9607,0.6491,0.641,0.0,simulated
2026-06-10T04:26:50,3.8601,0.6394,0.6425,0.0,simulated
2026-06-10T04:27:00,3.8654,0.6309,0.6439,0.0,simulated
2026-06-10T04:27:10,4.0122,0.6298,0.6499,0.0,simulated
2026-06-10T04:27:20,3.9653,0.6304,0.6532,0.0,simulated
2026-06-10T04:27:30,4.002,0.6393,0.657,0.0,simulated
2026-06-10T04:27:40,4.0688,0.6365,0.6623,0.0,simulated
2026-06-10T04:27:50,3.9645,0.6522,0.6631,0.0,simulated
2026-06-10T04:28:00,3.9484,0.6676,0.6631,0.0,simulated
2026-06-10T04:28:10,4.008,0.666,0.6652,0.0,simulated
2026-06-10T04:28:20,3.8499,0.6491,0.6615,0.0,simulated
2026-06-10T04:28:30,3.6653,0.6371,0.6523,0.0,simulated
2026-06-10T04:28:40,3.7642,0.6334,0.6484,0.0,simulated
2026-06-10T04:28:50,3.7101,0.6225,0.6433,0.0,simulated
2026-06-10T04:29:00,3.9073,0.6274,0.646,0.0,simulated
2026-06-10T04:29:10,3.7786,0.6544,0.6437,0.0,simulated
2026-06-10T04:29:20,3.689,0.6179,0.6389,0.0,simulated
2026-06-10T04:29:30,3.5447,0.6305,0.6302,0.0,simulated
2026-06-10T04:29:40,3.6643,0.618,0.6273,0.0,simulated
2026-06-10T04:29:50,3.6796,0.6619,0.6255,0.0,simulated
2026-06-10T04:30:00,3.887,0.604,0.631,0.0,simulated
2026-06-10T04:30:10,3.9358,0.6399,0.637,0.0,simulated
2026-06-10T04:30:20,3.926,0.6365,0.6415,0.0,simulated
2026-06-10T04:30:30,3.842,0.6308,0.6423,0.0,simulated
2026-06-10T04:30:40,4.0052,0.6532,0.6484,0.0,simulated
2026-06-10T04:30:50,3.9016,0.6522,0.6498,0.0,simulated
2026-06-10T04:31:00,4.0443,0.6397,0.6558,0.0,simulated
2026-06-10T04:31:10,3.8268,0.6596,0.6532,0.0,simulated
2026-06-10T04:31:20,3.9026,0.6595,0.6537,0.0,simulated
2026-06-10T04:31:30,3.9771,0.6762,0.6566,0.0,simulated
2026-06-10T04:31:40,4.0552,0.6524,0.6615,0.0,simulated
2026-06-10T04:31:50,4.2247,0.6932,0.6712,0.0,simulated
2026-06-10T04:32:00,4.0866,0.6713,0.6742,0.0,simulated
2026-06-10T04:32:10,4.2452,0.6524,0.682,0.0,simulated
2026-06-10T04:32:20,4.1854,0.6941,0.6863,0.0,simulated
2026-06-10T04:32:30,4.2609,0.6909,0.6922,0.0,simulated
2026-06-10T04:32:40,4.0013,0.6749,0.6882,0.0,simulated
2026-06-10T04:32:50,4.0474,0.7005,0.6865,0.0,simulated
2026-06-10T04:33:00,4.2815,0.686,0.6931,0.0,simulated
2026-06-10T04:33:10,4.381,0.7169,0.7017,0.0,simulated
2026-06-10T04:33:20,4.2845,0.7041,0.7053,0.0,simulated
2026-06-10T04:33:30,4.3415,0.7214,0.7101,0.0,simulated
2026-06-10T04:33:40,4.3787,0.7254,0.7152,0.0,simulated
2026-06-10T04:33:50,4.4233,0.7279,0.7208,0.0,simulated
2026-06-10T04:34:00,4.5173,0.7129,0.7284,0.0,simulated
2026-06-10T04:34:10,4.4149,0.7449,0.7311,0.0,simulated
2026-06-10T04:34:20,4.4202,0.7337,0.7334,0.0,simulated
2026-06-10T04:34:30,4.2571,0.7598,0.7297,0.0,simulated
2026-06-10T04:34:40,4.2362,0.7333,0.7261,0.0,simulated
2026-06-10T04:34:50,4.2153,0.7338,0.7225,0.0,simulated
2026-06-10T04:35:00,4.3085,0.7113,0.7228,0.0,simulated
2026-06-10T04:35:10,4.4785,0.7226,0.7287,0.0,simulated
2026-06-10T04:35:20,4.6014,0.739,0.7376,0.0,simulated
2026-06-10T04:35:30,4.662,0.7291,0.7467,0.0,simulated
2026-06-10T04:35:40,4.7489,0.7394,0.7569,0.0,simulated
2026-06-10T04:35:50,4.6849,0.7613,0.763,0.0,simulated
2026-06-10T04:36:00,4.6359,0.765,0.7661,0.0,simulated
2026-06-10T04:36:10,4.6192,0.7711,0.7681,0.0,simulated
2026-06-10T04:36:20,4.6568,0.7877,0.771,0.0,simulated
2026-06-10T04:36:30,4.7989,0.772,0.778,0.0,simulated
2026-06-10T04:36:40,4.719,0.7912,0.781,0.0,simulated
2026-06-10T04:36:50,4.5754,0.7763,0.7785,0.0,simulated
2026-06-10T04:37:00,4.4824,0.7705,0.7734,0.0,simulated
2026-06-10T04:37:10,4.4184,0.771,0.7672,0.0,simulated
2026-06-10T04:37:20,4.3463,0.7288,0.7598,0.0,simulated
2026-06-10T04:37:30,4.524,0.7608,0.7598,0.0,simulated
2026-06-10T04:37:40,4.8109,0.7599,0.7695,0.0,simulated
2026-06-10T04:37:50,4.5046,0.753,0.767,0.0,simulated
2026-06-10T04:38:00,4.4282,0.7341,0.7624,0.0,simulated
2026-06-10T04:38:10,4.4692,0.7534,0.7601,0.0,simulated
2026-06-10T04:38:20,4.3718,0.7268,0.7549,0.0,simulated
2026-06-10T04:38:30,4.4046,0.765,0.7519,0.0,simulated
2026-06-10T04:38:40,4.3677,0.7447,0.7483,0.0,simulated
2026-06-10T04:38:50,4.1833,0.714,0.7392,0.0,simulated
2026-06-10T04:39:00,4.1539,0.7208,0.7309,0.0,simulated
2026-06-10T04:39:10,4.1183,0.7344,0.7231,0.0,simulated
2026-06-10T04:39:20,4.0738,0.7065,0.7154,0.0,simulated
2026-06-10T04:39:30,4.0616,0.7046,0.7088,0.0,simulated
2026-06-10T04:39:40,4.0443,0.6974,0.7029,0.0,simulated
2026-06-10T04:39:50,4.0216,0.6955,0.6975,0.0,simulated
2026-06-10T04:40:00,3.9056,0.6637,0.6892,0.0,simulated
2026-06-10T04:40:10,4.0179,0.6857,0.6864,0.0,simulated
2026-06-10T04:40:20,3.9574,0.6737,0.6821,0.0,simulated
2026-06-10T04:40:30,3.7936,0.7174,0.6731,0.0,simulated
2026-06-10T04:40:40,3.7521,0.6614,0.6646,0.0,simulated
2026-06-10T04:40:50,3.6799,0.6485,0.6553,0.0,simulated
2026-06-10T04:41:00,3.7245,0.6642,0.6494,0.0,simulated
2026-06-10T04:41:10,3.6868,0.641,0.6434,0.0,simulated
2026-06-10T04:41:20,3.7472,0.6444,0.6406,0.0,simulated
2026-06-10T04:41:30,3.7987,0.627,0.6401,0.0,simulated
2026-06-10T04:41:40,3.7964,0.663,0.6397,0.0,simulated
2026-06-10T04:41:50,3.9582,0.6353,0.6447,0.0,simulated
2026-06-10T04:42:00,3.9503,0.6541,0.6485,0.0,simulated
2026-06-10T04:42:10,3.9868,0.6697,0.6528,0.0,simulated
2026-06-10T04:42:20,4.0897,0.6551,0.6596,0.0,simulated
2026-06-10T04:42:30,3.986,0.6616,0.6616,0.0,simulated
2026-06-10T04:42:40,4.0816,0.6752,0.6664,0.0,simulated
2026-06-10T04:42:50,3.9176,0.675,0.6648,0.0,simulated
2026-06-10T04:43:00,3.7218,0.6405,0.6569,0.0,simulated
2026-06-10T04:43:10,3.721,0.6533,0.6505,0.0,simulated
2026-06-10T04:43:20,3.7792,0.6332,0.6474,0.0,simulated
2026-06-10T04:43:30,4.1617,0.6466,0.6578,0.0,simulated
2026-06-10T04:43:40,4.2164,0.6582,0.6679,0.0,simulated
2026-06-10T04:43:50,4.251,0.6954,0.6771,0.0,simulated
2026-06-10T04:44:00,4.2729,0.7092,0.6853,0.0,simulated
2026-06-10T04:44:10,4.1567,0.727,0.6879,0.0,simulated
2026-06-10T04:44:20,4.1508,0.6889,0.6898,0.0,simulated
2026-06-10T04:44:30,4.105,0.6771,0.6898,0.0,simulated
2026-06-10T04:44:40,4.1561,0.6769,0.6914,0.0,simulated
2026-06-10T04:44:50,4.2515,0.7201,0.696,0.0,simulated
2026-06-10T04:45:00,4.2788,0.6775,0.7006,0.0,simulated
2026-06-10T04:45:10,4.2267,0.6977,0.7025,0.0,simulated
2026-06-10T04:45:20,3.9555,0.6864,0.6949,0.0,simulated
2026-06-10T04:45:30,4.1446,0.7214,0.6952,0.0,simulated
2026-06-10T04:45:40,4.2699,0.6844,0.6996,0.0,simulated
2026-06-10T04:45:50,4.0756,0.7131,0.6966,0.0,simulated
2026-06-10T04:46:00,4.2181,0.7187,0.699,0.0,simulated
2026-06-10T04:46:10,4.333,0.7023,0.7048,0.0,simulated
2026-06-10T04:46:20,4.3862,0.7182,0.7112,0.0,simulated
2026-06-10T04:46:30,4.4761,0.6963,0.7194,0.0,simulated
2026-06-10T04:46:40,4.4179,0.7226,0.7239,0.0,simulated
2026-06-10T04:46:50,4.3258,0.7213,0.7245,0.0,simulated
2026-06-10T04:47:00,4.4963,0.692,0.7307,0.0,simulated
2026-06-10T04:47:10,4.5057,0.7422,0.7359,0.0,simulated
2026-06-10T04:47:20,4.6721,0.7511,0.7457,0.0,simulated
2026-06-10T04:47:30,4.8443,0.7339,0.7593,0.0,simulated
2026-06-10T04:47:40,4.8954,0.7508,0.772,0.0,simulated
2026-06-10T04:47:50,4.8783,0.7702,0.7815,0.0,simulated
2026-06-10T04:48:00,4.741,0.7765,0.7845,0.0,simulated
2026-06-10T04:48:10,4.5119,0.7746,0.7792,0.0,simulated
2026-06-10T04:48:20,4.6706,0.7659,0.7803,0.0,simulated
2026-06-10T04:48:30,4.6113,0.764,0.7792,0.0,simulated
2026-06-10T04:48:40,4.5637,0.7813,0.7767,0.0,simulated
2026-06-10T04:48:50,4.4823,0.7648,0.7719,0.0,simulated
2026-06-10T04:49:00,4.3519,0.7622,0.7638,0.0,simulated
2026-06-10T04:49:10,4.4891,0.7584,0.7619,0.0,simulated
2026-06-10T04:49:20,4.1182,0.7547,0.7479,0.0,simulated
2026-06-10T04:49:30,3.9793,0.7297,0.732,0.0,simulated
2026-06-10T04:49:40,4.1145,0.7368,0.7238,0.0,simulated
2026-06-10T04:49:50,4.3114,0.7255,0.7239,0.0,simulated
2026-06-10T04:50:00,4.4254,0.7412,0.7278,0.0,simulated
2026-06-10T04:50:10,4.4701,0.7512,0.7325,0.0,simulated
2026-06-10T04:50:20,4.5309,0.7163,0.7382,0.0,simulated
2026-06-10T04:50:30,4.5319,0.7567,0.7428,0.0,simulated
2026-06-10T04:50:40,4.5184,0.7728,0.7461,0.0,simulated
2026-06-10T04:50:50,4.6304,0.7379,0.7525,0.0,simulated
2026-06-10T04:51:00,4.6834,0.7588,0.7593,0.0,simulated
2026-06-10T04:51:10,4.5425,0.7547,0.7601,0.0,simulated
2026-06-10T04:51:20,4.4822,0.7653,0.7587,0.0,simulated
2026-06-10T04:51:30,4.4103,0.7629,0.7551,0.0,simulated
2026-06-10T04:51:40,4.4444,0.7434,0.7534,0.0,simulated
2026-06-10T04:51:50,4.4222,0.771,0.7513,0.0,simulated
2026-06-10T04:52:00,4.351,0.7344,0.7473,0.0,simulated
2026-06-10T04:52:10,4.4737,0.746,0.7481,0.0,simulated
2026-06-10T04:52:20,4.5631,0.7672,0.7518,0.0,simulated
2026-06-10T04:52:30,4.4985,0.7819,0.7526,0.0,simulated
2026-06-10T04:52:40,4.3199,0.7395,0.7472,0.0,simulated
2026-06-10T04:52:50,4.3491,0.7556,0.7439,0.0,simulated
2026-06-10T04:53:00,4.2224,0.7403,0.737,0.0,simulated
2026-06-10T04:53:10,4.0458,0.7018,0.7255,0.0,simulated
2026-06-10T04:53:20,4.0637,0.7026,0.717,0.0,simulated
2026-06-10T04:53:30,4.1729,0.6957,0.7138,0.0,simulated
2026-06-10T04:53:40,4.1247,0.7021,0.7096,0.0,simulated
2026-06-10T04:53:50,4.265,0.7047,0.711,0.0,simulated
2026-06-10T04:54:00,4.2871,0.7133,0.7128,0.0,simulated
2026-06-10T04:54:10,4.3318,0.735,0.7158,0.0,simulated
2026-06-10T04:54:20,4.4496,0.7285,0.7222,0.0,simulated
2026-06-10T04:54:30,4.534,0.7699,0.7301,0.0,simulated
2026-06-10T04:54:40,4.3993,0.7282,0.7319,0.0,simulated
2026-06-10T04:54:50,4.4654,0.7474,0.7355,0.0,simulated
2026-06-10T04:55:00,4.543,0.7473,0.7411,0.0,simulated
2026-06-10T04:55:10,4.5968,0.7699,0.7473,0.0,simulated
2026-06-10T04:55:20,4.3846,0.7395,0.7452,0.0,simulated
2026-06-10T04:55:30,4.2516,0.7517,0.739,0.0,simulated
2026-06-10T04:55:40,4.3037,0.7602,0.7358,0.0,simulated
2026-06-10T04:55:50,4.2702,0.7213,0.7321,0.0,simulated
2026-06-10T04:56:00,4.5357,0.737,0.7381,0.0,simulated
2026-06-10T04:56:10,4.5968,0.7525,0.7449,0.0,simulated
2026-06-10T04:56:20,4.2856,0.7334,0.7399,0.0,simulated
2026-06-10T04:56:30,4.2566,0.7218,0.735,0.0,simulated
2026-06-10T04:56:40,4.2357,0.7578,0.7303,0.0,simulated
2026-06-10T04:56:50,4.1589,0.7205,0.724,0.0,simulated
2026-06-10T04:57:00,4.2606,0.7483,0.7223,0.0,simulated
2026-06-10T04:57:10,4.1481,0.7096,0.7172,0.0,simulated
2026-06-10T04:57:20,4.3237,0.716,0.7191,0.0,simulated
2026-06-10T04:57:30,4.2007,0.7284,0.7164,0.0,simulated
2026-06-10T04:57:40,4.3255,0.7154,0.7185,0.0,simulated
2026-06-10T04:57:50,4.284,0.7052,0.7187,0.0,simulated
2026-06-10T04:58:00,4.2056,0.7055,0.7163,0.0,simulated
2026-06-10T04:58:10,3.9978,0.7114,0.7073,0.0,simulated
2026-06-10T04:58:20,4.1243,0.6945,0.7045,0.0,simulated
2026-06-10T04:58:30,3.9667,0.6982,0.6968,0.0,simulated
2026-06-10T04:58:40,4.0215,0.6587,0.6926,0.0,simulated
2026-06-10T04:58:50,4.187,0.6864,0.6948,0.0,simulated
2026-06-10T04:59:00,4.0124,0.6879,0.6906,0.0,simulated
2026-06-10T04:59:10,3.7002,0.6691,0.6768,0.0,simulated
2026-06-10T04:59:20,3.5228,0.6449,0.6598,0.0,simulated
2026-06-10T04:59:30,3.5419,0.6336,0.6469,0.0,simulated
2026-06-10T04:59:40,3.4791,0.6355,0.6344,0.0,simulated
2026-06-10T04:59:50,3.6197,0.6514,0.6291,0.0,simulated
2026-06-10T05:00:00,3.4585,0.5985,0.6195,0.0,simulated
2026-06-10T05:00:10,3.5884,0.612,0.6162,0.0,simulated
2026-06-10T05:00:20,3.7394,0.6332,0.6186,0.0,simulated
2026-06-10T05:00:30,3.5664,0.6197,0.6147,0.0,simulated
2026-06-10T05:00:40,3.7019,0.6147,0.6161,0.0,simulated
2026-06-10T05:00:50,3.8641,0.616,0.6228,0.0,simulated
2026-06-10T05:01:00,3.9255,0.6303,0.6301,0.0,simulated
2026-06-10T05:01:10,4.0163,0.6375,0.639,0.0,simulated
2026-06-10T05:01:20,3.9773,0.6121,0.6449,0.0,simulated
2026-06-10T05:01:30,3.8811,0.6356,0.6463,0.0,simulated
2026-06-10T05:01:40,3.9098,0.6192,0.6484,0.0,simulated
2026-06-10T05:01:50,3.8608,0.6678,0.6484,0.0,simulated
2026-06-10T05:02:00,4.0038,0.6656,0.6533,0.0,simulated
2026-06-10T05:02:10,3.849,0.6401,0.652,0.0,simulated
2026-06-10T05:02:20,3.9045,0.6648,0.6528,0.0,simulated
2026-06-10T05:02:30,3.6906,0.6829,0.6462,0.0,simulated
2026-06-10T05:02:40,3.8168,0.6359,0.6452,0.0,simulated
2026-06-10T05:02:50,3.7708,0.6624,0.6429,0.0,simulated
2026-06-10T05:03:00,3.7215,0.6448,0.6393,0.0,simulated
2026-06-10T05:03:10,3.8818,0.6383,0.6419,0.0,simulated
2026-06-10T05:03:20,3.7294,0.6222,0.6388,0.0,simulated
2026-06-10T05:03:30,3.5933,0.6235,0.6318,0.0,simulated
2026-06-10T05:03:40,3.7794,0.6265,0.6324,0.0,simulated
2026-06-10T05:03:50,3.6874,0.5951,0.6298,0.0,simulated
2026-06-10T05:04:00,3.5402,0.6308,0.6228,0.0,simulated
2026-06-10T05:04:10,3.5142,0.6115,0.6163,0.0,simulated
2026-06-10T05:04:20,3.517,0.6181,0.6112,0.0,simulated
2026-06-10T05:04:30,3.6163,0.6042,0.6105,0.0,simulated
2026-06-10T05:04:40,3.7047,0.6578,0.6129,0.0,simulated
2026-06-10T05:04:50,3.8527,0.5949,0.6198,0.0,simulated
2026-06-10T05:05:00,3.7982,0.6094,0.6234,0.0,simulated
2026-06-10T05:05:10,3.7853,0.6365,0.6259,0.0,simulated
2026-06-10T05:05:20,3.7007,0.6605,0.6251,0.0,simulated
2026-06-10T05:05:30,3.8876,0.6158,0.6307,0.0,simulated
2026-06-10T05:05:40,3.8754,0.6622,0.6348,0.0,simulated
2026-06-10T05:05:50,3.9179,0.6257,0.6395,0.0,simulated
2026-06-10T05:06:00,3.8457,0.6602,0.6408,0.0,simulated
2026-06-10T05:06:10,3.7299,0.6391,0.638,0.0,simulated
2026-06-10T05:06:20,3.7666,0.6704,0.6369,0.0,simulated
2026-06-10T05:06:30,3.6715,0.6596,0.6329,0.0,simulated
2026-06-10T05:06:40,3.8228,0.625,0.6348,0.0,simulated
2026-06-10T05:06:50,3.8932,0.6827,0.6386,0.0,simulated
2026-06-10T05:07:00,3.9726,0.6275,0.6444,0.0,simulated
2026-06-10T05:07:10,4.0222,0.6459,0.6506,0.0,simulated
2026-06-10T05:07:20,3.9648,0.6809,0.6537,0.0,simulated
2026-06-10T05:07:30,4.0339,0.6475,0.6585,0.0,simulated
2026-06-10T05:07:40,4.2651,0.6605,0.6701,0.0,simulated
2026-06-10T05:07:50,4.2469,0.6808,0.6788,0.0,simulated
2026-06-10T05:08:00,4.1683,0.6899,0.6831,0.0,simulated
2026-06-10T05:08:10,4.0414,0.6881,0.6823,0.0,simulated
2026-06-10T05:08:20,3.8106,0.6627,0.6739,0.0,simulated
2026-06-10T05:08:30,3.6023,0.6631,0.6601,0.0,simulated
2026-06-10T05:08:40,3.8822,0.6681,0.6585,0.0,simulated
2026-06-10T05:08:50,3.7363,0.6749,0.6524,0.0,simulated
2026-06-10T05:09:00,3.6932,0.6509,0.646,0.0,simulated
2026-06-10T05:09:10,3.9778,0.6316,0.6504,0.0,simulated
2026-06-10T05:09:20,4.0232,0.656,0.6555,0.0,simulated
2026-06-10T05:09:30,3.8937,0.6459,0.6553,0.0,simulated
2026-06-10T05:09:40,3.952,0.6768,0.657,0.0,simulated
2026-06-10T05:09:50,4.0949,0.6381,0.6632,0.0,simulated
2026-06-10T05:10:00,4.2397,0.6814,0.673,0.0,simulated
2026-06-10T05:10:10,4.1617,0.6623,0.6782,0.0,simulated
2026-06-10T05:10:20,4.1906,0.7025,0.6834,0.0,simulated
2026-06-10T05:10:30,3.9336,0.6904,0.6789,0.0,simulated
2026-06-10T05:10:40,3.7477,0.6723,0.669,0.0,simulated
2026-06-10T05:10:50,3.7146,0.6676,0.66,0.0,simulated
2026-06-10T05:11:00,3.5495,0.6422,0.6473,0.0,simulated
2026-06-10T05:11:10,3.3362,0.6401,0.6299,0.0,simulated
2026-06-10T05:11:20,3.2608,0.6128,0.6135,0.0,simulated
2026-06-10T05:11:30,3.3262,0.6135,0.6026,0.0,simulated
2026-06-10T05:11:40,3.4037,0.5973,0.5964,0.0,simulated
2026-06-10T05:11:50,3.2799,0.5501,0.5873,0.0,simulated
2026-06-10T05:12:00,3.3092,0.5734,0.5811,0.0,simulated
2026-06-10T05:12:10,3.4674,0.6041,0.5813,0.0,simulated
2026-06-10T05:12:20,3.68,0.6105,0.5887,0.0,simulated
2026-06-10T05:12:30,3.7158,0.5974,0.5958,0.0,simulated
2026-06-10T05:12:40,3.5755,0.5949,0.5968,0.0,simulated
2026-06-10T05:12:50,3.4546,0.5885,0.5935,0.0,simulated
2026-06-10T05:13:00,3.7393,0.6099,0.6005,0.0,simulated
2026-06-10T05:13:10,3.8786,0.6194,0.6107,0.0,simulated
2026-06-10T05:13:20,3.8678,0.6038,0.6185,0.0,simulated
2026-06-10T05:13:30,3.9249,0.6366,0.6267,0.0,simulated
2026-06-10T05:13:40,3.7833,0.647,0.6285,0.0,simulated
2026-06-10T05:13:50,3.9067,0.6197,0.634,0.0,simulated
2026-06-10T05:14:00,3.9929,0.6386,0.6414,0.0,simulated
2026-06-10T05:14:10,4.0873,0.6574,0.6504,0.0,simulated
2026-06-10T05:14:20,4.1505,0.6707,0.6598,0.0,simulated
2026-06-10T05:14:30,4.1257,0.6602,0.6665,0.0,simulated
2026-06-10T05:14:40,4.1758,0.6656,0.6735,0.0,simulated
2026-06-10T05:14:50,3.973,0.6653,0.6723,0.0,simulated
2026-06-10T05:15:00,3.8242,0.6721,0.6663,0.0,simulated
2026-06-10T05:15:10,3.7805,0.6665,0.6601,0.0,simulated
2026-06-10T05:15:20,3.1735,0.6344,0.6347,0.0,simulated
2026-06-10T05:15:30,3.1447,0.593,0.6134,0.0,simulated
2026-06-10T05:15:40,3.2818,0.5847,0.601,0.0,simulated
2026-06-10T05:15:50,3.2523,0.5996,0.5901,0.0,simulated
2026-06-10T05:16:00,3.2159,0.5618,0.5801,0.0,simulated
2026-06-10T05:16:10,3.2493,0.5767,0.5733,0.0,simulated
2026-06-10T05:16:20,3.3139,0.5646,0.57,0.0,simulated
2026-06-10T05:16:30,3.4225,0.5619,0.571,0.0,simulated
2026-06-10T05:16:40,3.6239,0.5789,0.5785,0.0,simulated
2026-06-10T05:16:50,3.4095,0.6025,0.5774,0.0,simulated
2026-06-10T05:17:00,3.3405,0.5785,0.5742,0.0,simulated
2026-06-10T05:17:10,3.3416,0.5672,0.5716,0.0,simulated
2026-06-10T05:17:20,3.3525,0.5478,0.5699,0.0,simulated
2026-06-10T05:17:30,3.2421,0.5726,0.5649,0.0,simulated
2026-06-10T05:17:40,3.2479,0.5781,0.561,0.0,simulated
2026-06-10T05:17:50,3.2379,0.5667,0.5576,0.0,simulated
2026-06-10T05:18:00,3.2195,0.5718,0.5543,0.0,simulated
2026-06-10T05:18:10,3.3831,0.5642,0.5571,0.0,simulated
2026-06-10T05:18:20,3.2746,0.5361,0.5557,0.0,simulated
2026-06-10T05:18:30,3.2294,0.5524,0.5531,0.0,simulated
2026-06-10T05:18:40,3.2569,0.5598,0.5519,0.0,simulated
2026-06-10T05:18:50,3.2994,0.5632,0.5524,0.0,simulated
2026-06-10T05:19:00,3.3259,0.5462,0.5536,0.0,simulated
2026-06-10T05:19:10,3.226,0.5504,0.5513,0.0,simulated
2026-06-10T05:19:20,3.2374,0.5553,0.5498,0.0,simulated
2026-06-10T05:19:30,3.0206,0.5604,0.5414,0.0,simulated
2026-06-10T05:19:40,3.0155,0.5495,0.5344,0.0,simulated
2026-06-10T05:19:50,3.2135,0.5452,0.5355,0.0,simulated
2026-06-10T05:20:00,3.3877,0.5482,0.5422,0.0,simulated
2026-06-10T05:20:10,3.211,0.5263,0.5417,0.0,simulated
2026-06-10T05:20:20,3.2288,0.5253,0.5418,0.0,simulated
2026-06-10T05:20:30,3.5272,0.5506,0.552,0.0,simulated
2026-06-10T05:20:40,3.6985,0.5815,0.5658,0.0,simulated
2026-06-10T05:20:50,3.7309,0.584,0.578,0.0,simulated
2026-06-10T05:21:00,3.6063,0.592,0.5836,0.0,simulated
2026-06-10T05:21:10,3.7197,0.5693,0.5919,0.0,simulated
2026-06-10T05:21:20,3.2941,0.5622,0.5842,0.0,simulated
2026-06-10T05:21:30,3.2063,0.5919,0.5751,0.0,simulated
2026-06-10T05:21:40,3.1869,0.5666,0.5671,0.0,simulated
2026-06-10T05:21:50,3.2939,0.5447,0.5644,0.0,simulated
2026-06-10T05:22:00,3.2936,0.5754,0.5622,0.0,simulated
2026-06-10T05:22:10,3.464,0.57,0.5661,0.0,simulated
2026-06-10T05:22:20,3.3066,0.6083,0.564,0.0,simulated
2026-06-10T05:22:30,3.3387,0.5821,0.5634,0.0,simulated
2026-06-10T05:22:40,3.315,0.5673,0.5621,0.0,simulated
2026-06-10T05:22:50,3.2998,0.5583,0.5605,0.0,simulated
2026-06-10T05:23:00,3.4661,0.5684,0.5649,0.0,simulated
2026-06-10T05:23:10,3.7677,0.577,0.5785,0.0,simulated
2026-06-10T05:23:20,3.7666,0.5678,0.5894,0.0,simulated
2026-06-10T05:23:30,3.6352,0.6076,0.5936,0.0,simulated
2026-06-10T05:23:40,3.6085,0.6003,0.5962,0.0,simulated
2026-06-10T05:23:50,3.6316,0.5576,0.5989,0.0,simulated
2026-06-10T05:24:00,3.7232,0.5947,0.6043,0.0,simulated
2026-06-10T05:24:10,3.9999,0.6054,0.6178,0.0,simulated
2026-06-10T05:24:20,3.9629,0.6421,0.6274,0.0,simulated
2026-06-10T05:24:30,3.9756,0.6348,0.6355,0.0,simulated
2026-06-10T05:24:40,3.9334,0.6629,0.6406,0.0,simulated
2026-06-10T05:24:50,3.7913,0.616,0.6398,0.0,simulated
2026-06-10T05:25:00,3.7887,0.623,0.6392,0.0,simulated
2026-06-10T05:25:10,3.9554,0.6602,0.6442,0.0,simulated
2026-06-10T05:25:20,3.8371,0.6345,0.6443,0.0,simulated
2026-06-10T05:25:30,3.9815,0.6333,0.6492,0.0,simulated
2026-06-10T05:25:40,3.788,0.6388,0.6467,0.0,simulated
2026-06-10T05:25:50,3.9898,0.64,0.6514,0.0,simulated
2026-06-10T05:26:00,4.0876,0.6665,0.6585,0.0,simulated
2026-06-10T05:26:10,3.9766,0.6771,0.6604,0.0,simulated
2026-06-10T05:26:20,3.9094,0.6358,0.6597,0.0,simulated
2026-06-10T05:26:30,3.9131,0.6548,0.6592,0.0,simulated
2026-06-10T05:26:40,3.864,0.6574,0.6572,0.0,simulated
2026-06-10T05:26:50,3.8032,0.6548,0.6535,0.0,simulated
2026-06-10T05:27:00,3.8002,0.663,0.6505,0.0,simulated
2026-06-10T05:27:10,3.7488,0.6482,0.6464,0.0,simulated
2026-06-10T05:27:20,3.7347,0.6339,0.6426,0.0,simulated
2026-06-10T05:27:30,3.6072,0.6186,0.6353,0.0,simulated
2026-06-10T05:27:40,3.7521,0.6069,0.6343,0.0,simulated
2026-06-10T05:27:50,3.9653,0.6351,0.6407,0.0,simulated
2026-06-10T05:28:00,3.9007,0.6438,0.6436,0.0,simulated
2026-06-10T05:28:10,3.8726,0.6588,0.645,0.0,simulated
2026-06-10T05:28:20,3.8409,0.6394,0.6451,0.0,simulated
2026-06-10T05:28:30,3.8303,0.6796,0.6447,0.0,simulated
2026-06-10T05:28:40,4.002,0.6491,0.6503,0.0,simulated
2026-06-10T05:28:50,3.9581,0.6459,0.6532,0.0,simulated
2026-06-10T05:29:00,3.9252,0.6602,0.6544,0.0,simulated
2026-06-10T05:29:10,3.7482,0.6349,0.6495,0.0,simulated
2026-06-10T05:29:20,3.3881,0.6366,0.6334,0.0,simulated
2026-06-10T05:29:30,3.5419,0.5948,0.6258,0.0,simulated
2026-06-10T05:29:40,3.6467,0.6333,0.6231,0.0,simulated
2026-06-10T05:29:50,3.5161,0.6176,0.6166,0.0,simulated
2026-06-10T05:30:00,3.6165,0.618,0.6148,0.0,simulated
2026-06-10T05:30:10,3.8026,0.622,0.6196,0.0,simulated
2026-06-10T05:30:20,3.7369,0.6022,0.6213,0.0,simulated
2026-06-10T05:30:30,3.8649,0.6134,0.6269,0.0,simulated
2026-06-10T05:30:40,3.8265,0.6536,0.6301,0.0,simulated
2026-06-10T05:30:50,3.8747,0.6417,0.6342,0.0,simulated
2026-06-10T05:31:00,3.7506,0.6245,0.6334,0.0,simulated
2026-06-10T05:31:10,3.7595,0.6394,0.6331,0.0,simulated
2026-06-10T05:31:20,3.6009,0.6335,0.6274,0.0,simulated
2026-06-10T05:31:30,3.6469,0.6538,0.6245,0.0,simulated
2026-06-10T05:31:40,3.6021,0.6373,0.6206,0.0,simulated
2026-06-10T05:31:50,3.6206,0.6243,0.6181,0.0,simulated
2026-06-10T05:32:00,3.4531,0.6038,0.6105,0.0,simulated
2026-06-10T05:32:10,3.3386,0.6274,0.6006,0.0,simulated
2026-06-10T05:32:20,3.2818,0.5892,0.5908,0.0,simulated
2026-06-10T05:32:30,3.1952,0.5669,0.58,0.0,simulated
2026-06-10T05:32:40,3.1468,0.5514,0.5697,0.0,simulated
2026-06-10T05:32:50,3.1726,0.5494,0.5624,0.0,simulated
2026-06-10T05:33:00,3.0916,0.5483,0.5538,0.0,simulated
2026-06-10T05:33:10,3.2502,0.5637,0.5522,0.0,simulated
2026-06-10T05:33:20,3.269,0.5653,0.5516,0.0,simulated
2026-06-10T05:33:30,3.2521,0.5678,0.5506,0.0,simulated
2026-06-10T05:33:40,3.3166,0.5542,0.5519,0.0,simulated
2026-06-10T05:33:50,3.5967,0.5748,0.5624,0.0,simulated
2026-06-10T05:34:00,3.5489,0.603,0.5691,0.0,simulated
2026-06-10T05:34:10,3.6154,0.5904,0.5768,0.0,simulated
2026-06-10T05:34:20,3.5794,0.6057,0.5817,0.0,simulated
2026-06-10T05:34:30,3.537,0.5615,0.5842,0.0,simulated
2026-06-10T05:34:40,3.5124,0.5742,0.5854,0.0,simulated
2026-06-10T05:34:50,3.6454,0.5795,0.5908,0.0,simulated
2026-06-10T05:35:00,3.6575,0.5554,0.5955,0.0,simulated
2026-06-10T05:35:10,3.9202,0.6092,0.6081,0.0,simulated
2026-06-10T05:35:20,3.894,0.6382,0.6173,0.0,simulated
2026-06-10T05:35:30,4.0857,0.6231,0.6312,0.0,simulated
2026-06-10T05:35:40,4.1116,0.646,0.6431,0.0,simulated
2026-06-10T05:35:50,3.9658,0.6349,0.6477,0.0,simulated
2026-06-10T05:36:00,3.965,0.644,0.6514,0.0,simulated
2026-06-10T05:36:10,4.0737,0.6623,0.658,0.0,simulated
2026-06-10T05:36:20,4.0481,0.6445,0.6624,0.0,simulated
2026-06-10T05:36:30,3.801,0.6753,0.6576,0.0,simulated
2026-06-10T05:36:40,3.628,0.6192,0.648,0.0,simulated
2026-06-10T05:36:50,3.7104,0.6479,0.6431,0.0,simulated
2026-06-10T05:37:00,3.6327,0.6292,0.6365,0.0,simulated
2026-06-10T05:37:10,3.7175,0.6565,0.6341,0.0,simulated
2026-06-10T05:37:20,3.7118,0.6434,0.632,0.0,simulated
2026-06-10T05:37:30,3.6549,0.5972,0.6284,0.0,simulated
2026-06-10T05:37:40,3.9495,0.5991,0.6354,0.0,simulated
2026-06-10T05:37:50,4.1777,0.6337,0.6487,0.0,simulated
2026-06-10T05:38:00,4.1778,0.6518,0.6594,0.0,simulated
2026-06-10T05:38:10,4.2192,0.6664,0.6692,0.0,simulated
2026-06-10T05:38:20,4.3799,0.683,0.6826,0.0,simulated
2026-06-10T05:38:30,4.3441,0.7021,0.692,0.0,simulated
2026-06-10T05:38:40,4.08,0.6702,0.6907,0.0,simulated
2026-06-10T05:38:50,3.9025,0.6567,0.6837,0.0,simulated
2026-06-10T05:39:00,3.8296,0.6794,0.6756,0.0,simulated
2026-06-10T05:39:10,3.8695,0.6651,0.6705,0.0,simulated
2026-06-10T05:39:20,3.8687,0.6648,0.6664,0.0,simulated
2026-06-10T05:39:30,3.9071,0.6548,0.6644,0.0,simulated
2026-06-10T05:39:40,3.9205,0.6606,0.6632,0.0,simulated
2026-06-10T05:39:50,4.0001,0.6873,0.665,0.0,simulated
2026-06-10T05:40:00,4.0733,0.6445,0.6689,0.0,simulated
2026-06-10T05:40:10,4.0698,0.6535,0.6718,0.0,simulated
2026-06-10T05:40:20,3.9906,0.6812,0.6716,0.0,simulated
2026-06-10T05:40:30,4.091,0.6982,0.6747,0.0,simulated
2026-06-10T05:40:40,4.0826,0.6739,0.6769,0.0,simulated
2026-06-10T05:40:50,4.0315,0.6581,0.677,0.0,simulated
2026-06-10T05:41:00,4.1633,0.6515,0.6815,0.0,simulated
2026-06-10T05:41:10,3.9117,0.6805,0.6766,0.0,simulated
2026-06-10T05:41:20,3.8878,0.6532,0.6719,0.0,simulated
2026-06-10T05:41:30,4.0618,0.7067,0.674,0.0,simulated
2026-06-10T05:41:40,3.972,0.7078,0.6727,0.0,simulated
2026-06-10T05:41:50,3.9293,0.6736,0.6702,0.0,simulated
2026-06-10T05:42:00,4.0266,0.6787,0.6714,0.0,simulated
2026-06-10T05:42:10,4.0711,0.6722,0.6739,0.0,simulated
2026-06-10T05:42:20,4.3136,0.7012,0.6841,0.0,simulated
2026-06-10T05:42:30,4.2293,0.6893,0.6894,0.0,simulated
2026-06-10T05:42:40,4.1061,0.6904,0.6895,0.0,simulated
2026-06-10T05:42:50,3.7955,0.6995,0.6791,0.0,simulated
2026-06-10T05:43:00,3.8207,0.681,0.6717,0.0,simulated
2026-06-10T05:43:10,3.5113,0.6873,0.6553,0.0,simulated
2026-06-10T05:43:20,3.5106,0.6176,0.6422,0.0,simulated
2026-06-10T05:43:30,3.5197,0.6237,0.632,0.0,simulated
2026-06-10T05:43:40,3.276,0.6021,0.6157,0.0,simulated
2026-06-10T05:43:50,3.0135,0.6064,0.5938,0.0,simulated
2026-06-10T05:44:00,2.9377,0.5663,0.5737,0.0,simulated
2026-06-10T05:44:10,3.2764,0.5781,0.5691,0.0,simulated
2026-06-10T05:44:20,3.3592,0.5506,0.5681,0.0,simulated
2026-06-10T05:44:30,3.3091,0.5643,0.5657,0.0,simulated
2026-06-10T05:44:40,3.3651,0.6001,0.5656,0.0,simulated
2026-06-10T05:44:50,3.352,0.5897,0.5651,0.0,simulated
2026-06-10T05:45:00,3.2239,0.5322,0.5604,0.0,simulated
2026-06-10T05:45:10,3.4736,0.5705,0.5651,0.0,simulated
2026-06-10T05:45:20,3.388,0.5783,0.5659,0.0,simulated
2026-06-10T05:45:30,3.1682,0.5518,0.5592,0.0,simulated
2026-06-10T05:45:40,3.1866,0.5379,0.5544,0.0,simulated
2026-06-10T05:45:50,2.9745,0.5534,0.5435,0.0,simulated
2026-06-10T05:46:00,3.0261,0.538,0.5364,0.0,simulated
2026-06-10T05:46:10,3.2484,0.5466,0.5383,0.0,simulated
2026-06-10T05:46:20,3.4505,0.5442,0.5466,0.0,simulated
2026-06-10T05:46:30,3.3878,0.5861,0.5511,0.0,simulated
2026-06-10T05:46:40,3.4323,0.5425,0.5562,0.0,simulated
2026-06-10T05:46:50,3.3052,0.5486,0.556,0.0,simulated
2026-06-10T05:47:00,3.2343,0.5612,0.5535,0.0,simulated
2026-06-10T05:47:10,3.1725,0.5604,0.5494,0.0,simulated
2026-06-10T05:47:20,3.3125,0.5301,0.5508,0.0,simulated
2026-06-10T05:47:30,3.2402,0.569,0.5495,0.0,simulated
2026-06-10T05:47:40,3.2614,0.5273,0.5492,0.0,simulated
2026-06-10T05:47:50,3.3854,0.5532,0.5531,0.0,simulated
2026-06-10T05:48:00,3.4595,0.5541,0.5587,0.0,simulated
2026-06-10T05:48:10,3.3507,0.549,0.5596,0.0,simulated
2026-06-10T05:48:20,3.2337,0.5733,0.5563,0.0,simulated
2026-06-10T05:48:30,3.3899,0.5237,0.5589,0.0,simulated
2026-06-10T05:48:40,3.3761,0.5496,0.5606,0.0,simulated
2026-06-10T05:48:50,3.2758,0.545,0.5585,0.0,simulated
2026-06-10T05:49:00,3.3522,0.5726,0.5595,0.0,simulated
2026-06-10T05:49:10,3.5445,0.5899,0.5667,0.0,simulated
2026-06-10T05:49:20,3.5577,0.5845,0.5729,0.0,simulated
2026-06-10T05:49:30,3.7372,0.6048,0.5839,0.0,simulated
2026-06-10T05:49:40,3.6599,0.5567,0.5901,0.0,simulated
2026-06-10T05:49:50,3.599,0.5954,0.593,0.0,simulated
2026-06-10T05:50:00,3.5823,0.574,0.5948,0.0,simulated
2026-06-10T05:50:10,3.4883,0.5874,0.593,0.0,simulated
2026-06-10T05:50:20,3.5422,0.5971,0.5934,0.0,simulated
2026-06-10T05:50:30,3.625,0.598,0.5965,0.0,simulated
2026-06-10T05:50:40,3.724,0.623,0.6024,0.0,simulated
2026-06-10T05:50:50,3.796,0.5798,0.6094,0.0,simulated
2026-06-10T05:51:00,3.7548,0.6012,0.6137,0.0,simulated
2026-06-10T05:51:10,3.8148,0.5969,0.6191,0.0,simulated
2026-06-10T05:51:20,3.8508,0.6001,0.6247,0.0,simulated
2026-06-10T05:51:30,3.785,0.642,0.6269,0.0,simulated
2026-06-10T05:51:40,3.884,0.6348,0.6321,0.0,simulated
2026-06-10T05:51:50,3.7674,0.6556,0.6322,0.0,simulated
2026-06-10T05:52:00,3.7294,0.6489,0.6311,0.0,simulated
2026-06-10T05:52:10,3.8957,0.6368,0.6358,0.0,simulated
2026-06-10T05:52:20,3.8848,0.6246,0.6391,0.0,simulated
2026-06-10T05:52:30,3.8497,0.6555,0.6407,0.0,simulated
2026-06-10T05:52:40,3.7635,0.6286,0.639,0.0,simulated
2026-06-10T05:52:50,3.6758,0.6167,0.6347,0.0,simulated
2026-06-10T05:53:00,3.4229,0.6055,0.6228,0.0,simulated
2026-06-10T05:53:10,3.3445,0.6124,0.6106,0.0,simulated
2026-06-10T05:53:20,3.5591,0.627,0.6081,0.0,simulated
2026-06-10T05:53:30,3.7546,0.6134,0.6126,0.0,simulated
2026-06-10T05:53:40,3.6061,0.6296,0.6112,0.0,simulated
2026-06-10T05:53:50,3.5428,0.6094,0.608,0.0,simulated
2026-06-10T05:54:00,3.4509,0.596,0.6024,0.0,simulated
2026-06-10T05:54:10,3.626,0.6446,0.6037,0.0,simulated
2026-06-10T05:54:20,3.7389,0.6359,0.6086,0.0,simulated
2026-06-10T05:54:30,3.6737,0.6133,0.6103,0.0,simulated
2026-06-10T05:54:40,3.7365,0.6013,0.6138,0.0,simulated
2026-06-10T05:54:50,3.8094,0.5949,0.619,0.0,simulated
2026-06-10T05:55:00,3.7085,0.6259,0.6198,0.0,simulated
2026-06-10T05:55:10,3.6035,0.6131,0.6169,0.0,simulated
2026-06-10T05:55:20,3.6706,0.6239,0.6169,0.0,simulated
2026-06-10T05:55:30,3.7636,0.6248,0.62,0.0,simulated
2026-06-10T05:55:40,3.7557,0.6287,0.6222,0.0,simulated
2026-06-10T05:55:50,3.9467,0.6475,0.6303,0.0,simulated
2026-06-10T05:56:00,4.0266,0.6443,0.6396,0.0,simulated
2026-06-10T05:56:10,3.9352,0.633,0.6439,0.0,simulated
2026-06-10T05:56:20,3.8701,0.6336,0.6451,0.0,simulated
2026-06-10T05:56:30,3.9176,0.6565,0.6477,0.0,simulated
2026-06-10T05:56:40,3.7658,0.6286,0.6447,0.0,simulated
2026-06-10T05:56:50,3.5248,0.645,0.6342,0.0,simulated
2026-06-10T05:57:00,3.5777,0.6383,0.6276,0.0,simulated
2026-06-10T05:57:10,3.6493,0.624,0.6247,0.0,simulated
2026-06-10T05:57:20,3.6393,0.6103,0.622,0.0,simulated
2026-06-10T05:57:30,3.6486,0.5936,0.6202,0.0,simulated
2026-06-10T05:57:40,3.7507,0.6053,0.6222,0.0,simulated
2026-06-10T05:57:50,3.8119,0.6014,0.6258,0.0,simulated
2026-06-10T05:58:00,3.9022,0.6322,0.6318,0.0,simulated
2026-06-10T05:58:10,3.8362,0.6277,0.6343,0.0,simulated
2026-06-10T05:58:20,3.7979,0.6213,0.6351,0.0,simulated
2026-06-10T05:58:30,3.7607,0.6475,0.6344,0.0,simulated
2026-06-10T05:58:40,3.6445,0.6319,0.63,0.0,simulated
2026-06-10T05:58:50,3.4499,0.6206,0.6199,0.0,simulated
2026-06-10T05:59:00,3.6314,0.6263,0.6179,0.0,simulated
2026-06-10T05:59:10,3.6254,0.6317,0.6162,0.0,simulated
2026-06-10T05:59:20,3.8339,0.5977,0.6218,0.0,simulated
2026-06-10T05:59:30,3.8055,0.6359,0.6253,0.0,simulated
2026-06-10T05:59:40,3.6944,0.5972,0.6243,0.0,simulated
2026-06-10T05:59:50,3.5794,0.6078,0.6197,0.0,simulated
2026-06-10T06:00:00,3.5316,0.6296,0.6145,0.0,simulated
2026-06-10T06:00:10,3.4723,0.6186,0.6082,0.0,simulated
2026-06-10T06:00:20,3.5442,0.6156,0.6057,0.0,simulated
2026-06-10T06:00:30,3.4399,0.6028,0.6001,0.0,simulated
2026-06-10T06:00:40,3.4673,0.6178,0.5966,0.0,simulated
2026-06-10T06:00:50,3.4955,0.5716,0.5947,0.0,simulated
2026-06-10T06:01:00,3.4425,0.5869,0.5914,0.0,simulated
2026-06-10T06:01:10,3.7536,0.6,0.5993,0.0,simulated
2026-06-10T06:01:20,3.7491,0.6359,0.6054,0.0,simulated
2026-06-10T06:01:30,3.7641,0.6262,0.6108,0.0,simulated
2026-06-10T06:01:40,3.7777,0.6311,0.6156,0.0,simulated
2026-06-10T06:01:50,3.8037,0.6088,0.6203,0.0,simulated
2026-06-10T06:02:00,3.6972,0.6542,0.6204,0.0,simulated
2026-06-10T06:02:10,3.6658,0.6266,0.6195,0.0,simulated
2026-06-10T06:02:20,3.5888,0.6011,0.6162,0.0,simulated
2026-06-10T06:02:30,3.6872,0.652,0.6168,0.0,simulated
2026-06-10T06:02:40,3.7168,0.597,0.6184,0.0,simulated
2026-06-10T06:02:50,3.9431,0.6141,0.6272,0.0,simulated
2026-06-10T06:03:00,3.9051,0.6294,0.6329,0.0,simulated
2026-06-10T06:03:10,3.816,0.6199,0.6346,0.0,simulated
2026-06-10T06:03:20,3.616,0.6371,0.6292,0.0,simulated
2026-06-10T06:03:30,3.7627,0.6339,0.6298,0.0,simulated
2026-06-10T06:03:40,3.6614,0.6285,0.6268,0.0,simulated
2026-06-10T06:03:50,3.547,0.649,0.6206,0.0,simulated
2026-06-10T06:04:00,3.5791,0.5923,0.6168,0.0,simulated
2026-06-10T06:04:10,3.623,0.6356,0.6151,0.0,simulated
2026-06-10T06:04:20,3.6646,0.6029,0.6152,0.0,simulated
2026-06-10T06:04:30,3.7348,0.6396,0.6177,0.0,simulated
2026-06-10T06:04:40,3.735,0.6482,0.6196,0.0,simulated
2026-06-10T06:04:50,3.6582,0.6532,0.6186,0.0,simulated
2026-06-10T06:05:00,3.6163,0.6136,0.6164,0.0,simulated
2026-06-10T06:05:10,3.726,0.6009,0.6183,0.0,simulated
2026-06-10T06:05:20,3.5241,0.618,0.6131,0.0,simulated
2026-06-10T06:05:30,3.598,0.6105,0.6113,0.0,simulated
2026-06-10T06:05:40,3.6586,0.5856,0.612,0.0,simulated
2026-06-10T06:05:50,3.6629,0.6237,0.6127,0.0,simulated
2026-06-10T06:06:00,3.5996,0.5972,0.6111,0.0,simulated
2026-06-10T06:06:10,3.6348,0.6326,0.611,0.0,simulated
2026-06-10T06:06:20,3.6832,0.627,0.6126,0.0,simulated
2026-06-10T06:06:30,3.6428,0.6082,0.6124,0.0,simulated
2026-06-10T06:06:40,3.6786,0.6141,0.6136,0.0,simulated
2026-06-10T06:06:50,3.5607,0.6068,0.6105,0.0,simulated
2026-06-10T06:07:00,3.3745,0.5949,0.6018,0.0,simulated
2026-06-10T06:07:10,3.4581,0.6441,0.5976,0.0,simulated
2026-06-10T06:07:20,3.2988,0.5749,0.5889,0.0,simulated
2026-06-10T06:07:30,3.366,0.5851,0.5842,0.0,simulated
2026-06-10T06:07:40,3.3724,0.5956,0.5807,0.0,simulated
2026-06-10T06:07:50,3.3772,0.5723,0.578,0.0,simulated
2026-06-10T06:08:00,3.4046,0.5674,0.5768,0.0,simulated
2026-06-10T06:08:10,3.6127,0.5629,0.5828,0.0,simulated
2026-06-10T06:08:20,3.6894,0.6081,0.5902,0.0,simulated
2026-06-10T06:08:30,3.6388,0.6051,0.5945,0.0,simulated
2026-06-10T06:08:40,3.6227,0.6043,0.5973,0.0,simulated
2026-06-10T06:08:50,3.7091,0.5798,0.6025,0.0,simulated
2026-06-10T06:09:00,3.7277,0.6148,0.6072,0.0,simulated
2026-06-10T06:09:10,3.7251,0.6152,0.6109,0.0,simulated
2026-06-10T06:09:20,3.5725,0.6037,0.6088,0.0,simulated
2026-06-10T06:09:30,3.6199,0.588,0.6087,0.0,simulated
2026-06-10T06:09:40,3.6689,0.6093,0.6102,0.0,simulated
2026-06-10T06:09:50,3.7312,0.6005,0.6135,0.0,simulated
2026-06-10T06:10:00,3.9198,0.6237,0.6225,0.0,simulated
2026-06-10T06:10:10,3.9204,0.6307,0.6297,0.0,simulated
2026-06-10T06:10:20,3.8578,0.6283,0.6334,0.0,simulated
2026-06-10T06:10:30,3.6538,0.6427,0.6295,0.0,simulated
2026-06-10T06:10:40,3.89,0.6333,0.6343,0.0,simulated
2026-06-10T06:10:50,3.8702,0.6454,0.6375,0.0,simulated
2026-06-10T06:11:00,3.8008,0.644,0.6377,0.0,simulated
2026-06-10T06:11:10,3.8415,0.6544,0.6392,0.0,simulated
2026-06-10T06:11:20,4.0267,0.6322,0.6467,0.0,simulated
2026-06-10T06:11:30,4.2257,0.6542,0.6593,0.0,simulated
2026-06-10T06:11:40,4.1608,0.6811,0.6673,0.0,simulated
2026-06-10T06:11:50,4.3384,0.6819,0.6796,0.0,simulated
2026-06-10T06:12:00,4.2046,0.7018,0.6849,0.0,simulated
2026-06-10T06:12:10,4.3603,0.7056,0.6945,0.0,simulated
2026-06-10T06:12:20,4.4789,0.6994,0.7061,0.0,simulated
2026-06-10T06:12:30,4.3735,0.725,0.7118,0.0,simulated
2026-06-10T06:12:40,4.3272,0.711,0.7148,0.0,simulated
2026-06-10T06:12:50,4.4046,0.7342,0.7199,0.0,simulated
2026-06-10T06:13:00,4.2602,0.7468,0.719,0.0,simulated
2026-06-10T06:13:10,4.3024,0.7362,0.7198,0.0,simulated
2026-06-10T06:13:20,4.3023,0.7547,0.7204,0.0,simulated
2026-06-10T06:13:30,4.1961,0.694,0.7173,0.0,simulated
2026-06-10T06:13:40,4.0662,0.7022,0.7105,0.0,simulated
2026-06-10T06:13:50,4.0329,0.6999,0.7039,0.0,simulated
2026-06-10T06:14:00,3.8679,0.6871,0.6931,0.0,simulated
2026-06-10T06:14:10,3.8198,0.6884,0.6828,0.0,simulated
2026-06-10T06:14:20,3.9457,0.6733,0.6788,0.0,simulated
2026-06-10T06:14:30,4.0458,0.6956,0.679,0.0,simulated
2026-06-10T06:14:40,4.2178,0.6997,0.6849,0.0,simulated
2026-06-10T06:14:50,4.3919,0.7017,0.6955,0.0,simulated
2026-06-10T06:15:00,4.5046,0.6926,0.7078,0.0,simulated
2026-06-10T06:15:10,4.5739,0.7281,0.7199,0.0,simulated
2026-06-10T06:15:20,4.3535,0.7323,0.7222,0.0,simulated
2026-06-10T06:15:30,4.3044,0.7277,0.7224,0.0,simulated
2026-06-10T06:15:40,4.2515,0.7212,0.7208,0.0,simulated
2026-06-10T06:15:50,4.2093,0.739,0.718,0.0,simulated
2026-06-10T06:16:00,3.9367,0.6985,0.7067,0.0,simulated
2026-06-10T06:16:10,3.9541,0.6927,0.6982,0.0,simulated
2026-06-10T06:16:20,4.1046,0.7065,0.6965,0.0,simulated
2026-06-10T06:16:30,4.1588,0.7049,0.6969,0.0,simulated
2026-06-10T06:16:40,4.0174,0.7053,0.6925,0.0,simulated
2026-06-10T06:16:50,4.1604,0.6896,0.6938,0.0,simulated
2026-06-10T06:17:00,4.1986,0.6764,0.6961,0.0,simulated
2026-06-10T06:17:10,4.2007,0.6795,0.698,0.0,simulated
2026-06-10T06:17:20,4.2454,0.6946,0.7011,0.0,simulated
2026-06-10T06:17:30,4.2193,0.7145,0.7026,0.0,simulated
2026-06-10T06:17:40,4.2651,0.7173,0.7054,0.0,simulated
2026-06-10T06:17:50,4.3937,0.6847,0.712,0.0,simulated
2026-06-10T06:18:00,4.4638,0.7276,0.7196,0.0,simulated
2026-06-10T06:18:10,4.6281,0.7298,0.7311,0.0,simulated
2026-06-10T06:18:20,4.5209,0.7212,0.7368,0.0,simulated
2026-06-10T06:18:30,4.4049,0.7703,0.7375,0.0,simulated
2026-06-10T06:18:40,4.4406,0.7431,0.7392,0.0,simulated
2026-06-10T06:18:50,4.3678,0.7505,0.7381,0.0,simulated
2026-06-10T06:19:00,4.3111,0.7738,0.7353,0.0,simulated
2026-06-10T06:19:10,4.3581,0.726,0.7347,0.0,simulated
2026-06-10T06:19:20,4.275,0.7254,0.7314,0.0,simulated
2026-06-10T06:19:30,4.3483,0.7536,0.7312,0.0,simulated
2026-06-10T06:19:40,4.1838,0.7059,0.7256,0.0,simulated
2026-06-10T06:19:50,4.3279,0.727,0.7259,0.0,simulated
2026-06-10T06:20:00,4.1865,0.722,0.7214,0.0,simulated
2026-06-10T06:20:10,4.0759,0.7286,0.714,0.0,simulated
2026-06-10T06:20:20,4.1577,0.717,0.7109,0.0,simulated
2026-06-10T06:20:30,4.107,0.693,0.7067,0.0,simulated
2026-06-10T06:20:40,3.941,0.7124,0.6978,0.0,simulated
2026-06-10T06:20:50,4.0652,0.7075,0.6948,0.0,simulated
2026-06-10T06:21:00,3.6682,0.6634,0.6791,0.0,simulated
2026-06-10T06:21:10,3.641,0.6553,0.6656,0.0,simulated
2026-06-10T06:21:20,3.7022,0.649,0.6569,0.0,simulated
2026-06-10T06:21:30,3.9592,0.6413,0.6586,0.0,simulated
2026-06-10T06:21:40,3.9241,0.6747,0.6587,0.0,simulated
2026-06-10T06:21:50,3.8346,0.6509,0.6558,0.0,simulated
2026-06-10T06:22:00,3.9076,0.6518,0.6559,0.0,simulated
2026-06-10T06:22:10,3.8797,0.6395,0.6551,0.0,simulated
2026-06-10T06:22:20,3.9629,0.6513,0.6572,0.0,simulated
2026-06-10T06:22:30,4.0561,0.6843,0.6621,0.0,simulated
2026-06-10T06:22:40,4.0738,0.6778,0.6665,0.0,simulated
2026-06-10T06:22:50,4.0192,0.644,0.6683,0.0,simulated
2026-06-10T06:23:00,3.9985,0.6541,0.669,0.0,simulated
2026-06-10T06:23:10,3.7991,0.6724,0.6628,0.0,simulated
2026-06-10T06:23:20,3.8967,0.6537,0.6612,0.0,simulated
2026-06-10T06:23:30,3.7319,0.646,0.6543,0.0,simulated
2026-06-10T06:23:40,3.658,0.6335,0.6464,0.0,simulated
2026-06-10T06:23:50,3.6156,0.6186,0.6386,0.0,simulated
2026-06-10T06:24:00,3.6721,0.6357,0.6343,0.0,simulated
2026-06-10T06:24:10,3.7086,0.6263,0.632,0.0,simulated
2026-06-10T06:24:20,3.7763,0.6496,0.6325,0.0,simulated
2026-06-10T06:24:30,3.6691,0.6283,0.6293,0.0,simulated
2026-06-10T06:24:40,3.7122,0.6137,0.6282,0.0,simulated
2026-06-10T06:24:50,3.9064,0.6442,0.6338,0.0,simulated
2026-06-10T06:25:00,3.9321,0.6593,0.6391,0.0,simulated
2026-06-10T06:25:10,3.8146,0.6284,0.6395,0.0,simulated
2026-06-10T06:25:20,3.755,0.6122,0.6378,0.0,simulated
2026-06-10T06:25:30,3.7495,0.629,0.6362,0.0,simulated
2026-06-10T06:25:40,3.9547,0.6216,0.6418,0.0,simulated
2026-06-10T06:25:50,4.0202,0.6732,0.6485,0.0,simulated
2026-06-10T06:26:00,3.8967,0.6289,0.6498,0.0,simulated
2026-06-10T06:26:10,3.8185,0.6432,0.6481,0.0,simulated
2026-06-10T06:26:20,3.7751,0.6674,0.6453,0.0,simulated
2026-06-10T06:26:30,3.8274,0.6579,0.6449,0.0,simulated
2026-06-10T06:26:40,3.9562,0.6411,0.6488,0.0,simulated
2026-06-10T06:26:50,3.9969,0.6416,0.6534,0.0,simulated
2026-06-10T06:27:00,4.0069,0.6546,0.6573,0.0,simulated
2026-06-10T06:27:10,3.9412,0.6547,0.6583,0.0,simulated
2026-06-10T06:27:20,3.763,0.6755,0.6531,0.0,simulated
2026-06-10T06:27:30,3.7887,0.6474,0.6497,0.0,simulated
2026-06-10T06:27:40,3.7908,0.6269,0.6472,0.0,simulated
2026-06-10T06:27:50,3.7076,0.6571,0.6423,0.0,simulated
2026-06-10T06:28:00,3.5959,0.6502,0.6347,0.0,simulated
2026-06-10T06:28:10,3.8703,0.6344,0.6378,0.0,simulated
2026-06-10T06:28:20,3.7742,0.6486,0.637,0.0,simulated
2026-06-10T06:28:30,3.839,0.6394,0.6386,0.0,simulated
2026-06-10T06:28:40,3.9524,0.6256,0.6437,0.0,simulated
2026-06-10T06:28:50,3.9709,0.6472,0.6484,0.0,simulated
2026-06-10T06:29:00,4.1072,0.6395,0.6567,0.0,simulated
2026-06-10T06:29:10,4.0935,0.6534,0.6629,0.0,simulated
2026-06-10T06:29:20,4.1235,0.6548,0.6689,0.0,simulated
2026-06-10T06:29:30,4.0414,0.6759,0.6709,0.0,simulated
2026-06-10T06:29:40,4.076,0.6765,0.6737,0.0,simulated
2026-06-10T06:29:50,4.0235,0.6543,0.6741,0.0,simulated
2026-06-10T06:30:00,4.248,0.6682,0.682,0.0,simulated
2026-06-10T06:30:10,4.1237,0.6841,0.6842,0.0,simulated
2026-06-10T06:30:20,4.0965,0.692,0.685,0.0,simulated
2026-06-10T06:30:30,4.0347,0.6846,0.6836,0.0,simulated
2026-06-10T06:30:40,4.0725,0.6506,0.6837,0.0,simulated
2026-06-10T06:30:50,4.2191,0.708,0.6887,0.0,simulated
2026-06-10T06:31:00,4.2004,0.7187,0.6921,0.0,simulated
2026-06-10T06:31:10,4.3337,0.723,0.6993,0.0,simulated
2026-06-10T06:31:20,4.3094,0.7124,0.7042,0.0,simulated
2026-06-10T06:31:30,4.2711,0.717,0.7069,0.0,simulated
2026-06-10T06:31:40,4.3311,0.7012,0.711,0.0,simulated
2026-06-10T06:31:50,4.3352,0.7173,0.7145,0.0,simulated
2026-06-10T06:32:00,4.2879,0.6987,0.7157,0.0,simulated
2026-06-10T06:32:10,4.2457,0.717,0.7152,0.0,simulated
2026-06-10T06:32:20,4.1573,0.6904,0.7118,0.0,simulated
2026-06-10T06:32:30,4.2135,0.7198,0.711,0.0,simulated
2026-06-10T06:32:40,4.2189,0.7053,0.7106,0.0,simulated
2026-06-10T06:32:50,4.1895,0.7207,0.7092,0.0,simulated
2026-06-10T06:33:00,4.1945,0.7111,0.7083,0.0,simulated
2026-06-10T06:33:10,4.3063,0.7045,0.7114,0.0,simulated
2026-06-10T06:33:20,4.1906,0.7225,0.7099,0.0,simulated
2026-06-10T06:33:30,4.4111,0.6985,0.7161,0.0,simulated
2026-06-10T06:33:40,4.2522,0.7118,0.7158,0.0,simulated
2026-06-10T06:33:50,4.2391,0.707,0.7151,0.0,simulated
2026-06-10T06:34:00,4.2296,0.7253,0.7142,0.0,simulated
2026-06-10T06:34:10,4.3716,0.7171,0.7182,0.0,simulated
2026-06-10T06:34:20,4.4167,0.727,0.723,0.0,simulated
2026-06-10T06:34:30,4.492,0.7372,0.7293,0.0,simulated
2026-06-10T06:34:40,4.4974,0.6994,0.7346,0.0,simulated
2026-06-10T06:34:50,4.8171,0.7356,0.7495,0.0,simulated
2026-06-10T06:35:00,4.5956,0.7558,0.754,0.0,simulated
2026-06-10T06:35:10,4.3834,0.7657,0.7505,0.0,simulated
2026-06-10T06:35:20,4.5205,0.7609,0.7523,0.0,simulated
2026-06-10T06:35:30,4.5238,0.7735,0.7538,0.0,simulated
2026-06-10T06:35:40,4.6436,0.7558,0.7591,0.0,simulated
2026-06-10T06:35:50,4.5013,0.76,0.7585,0.0,simulated
2026-06-10T06:36:00,4.6431,0.7553,0.7628,0.0,simulated
2026-06-10T06:36:10,4.5688,0.7572,0.7638,0.0,simulated
2026-06-10T06:36:20,4.5447,0.7513,0.7637,0.0,simulated
2026-06-10T06:36:30,4.5893,0.757,0.7652,0.0,simulated
2026-06-10T06:36:40,4.4852,0.76,0.7628,0.0,simulated
2026-06-10T06:36:50,4.5982,0.755,0.7648,0.0,simulated
2026-06-10T06:37:00,4.3515,0.7584,0.758,0.0,simulated
2026-06-10T06:37:10,4.2763,0.7228,0.7501,0.0,simulated
2026-06-10T06:37:20,4.2201,0.7483,0.7419,0.0,simulated
2026-06-10T06:37:30,4.0629,0.7327,0.73,0.0,simulated
2026-06-10T06:37:40,4.1289,0.7294,0.7227,0.0,simulated
2026-06-10T06:37:50,4.1119,0.7094,0.7164,0.0,simulated
2026-06-10T06:38:00,4.0406,0.7012,0.7089,0.0,simulated
2026-06-10T06:38:10,4.184,0.7224,0.7077,0.0,simulated
2026-06-10T06:38:20,4.0688,0.7005,0.7028,0.0,simulated
2026-06-10T06:38:30,4.2998,0.7365,0.7067,0.0,simulated
2026-06-10T06:38:40,4.3791,0.6914,0.7125,0.0,simulated
2026-06-10T06:38:50,4.2717,0.7098,0.7136,0.0,simulated
2026-06-10T06:39:00,4.5004,0.7051,0.7221,0.0,simulated
2026-06-10T06:39:10,4.3683,0.7126,0.7244,0.0,simulated
2026-06-10T06:39:20,4.3607,0.7142,0.7261,0.0,simulated
2026-06-10T06:39:30,4.2843,0.7176,0.7248,0.0,simulated
2026-06-10T06:39:40,4.1949,0.7325,0.7208,0.0,simulated
2026-06-10T06:39:50,4.1215,0.698,0.7151,0.0,simulated
2026-06-10T06:40:00,4.1367,0.7202,0.7111,0.0,simulated
2026-06-10T06:40:10,4.3193,0.6924,0.714,0.0,simulated
2026-06-10T06:40:20,4.1572,0.7048,0.7109,0.0,simulated
2026-06-10T06:40:30,4.171,0.7286,0.7088,0.0,simulated
2026-06-10T06:40:40,3.9908,0.7081,0.7012,0.0,simulated
2026-06-10T06:40:50,4.1652,0.705,0.7009,0.0,simulated
2026-06-10T06:41:00,4.1681,0.7102,0.7008,0.0,simulated
2026-06-10T06:41:10,4.1897,0.71,0.7014,0.0,simulated
2026-06-10T06:41:20,4.1641,0.7104,0.701,0.0,simulated
2026-06-10T06:41:30,4.284,0.7258,0.7048,0.0,simulated
2026-06-10T06:41:40,4.272,0.6918,0.7073,0.0,simulated
2026-06-10T06:41:50,4.2122,0.7063,0.7074,0.0,simulated
2026-06-10T06:42:00,4.299,0.7199,0.7104,0.0,simulated
2026-06-10T06:42:10,4.1765,0.7199,0.7086,0.0,simulated
2026-06-10T06:42:20,4.1703,0.7154,0.707,0.0,simulated
2026-06-10T06:42:30,4.2891,0.7293,0.7097,0.0,simulated
2026-06-10T06:42:40,4.1955,0.7012,0.7088,0.0,simulated
2026-06-10T06:42:50,4.2597,0.6899,0.7101,0.0,simulated
2026-06-10T06:43:00,4.1199,0.7256,0.7065,0.0,simulated
2026-06-10T06:43:10,4.0291,0.7006,0.7006,0.0,simulated
2026-06-10T06:43:20,3.8917,0.683,0.6912,0.0,simulated
2026-06-10T06:43:30,3.8794,0.6839,0.6833,0.0,simulated
2026-06-10T06:43:40,4.0366,0.6758,0.6823,0.0,simulated
2026-06-10T06:43:50,4.0308,0.6964,0.6813,0.0,simulated
2026-06-10T06:44:00,3.8884,0.689,0.6757,0.0,simulated
2026-06-10T06:44:10,3.8406,0.6743,0.6696,0.0,simulated
2026-06-10T06:44:20,3.8163,0.672,0.6639,0.0,simulated
2026-06-10T06:44:30,3.9473,0.6642,0.6637,0.0,simulated
2026-06-10T06:44:40,3.8228,0.6748,0.6594,0.0,simulated
2026-06-10T06:44:50,3.8631,0.6219,0.6574,0.0,simulated
2026-06-10T06:45:00,3.8011,0.6361,0.6536,0.0,simulated
2026-06-10T06:45:10,3.8037,0.6501,0.6507,0.0,simulated
2026-06-10T06:45:20,3.803,0.6421,0.6483,0.0,simulated
2026-06-10T06:45:30,3.7525,0.6305,0.6447,0.0,simulated
2026-06-10T06:45:40,3.7425,0.6508,0.6415,0.0,simulated
2026-06-10T06:45:50,3.6918,0.6226,0.6373,0.0,simulated
2026-06-10T06:46:00,3.7794,0.6401,0.6368,0.0,simulated
2026-06-10T06:46:10,3.941,0.6437,0.6419,0.0,simulated
2026-06-10T06:46:20,3.8529,0.6438,0.643,0.0,simulated
2026-06-10T06:46:30,3.8869,0.6325,0.645,0.0,simulated
2026-06-10T06:46:40,3.9499,0.6458,0.6487,0.0,simulated
2026-06-10T06:46:50,3.7618,0.6638,0.6453,0.0,simulated
2026-06-10T06:47:00,3.661,0.6474,0.6393,0.0,simulated
2026-06-10T06:47:10,3.715,0.6507,0.6363,0.0,simulated
2026-06-10T06:47:20,3.7675,0.6344,0.6356,0.0,simulated
2026-06-10T06:47:30,3.6344,0.6051,0.6306,0.0,simulated
2026-06-10T06:47:40,3.4963,0.6149,0.6219,0.0,simulated
2026-06-10T06:47:50,3.6672,0.6185,0.6208,0.0,simulated
2026-06-10T06:48:00,3.6455,0.6386,0.6191,0.0,simulated
2026-06-10T06:48:10,3.6031,0.6334,0.6164,0.0,simulated
2026-06-10T06:48:20,3.5922,0.6202,0.6138,0.0,simulated
2026-06-10T06:48:30,3.4859,0.5953,0.6081,0.0,simulated
2026-06-10T06:48:40,3.3461,0.6009,0.5989,0.0,simulated
2026-06-10T06:48:50,3.4369,0.5907,0.5946,0.0,simulated
2026-06-10T06:49:00,3.516,0.5902,0.5938,0.0,simulated
2026-06-10T06:49:10,3.7071,0.5811,0.5996,0.0,simulated
2026-06-10T06:49:20,3.818,0.6149,0.608,0.0,simulated
2026-06-10T06:49:30,3.5329,0.6047,0.6051,0.0,simulated
2026-06-10T06:49:40,3.4358,0.6116,0.5995,0.0,simulated
2026-06-10T06:49:50,3.3888,0.5716,0.5935,0.0,simulated
2026-06-10T06:50:00,3.3436,0.5702,0.5871,0.0,simulated
2026-06-10T06:50:10,3.3213,0.636,0.5813,0.0,simulated
2026-06-10T06:50:20,3.1369,0.5572,0.5704,0.0,simulated
2026-06-10T06:50:30,3.0974,0.5647,0.5604,0.0,simulated
2026-06-10T06:50:40,3.123,0.5598,0.5533,0.0,simulated
2026-06-10T06:50:50,3.1388,0.5334,0.5481,0.0,simulated
2026-06-10T06:51:00,3.2372,0.5732,0.5472,0.0,simulated
2026-06-10T06:51:10,3.1857,0.5438,0.5448,0.0,simulated
2026-06-10T06:51:20,3.1586,0.5442,0.542,0.0,simulated
2026-06-10T06:51:30,3.2397,0.5697,0.5424,0.0,simulated
2026-06-10T06:51:40,3.2173,0.5302,0.5421,0.0,simulated
2026-06-10T06:51:50,3.0996,0.5305,0.5378,0.0,simulated
2026-06-10T06:52:00,2.9866,0.5254,0.5306,0.0,simulated
2026-06-10T06:52:10,3.0828,0.5075,0.5281,0.0,simulated
2026-06-10T06:52:20,3.0922,0.5305,0.5263,0.0,simulated
2026-06-10T06:52:30,3.2517,0.5374,0.5303,0.0,simulated
2026-06-10T06:52:40,3.1473,0.5328,0.53,0.0,simulated
2026-06-10T06:52:50,3.2596,0.5434,0.5335,0.0,simulated
2026-06-10T06:53:00,3.2625,0.5494,0.5364,0.0,simulated
2026-06-10T06:53:10,3.2052,0.5419,0.5369,0.0,simulated
2026-06-10T06:53:20,3.1875,0.533,0.5366,0.0,simulated
2026-06-10T06:53:30,3.066,0.5506,0.5323,0.0,simulated
2026-06-10T06:53:40,2.8584,0.5114,0.5219,0.0,simulated
2026-06-10T06:53:50,2.6481,0.5274,0.5065,0.0,simulated
2026-06-10T06:54:00,3.0507,0.5048,0.5077,0.0,simulated
2026-06-10T06:54:10,2.9504,0.5167,0.5053,0.0,simulated
2026-06-10T06:54:20,2.941,0.5304,0.503,0.0,simulated
2026-06-10T06:54:30,3.1334,0.4737,0.5077,0.0,simulated
2026-06-10T06:54:40,3.287,0.5137,0.5166,0.0,simulated
2026-06-10T06:54:50,3.4396,0.5228,0.5289,0.0,simulated
2026-06-10T06:55:00,3.389,0.5626,0.537,0.0,simulated
2026-06-10T06:55:10,3.4233,0.5385,0.5446,0.0,simulated
2026-06-10T06:55:20,3.4591,0.5928,0.5519,0.0,simulated
2026-06-10T06:55:30,3.4852,0.5357,0.5586,0.0,simulated
2026-06-10T06:55:40,3.69,0.5761,0.5709,0.0,simulated
2026-06-10T06:55:50,3.8693,0.5809,0.5867,0.0,simulated
2026-06-10T06:56:00,3.7792,0.6039,0.5963,0.0,simulated
2026-06-10T06:56:10,3.8482,0.5979,0.6064,0.0,simulated
2026-06-10T06:56:20,3.9393,0.6107,0.6175,0.0,simulated
2026-06-10T06:56:30,3.9483,0.5993,0.6266,0.0,simulated
2026-06-10T06:56:40,3.8981,0.6339,0.6323,0.0,simulated
2026-06-10T06:56:50,4.0421,0.6192,0.6416,0.0,simulated
2026-06-10T06:57:00,3.8018,0.6214,0.6411,0.0,simulated
2026-06-10T06:57:10,3.9802,0.6479,0.6466,0.0,simulated
2026-06-10T06:57:20,4.0317,0.6509,0.6527,0.0,simulated
2026-06-10T06:57:30,4.1301,0.6764,0.661,0.0,simulated
2026-06-10T06:57:40,4.3166,0.6535,0.6738,0.0,simulated
2026-06-10T06:57:50,4.1885,0.6861,0.6798,0.0,simulated
2026-06-10T06:58:00,3.9952,0.6829,0.6781,0.0,simulated
2026-06-10T06:58:10,3.8063,0.6658,0.6703,0.0,simulated
2026-06-10T06:58:20,3.8434,0.6534,0.6654,0.0,simulated
2026-06-10T06:58:30,3.725,0.6563,0.6575,0.0,simulated
2026-06-10T06:58:40,3.6774,0.6628,0.6496,0.0,simulated
2026-06-10T06:58:50,3.8848,0.6446,0.6502,0.0,simulated
2026-06-10T06:59:00,3.9399,0.6652,0.6525,0.0,simulated
2026-06-10T06:59:10,4.1265,0.6566,0.6607,0.0,simulated
2026-06-10T06:59:20,3.92,0.6861,0.6602,0.0,simulated
2026-06-10T06:59:30,4.1868,0.6693,0.6689,0.0,simulated
2026-06-10T06:59:40,4.352,0.6787,0.6813,0.0,simulated
2026-06-10T06:59:50,4.3164,0.6659,0.6901,0.0,simulated
2026-06-10T07:00:00,4.1713,0.6708,0.6922,0.0,simulated
2026-06-10T07:00:10,4.2703,0.703,0.6973,0.0,simulated
2026-06-10T07:00:20,4.2266,0.6964,0.6998,0.0,simulated
2026-06-10T07:00:30,4.1109,0.7022,0.698,0.0,simulated
2026-06-10T07:00:40,4.0133,0.683,0.6932,0.0,simulated
2026-06-10T07:00:50,4.0144,0.6872,0.6895,0.0,simulated
2026-06-10T07:01:00,4.036,0.6778,0.6872,0.0,simulated
2026-06-10T07:01:10,4.1379,0.6932,0.6888,0.0,simulated
2026-06-10T07:01:20,4.179,0.6882,0.6914,0.0,simulated
2026-06-10T07:01:30,3.8978,0.7121,0.6841,0.0,simulated
2026-06-10T07:01:40,3.7566,0.6632,0.6735,0.0,simulated
2026-06-10T07:01:50,3.7848,0.6828,0.666,0.0,simulated
2026-06-10T07:02:00,3.7788,0.6439,0.6598,0.0,simulated
2026-06-10T07:02:10,3.6385,0.6431,0.6501,0.0,simulated
2026-06-10T07:02:20,3.8175,0.6357,0.6483,0.0,simulated
2026-06-10T07:02:30,3.6591,0.6605,0.6416,0.0,simulated
2026-06-10T07:02:40,3.8111,0.6479,0.6413,0.0,simulated
2026-06-10T07:02:50,3.9692,0.6485,0.6464,0.0,simulated
2026-06-10T07:03:00,3.9595,0.6537,0.6502,0.0,simulated
2026-06-10T07:03:10,3.9599,0.6369,0.6532,0.0,simulated
2026-06-10T07:03:20,3.9177,0.6752,0.6542,0.0,simulated
2026-06-10T07:03:30,3.892,0.675,0.6541,0.0,simulated
2026-06-10T07:03:40,3.7156,0.6476,0.6481,0.0,simulated
2026-06-10T07:03:50,3.7061,0.6432,0.643,0.0,simulated
2026-06-10T07:04:00,3.6204,0.6458,0.6361,0.0,simulated
2026-06-10T07:04:10,3.8833,0.6367,0.6393,0.0,simulated
2026-06-10T07:04:20,3.8709,0.6385,0.6415,0.0,simulated
2026-06-10T07:04:30,3.9854,0.6397,0.6471,0.0,simulated
2026-06-10T07:04:40,4.0453,0.6484,0.6536,0.0,simulated
2026-06-10T07:04:50,4.1236,0.6543,0.6615,0.0,simulated
2026-06-10T07:05:00,4.0327,0.6756,0.6647,0.0,simulated
2026-06-10T07:05:10,4.0236,0.662,0.6669,0.0,simulated
2026-06-10T07:05:20,4.1453,0.6664,0.6728,0.0,simulated
2026-06-10T07:05:30,4.2896,0.673,0.6824,0.0,simulated
2026-06-10T07:05:40,4.4305,0.6723,0.6948,0.0,simulated
2026-06-10T07:05:50,4.4835,0.7299,0.7065,0.0,simulated
2026-06-10T07:06:00,4.5558,0.7259,0.7182,0.0,simulated
2026-06-10T07:06:10,4.6309,0.7432,0.7302,0.0,simulated
2026-06-10T07:06:20,4.7237,0.7349,0.7429,0.0,simulated
2026-06-10T07:06:30,4.7312,0.7751,0.7533,0.0,simulated
2026-06-10T07:06:40,4.4961,0.7559,0.7537,0.0,simulated
2026-06-10T07:06:50,4.3405,0.7706,0.7488,0.0,simulated
2026-06-10T07:07:00,4.2353,0.7411,0.7413,0.0,simulated
2026-06-10T07:07:10,4.4366,0.7415,0.7421,0.0,simulated
2026-06-10T07:07:20,4.085,0.723,0.731,0.0,simulated
2026-06-10T07:07:30,4.0103,0.7207,0.7195,0.0,simulated
2026-06-10T07:07:40,4.1646,0.7189,0.7155,0.0,simulated
2026-06-10T07:07:50,4.3249,0.7401,0.7178,0.0,simulated
2026-06-10T07:08:00,4.1262,0.7359,0.7128,0.0,simulated
2026-06-10T07:08:10,4.1722,0.7118,0.7105,0.0,simulated
2026-06-10T07:08:20,4.1738,0.7269,0.7086,0.0,simulated
2026-06-10T07:08:30,4.2535,0.669,0.7098,0.0,simulated
2026-06-10T07:08:40,4.3473,0.7069,0.7139,0.0,simulated
2026-06-10T07:08:50,4.265,0.7182,0.7144,0.0,simulated
2026-06-10T07:09:00,4.3141,0.7298,0.7165,0.0,simulated
2026-06-10T07:09:10,4.0474,0.7155,0.7092,0.0,simulated
2026-06-10T07:09:20,3.9301,0.6986,0.6994,0.0,simulated
2026-06-10T07:09:30,3.9516,0.6854,0.6923,0.0,simulated
2026-06-10T07:09:40,3.9732,0.6753,0.6873,0.0,simulated
2026-06-10T07:09:50,3.8053,0.7063,0.6777,0.0,simulated
2026-06-10T07:10:00,3.907,0.6903,0.6735,0.0,simulated
2026-06-10T07:10:10,3.7083,0.683,0.6634,0.0,simulated
2026-06-10T07:10:20,3.7635,0.6573,0.6571,0.0,simulated
2026-06-10T07:10:30,3.6266,0.6396,0.6476,0.0,simulated
2026-06-10T07:10:40,3.531,0.645,0.6367,0.0,simulated
2026-06-10T07:10:50,3.446,0.6248,0.6251,0.0,simulated
2026-06-10T07:11:00,3.35,0.6108,0.6127,0.0,simulated
2026-06-10T07:11:10,3.5755,0.6099,0.6103,0.0,simulated
2026-06-10T07:11:20,3.3947,0.5928,0.6023,0.0,simulated
2026-06-10T07:11:30,3.5118,0.5868,0.5998,0.0,simulated
2026-06-10T07:11:40,3.51,0.5942,0.5978,0.0,simulated
2026-06-10T07:11:50,3.4915,0.5748,0.5956,0.0,simulated
2026-06-10T07:12:00,3.3501,0.598,0.589,0.0,simulated
2026-06-10T07:12:10,3.3967,0.5979,0.5853,0.0,simulated
2026-06-10T07:12:20,3.4609,0.573,0.5846,0.0,simulated
2026-06-10T07:12:30,3.4178,0.5551,0.5825,0.0,simulated
2026-06-10T07:12:40,3.6248,0.5937,0.5878,0.0,simulated
2026-06-10T07:12:50,3.7883,0.6011,0.5975,0.0,simulated
2026-06-10T07:13:00,3.6153,0.5998,0.5995,0.0,simulated
2026-06-10T07:13:10,3.6411,0.5819,0.6019,0.0,simulated
2026-06-10T07:13:20,3.8643,0.5826,0.6114,0.0,simulated
2026-06-10T07:13:30,3.6953,0.6389,0.6133,0.0,simulated
2026-06-10T07:13:40,3.8605,0.6171,0.6203,0.0,simulated
2026-06-10T07:13:50,3.9915,0.6379,0.6304,0.0,simulated
2026-06-10T07:14:00,4.0552,0.6395,0.6406,0.0,simulated
2026-06-10T07:14:10,4.2306,0.6608,0.6546,0.0,simulated
2026-06-10T07:14:20,4.3102,0.6493,0.6685,0.0,simulated
2026-06-10T07:14:30,4.2394,0.6706,0.6772,0.0,simulated
2026-06-10T07:14:40,4.3416,0.6673,0.6877,0.0,simulated
2026-06-10T07:14:50,4.312,0.6787,0.695,0.0,simulated
2026-06-10T07:15:00,4.1625,0.6852,0.6959,0.0,simulated
2026-06-10T07:15:10,4.1914,0.6704,0.6975,0.0,simulated
2026-06-10T07:15:20,4.1425,0.6903,0.6972,0.0,simulated
2026-06-10T07:15:30,4.1228,0.6856,0.6963,0.0,simulated
2026-06-10T07:15:40,3.9593,0.6723,0.6901,0.0,simulated
2026-06-10T07:15:50,4.1535,0.6896,0.6916,0.0,simulated
2026-06-10T07:16:00,4.1088,0.6912,0.6913,0.0,simulated
2026-06-10T07:16:10,3.9838,0.6744,0.6869,0.0,simulated
2026-06-10T07:16:20,3.8692,0.7097,0.6795,0.0,simulated
2026-06-10T07:16:30,3.982,0.6882,0.6774,0.0,simulated
2026-06-10T07:16:40,4.0295,0.6942,0.6773,0.0,simulated
2026-06-10T07:16:50,4.142,0.6761,0.681,0.0,simulated
2026-06-10T07:17:00,4.3794,0.7054,0.692,0.0,simulated
2026-06-10T07:17:10,4.7167,0.7236,0.7121,0.0,simulated
2026-06-10T07:17:20,4.7009,0.7123,0.7276,0.0,simulated
2026-06-10T07:17:30,4.6755,0.7289,0.7392,0.0,simulated
2026-06-10T07:17:40,4.2911,0.7793,0.7355,0.0,simulated
2026-06-10T07:17:50,4.4238,0.7309,0.7371,0.0,simulated
2026-06-10T07:18:00,4.2835,0.7409,0.7336,0.0,simulated
2026-06-10T07:18:10,4.3389,0.7294,0.7326,0.0,simulated
2026-06-10T07:18:20,4.2517,0.7414,0.729,0.0,simulated
2026-06-10T07:18:30,4.2745,0.7119,0.7268,0.0,simulated
2026-06-10T07:18:40,4.1494,0.7058,0.7209,0.0,simulated
2026-06-10T07:18:50,4.1781,0.7341,0.7171,0.0,simulated
2026-06-10T07:19:00,3.9555,0.7095,0.7066,0.0,simulated
2026-06-10T07:19:10,3.8438,0.6572,0.6944,0.0,simulated
2026-06-10T07:19:20,3.7185,0.6808,0.6805,0.0,simulated
2026-06-10T07:19:30,3.8161,0.6699,0.6726,0.0,simulated
2026-06-10T07:19:40,3.6476,0.6713,0.6606,0.0,simulated
2026-06-10T07:19:50,3.5842,0.6538,0.6489,0.0,simulated
2026-06-10T07:20:00,3.5797,0.6446,0.6394,0.0,simulated
2026-06-10T07:20:10,3.5363,0.6317,0.6304,0.0,simulated
2026-06-10T07:20:20,3.7755,0.6355,0.6311,0.0,simulated
2026-06-10T07:20:30,3.7645,0.6141,0.6314,0.0,simulated
2026-06-10T07:20:40,3.8177,0.6212,0.6334,0.0,simulated
2026-06-10T07:20:50,3.7925,0.6214,0.6341,0.0,simulated
2026-06-10T07:21:00,3.8517,0.6166,0.6367,0.0,simulated
2026-06-10T07:21:10,3.8467,0.6505,0.6386,0.0,simulated
2026-06-10T07:21:20,3.8386,0.656,0.6399,0.0,simulated
2026-06-10T07:21:30,3.8847,0.6516,0.6424,0.0,simulated
2026-06-10T07:21:40,3.7435,0.6307,0.6397,0.0,simulated
2026-06-10T07:21:50,3.7854,0.6309,0.639,0.0,simulated
2026-06-10T07:22:00,3.5166,0.6227,0.6293,0.0,simulated
2026-06-10T07:22:10,3.6921,0.6442,0.6275,0.0,simulated
2026-06-10T07:22:20,3.9836,0.6438,0.6359,0.0,simulated
2026-06-10T07:22:30,4.0467,0.6707,0.6447,0.0,simulated
2026-06-10T07:22:40,4.0034,0.6357,0.6502,0.0,simulated
2026-06-10T07:22:50,3.9858,0.6507,0.6541,0.0,simulated
2026-06-10T07:23:00,4.3476,0.6505,0.6694,0.0,simulated
2026-06-10T07:23:10,4.4516,0.6638,0.6851,0.0,simulated
2026-06-10T07:23:20,4.4171,0.6941,0.6965,0.0,simulated
2026-06-10T07:23:30,4.4467,0.7016,0.7066,0.0,simulated
2026-06-10T07:23:40,4.4128,0.7058,0.7135,0.0,simulated
2026-06-10T07:23:50,4.4578,0.6976,0.7206,0.0,simulated
2026-06-10T07:24:00,4.4955,0.7305,0.7275,0.0,simulated
2026-06-10T07:24:10,4.4761,0.7282,0.7324,0.0,simulated
2026-06-10T07:24:20,4.5315,0.7519,0.7382,0.0,simulated
2026-06-10T07:24:30,4.6155,0.7539,0.7456,0.0,simulated
2026-06-10T07:24:40,4.5409,0.7294,0.7491,0.0,simulated
2026-06-10T07:24:50,4.3767,0.7523,0.7463,0.0,simulated
2026-06-10T07:25:00,4.3289,0.7335,0.7425,0.0,simulated
2026-06-10T07:25:10,4.3563,0.7634,0.7404,0.0,simulated
2026-06-10T07:25:20,4.4214,0.7404,0.7409,0.0,simulated
2026-06-10T07:25:30,4.5209,0.737,0.7446,0.0,simulated
2026-06-10T07:25:40,4.505,0.7409,0.747,0.0,simulated
2026-06-10T07:25:50,4.614,0.7301,0.7527,0.0,simulated
2026-06-10T07:26:00,4.572,0.7749,0.7558,0.0,simulated
2026-06-10T07:26:10,4.429,0.7852,0.7534,0.0,simulated
2026-06-10T07:26:20,4.464,0.7268,0.7527,0.0,simulated
2026-06-10T07:26:30,4.4912,0.7493,0.7531,0.0,simulated
2026-06-10T07:26:40,4.4616,0.7507,0.7524,0.0,simulated
2026-06-10T07:26:50,4.2297,0.7351,0.744,0.0,simulated
2026-06-10T07:27:00,4.1792,0.7539,0.7356,0.0,simulated
2026-06-10T07:27:10,4.0339,0.7428,0.724,0.0,simulated
2026-06-10T07:27:20,4.3176,0.7206,0.7243,0.0,simulated
2026-06-10T07:27:30,4.323,0.7558,0.7247,0.0,simulated
2026-06-10T07:27:40,4.4909,0.7311,0.7307,0.0,simulated
2026-06-10T07:27:50,4.4212,0.7294,0.7331,0.0,simulated
2026-06-10T07:28:00,4.197,0.7317,0.7275,0.0,simulated
2026-06-10T07:28:10,3.9495,0.7035,0.7147,0.0,simulated
2026-06-10T07:28:20,4.0231,0.7287,0.7069,0.0,simulated
2026-06-10T07:28:30,3.9342,0.707,0.6977,0.0,simulated
2026-06-10T07:28:40,3.8671,0.6828,0.6881,0.0,simulated
2026-06-10T07:28:50,3.771,0.6744,0.6772,0.0,simulated
2026-06-10T07:29:00,3.7661,0.6547,0.6683,0.0,simulated
2026-06-10T07:29:10,3.612,0.6599,0.656,0.0,simulated
2026-06-10T07:29:20,3.6025,0.6264,0.6458,0.0,simulated
2026-06-10T07:29:30,3.5491,0.636,0.6359,0.0,simulated
2026-06-10T07:29:40,3.5812,0.6213,0.6291,0.0,simulated
2026-06-10T07:29:50,3.5853,0.6322,0.6237,0.0,simulated
2026-06-10T07:30:00,3.523,0.633,0.6174,0.0,simulated
2026-06-10T07:30:10,3.5762,0.6258,0.614,0.0,simulated
2026-06-10T07:30:20,3.6517,0.6121,0.6139,0.0,simulated
2026-06-10T07:30:30,3.6772,0.6041,0.6147,0.0,simulated
2026-06-10T07:30:40,3.8501,0.6166,0.6211,0.0,simulated
2026-06-10T07:30:50,3.5943,0.6174,0.6177,0.0,simulated
2026-06-10T07:31:00,3.7941,0.6289,0.6216,0.0,simulated
2026-06-10T07:31:10,3.973,0.6223,0.6308,0.0,simulated
2026-06-10T07:31:20,4.105,0.628,0.6426,0.0,simulated
2026-06-10T07:31:30,4.0047,0.6512,0.6486,0.0,simulated
2026-06-10T07:31:40,3.9725,0.6727,0.6524,0.0,simulated
2026-06-10T07:31:50,3.8838,0.6805,0.6524,0.0,simulated
2026-06-10T07:32:00,3.7077,0.6584,0.6465,0.0,simulated
2026-06-10T07:32:10,3.5057,0.6201,0.635,0.0,simulated
2026-06-10T07:32:20,3.7064,0.6536,0.6325,0.0,simulated
2026-06-10T07:32:30,3.5989,0.6143,0.6269,0.0,simulated
2026-06-10T07:32:40,3.8125,0.6181,0.6297,0.0,simulated
2026-06-10T07:32:50,3.919,0.6418,0.6354,0.0,simulated
2026-06-10T07:33:00,4.2131,0.6292,0.6499,0.0,simulated
2026-06-10T07:33:10,4.3174,0.677,0.665,0.0,simulated
2026-06-10T07:33:20,4.0147,0.6661,0.6669,0.0,simulated
2026-06-10T07:33:30,4.0289,0.6749,0.6689,0.0,simulated
2026-06-10T07:33:40,3.9579,0.6557,0.6681,0.0,simulated
2026-06-10T07:33:50,3.9635,0.6803,0.6676,0.0,simulated
2026-06-10T07:34:00,3.7939,0.6693,0.6616,0.0,simulated
2026-06-10T07:34:10,3.5879,0.6444,0.6498,0.0,simulated
2026-06-10T07:34:20,3.7544,0.6602,0.646,0.0,simulated
2026-06-10T07:34:30,3.8387,0.6059,0.6458,0.0,simulated
2026-06-10T07:34:40,3.9032,0.6532,0.6478,0.0,simulated
2026-06-10T07:34:50,3.8651,0.6465,0.6481,0.0,simulated
2026-06-10T07:35:00,3.8215,0.6349,0.6469,0.0,simulated
2026-06-10T07:35:10,3.7459,0.646,0.6434,0.0,simulated
2026-06-10T07:35:20,3.6244,0.644,0.6365,0.0,simulated
2026-06-10T07:35:30,3.5752,0.6182,0.6293,0.0,simulated
2026-06-10T07:35:40,3.3746,0.615,0.6168,0.0,simulated
2026-06-10T07:35:50,3.5001,0.6104,0.6111,0.0,simulated
2026-06-10T07:36:00,3.5153,0.6129,0.607,0.0,simulated
2026-06-10T07:36:10,3.537,0.6228,0.6044,0.0,simulated
2026-06-10T07:36:20,3.3993,0.5908,0.5977,0.0,simulated
2026-06-10T07:36:30,3.4476,0.6138,0.594,0.0,simulated
2026-06-10T07:36:40,3.4227,0.5707,0.5902,0.0,simulated
2026-06-10T07:36:50,3.3365,0.5888,0.5843,0.0,simulated
2026-06-10T07:37:00,3.4999,0.5592,0.585,0.0,simulated
2026-06-10T07:37:10,3.6082,0.5903,0.5893,0.0,simulated
2026-06-10T07:37:20,3.4215,0.5972,0.5864,0.0,simulated
2026-06-10T07:37:30,3.5039,0.6172,0.5868,0.0,simulated
2026-06-10T07:37:40,3.648,0.5928,0.592,0.0,simulated
2026-06-10T07:37:50,3.6957,0.5866,0.5978,0.0,simulated
2026-06-10T07:38:00,3.8513,0.623,0.6076,0.0,simulated
2026-06-10T07:38:10,3.7519,0.6128,0.6122,0.0,simulated
2026-06-10T07:38:20,3.6274,0.6131,0.6116,0.0,simulated
2026-06-10T07:38:30,3.4951,0.6205,0.6067,0.0,simulated
2026-06-10T07:38:40,3.4886,0.619,0.6026,0.0,simulated
2026-06-10T07:38:50,3.3496,0.5687,0.5946,0.0,simulated
2026-06-10T07:39:00,3.2784,0.5866,0.5859,0.0,simulated
2026-06-10T07:39:10,3.2875,0.5789,0.5791,0.0,simulated
2026-06-10T07:39:20,2.9301,0.5457,0.5618,0.0,simulated
2026-06-10T07:39:30,3.1131,0.5297,0.554,0.0,simulated
2026-06-10T07:39:40,3.1662,0.5486,0.5496,0.0,simulated
2026-06-10T07:39:50,3.1719,0.5393,0.5463,0.0,simulated
2026-06-10T07:40:00,3.1446,0.5318,0.5427,0.0,simulated
2026-06-10T07:40:10,3.0672,0.5351,0.5372,0.0,simulated
2026-06-10T07:40:20,3.2114,0.5324,0.5377,0.0,simulated
2026-06-10T07:40:30,3.3833,0.5441,0.5438,0.0,simulated
2026-06-10T07:40:40,3.5288,0.5773,0.5536,0.0,simulated
2026-06-10T07:40:50,3.6938,0.5665,0.567,0.0,simulated
2026-06-10T07:41:00,3.8954,0.6127,0.5845,0.0,simulated
2026-06-10T07:41:10,3.9558,0.6192,0.6005,0.0,simulated
2026-06-10T07:41:20,4.0599,0.6313,0.6168,0.0,simulated
2026-06-10T07:41:30,4.09,0.6199,0.6309,0.0,simulated
2026-06-10T07:41:40,4.1654,0.6403,0.6447,0.0,simulated
2026-06-10T07:41:50,4.3039,0.6465,0.6603,0.0,simulated
2026-06-10T07:42:00,4.0648,0.6711,0.6648,0.0,simulated
2026-06-10T07:42:10,4.0656,0.6675,0.6685,0.0,simulated
2026-06-10T07:42:20,3.858,0.671,0.6644,0.0,simulated
2026-06-10T07:42:30,3.9673,0.6694,0.6648,0.0,simulated
2026-06-10T07:42:40,3.8155,0.6626,0.6601,0.0,simulated
2026-06-10T07:42:50,4.1294,0.6614,0.6668,0.0,simulated
2026-06-10T07:43:00,4.2376,0.6612,0.6758,0.0,simulated
2026-06-10T07:43:10,4.0357,0.6696,0.6763,0.0,simulated
2026-06-10T07:43:20,4.0015,0.6862,0.6755,0.0,simulated
2026-06-10T07:43:30,4.0559,0.6742,0.6766,0.0,simulated
2026-06-10T07:43:40,4.0006,0.6748,0.6757,0.0,simulated
2026-06-10T07:43:50,3.8508,0.683,0.67,0.0,simulated
2026-06-10T07:44:00,3.9137,0.6748,0.6675,0.0,simulated
2026-06-10T07:44:10,3.9326,0.644,0.6661,0.0,simulated
2026-06-10T07:44:20,3.9398,0.6641,0.6653,0.0,simulated
2026-06-10T07:44:30,3.9209,0.6509,0.664,0.0,simulated
2026-06-10T07:44:40,4.1832,0.6709,0.6717,0.0,simulated
2026-06-10T07:44:50,4.2705,0.6867,0.6809,0.0,simulated
2026-06-10T07:45:00,4.3329,0.6979,0.6903,0.0,simulated
2026-06-10T07:45:10,4.115,0.7154,0.6905,0.0,simulated
2026-06-10T07:45:20,4.0122,0.6797,0.6872,0.0,simulated
2026-06-10T07:45:30,3.8944,0.6762,0.6806,0.0,simulated
2026-06-10T07:45:40,3.8731,0.6832,0.6746,0.0,simulated
2026-06-10T07:45:50,3.8573,0.6837,0.6693,0.0,simulated
2026-06-10T07:46:00,4.0316,0.6554,0.6709,0.0,simulated
2026-06-10T07:46:10,3.976,0.6806,0.6703,0.0,simulated
2026-06-10T07:46:20,4.0688,0.6829,0.673,0.0,simulated
2026-06-10T07:46:30,4.068,0.6728,0.6751,0.0,simulated
2026-06-10T07:46:40,4.1623,0.6757,0.6799,0.0,simulated
2026-06-10T07:46:50,4.2212,0.6967,0.6858,0.0,simulated
2026-06-10T07:47:00,4.2513,0.6979,0.6914,0.0,simulated
2026-06-10T07:47:10,4.4492,0.7087,0.7026,0.0,simulated
2026-06-10T07:47:20,4.504,0.7025,0.7135,0.0,simulated
2026-06-10T07:47:30,4.6881,0.7024,0.7283,0.0,simulated
2026-06-10T07:47:40,4.5768,0.735,0.7364,0.0,simulated
2026-06-10T07:47:50,4.5604,0.7383,0.7424,0.0,simulated
2026-06-10T07:48:00,4.4696,0.7509,0.7441,0.0,simulated
2026-06-10T07:48:10,4.3652,0.7305,0.7419,0.0,simulated
2026-06-10T07:48:20,4.4185,0.7515,0.742,0.0,simulated
2026-06-10T07:48:30,4.1994,0.7408,0.7347,0.0,simulated
2026-06-10T07:48:40,4.2587,0.7198,0.7309,0.0,simulated
2026-06-10T07:48:50,4.2104,0.7403,0.7262,0.0,simulated
2026-06-10T07:49:00,4.3978,0.7235,0.7287,0.0,simulated
2026-06-10T07:49:10,4.5548,0.7255,0.736,0.0,simulated
2026-06-10T07:49:20,4.4888,0.7434,0.7396,0.0,simulated
2026-06-10T07:49:30,4.5383,0.744,0.7442,0.0,simulated
2026-06-10T07:49:40,4.5315,0.734,0.7476,0.0,simulated
2026-06-10T07:49:50,4.3957,0.7551,0.7458,0.0,simulated
2026-06-10T07:50:00,4.4589,0.7463,0.7464,0.0,simulated
2026-06-10T07:50:10,4.3474,0.7319,0.7432,0.0,simulated
2026-06-10T07:50:20,4.0684,0.705,0.7313,0.0,simulated
2026-06-10T07:50:30,4.0907,0.7289,0.7225,0.0,simulated
2026-06-10T07:50:40,3.9674,0.7128,0.7113,0.0,simulated
2026-06-10T07:50:50,4.0035,0.7053,0.7035,0.0,simulated
2026-06-10T07:51:00,3.7734,0.7103,0.6896,0.0,simulated
2026-06-10T07:51:10,3.5335,0.6331,0.6704,0.0,simulated
2026-06-10T07:51:20,3.5413,0.6744,0.6553,0.0,simulated
2026-06-10T07:51:30,3.5232,0.6631,0.6426,0.0,simulated
2026-06-10T07:51:40,3.473,0.6161,0.6308,0.0,simulated
2026-06-10T07:51:50,3.5191,0.6381,0.6229,0.0,simulated
2026-06-10T07:52:00,3.3676,0.5993,0.6115,0.0,simulated
2026-06-10T07:52:10,3.2655,0.5833,0.5989,0.0,simulated
2026-06-10T07:52:20,3.4619,0.5939,0.5954,0.0,simulated
2026-06-10T07:52:30,3.779,0.6307,0.6033,0.0,simulated
2026-06-10T07:52:40,3.8803,0.6185,0.613,0.0,simulated
2026-06-10T07:52:50,3.7729,0.6179,0.6172,0.0,simulated
2026-06-10T07:53:00,3.8368,0.636,0.6227,0.0,simulated
2026-06-10T07:53:10,3.7586,0.6151,0.6244,0.0,simulated
2026-06-10T07:53:20,3.773,0.6488,0.6263,0.0,simulated
2026-06-10T07:53:30,3.8956,0.6555,0.6319,0.0,simulated
2026-06-10T07:53:40,3.8413,0.6411,0.6346,0.0,simulated
2026-06-10T07:53:50,3.8105,0.6239,0.6357,0.0,simulated
2026-06-10T07:54:00,4.1587,0.6644,0.6483,0.0,simulated
2026-06-10T07:54:10,4.1859,0.6637,0.6593,0.0,simulated
2026-06-10T07:54:20,4.0365,0.6727,0.6631,0.0,simulated
2026-06-10T07:54:30,4.0069,0.6821,0.6651,0.0,simulated
2026-06-10T07:54:40,3.918,0.6703,0.6637,0.0,simulated
2026-06-10T07:54:50,3.9494,0.6501,0.6637,0.0,simulated
2026-06-10T07:55:00,3.917,0.6849,0.6625,0.0,simulated
2026-06-10T07:55:10,3.6172,0.6558,0.6516,0.0,simulated
2026-06-10T07:55:20,3.6037,0.6472,0.6423,0.0,simulated
2026-06-10T07:55:30,3.5798,0.6434,0.6342,0.0,simulated
2026-06-10T07:55:40,3.5294,0.6306,0.6259,0.0,simulated
2026-06-10T07:55:50,3.3166,0.6234,0.6122,0.0,simulated
2026-06-10T07:56:00,3.1444,0.5983,0.5954,0.0,simulated
2026-06-10T07:56:10,3.2474,0.5828,0.5854,0.0,simulated
2026-06-10T07:56:20,3.3148,0.5715,0.5797,0.0,simulated
2026-06-10T07:56:30,3.2326,0.5647,0.5724,0.0,simulated
2026-06-10T07:56:40,3.3016,0.5645,0.5688,0.0,simulated
2026-06-10T07:56:50,3.2997,0.5808,0.5659,0.0,simulated
2026-06-10T07:57:00,3.4636,0.5641,0.5691,0.0,simulated
2026-06-10T07:57:10,3.5173,0.5718,0.5735,0.0,simulated
2026-06-10T07:57:20,3.3269,0.5691,0.5706,0.0,simulated
2026-06-10T07:57:30,3.302,0.5754,0.5674,0.0,simulated
2026-06-10T07:57:40,3.4863,0.5808,0.5711,0.0,simulated
2026-06-10T07:57:50,3.3732,0.5998,0.5702,0.0,simulated
2026-06-10T07:58:00,3.2853,0.5456,0.5665,0.0,simulated
2026-06-10T07:58:10,3.0882,0.5536,0.557,0.0,simulated
2026-06-10T07:58:20,3.0464,0.5566,0.548,0.0,simulated
2026-06-10T07:58:30,3.013,0.5143,0.5396,0.0,simulated
2026-06-10T07:58:40,3.2417,0.5667,0.5406,0.0,simulated
2026-06-10T07:58:50,3.3599,0.5436,0.5454,0.0,simulated
2026-06-10T07:59:00,3.3963,0.5385,0.5504,0.0,simulated
2026-06-10T07:59:10,3.4877,0.5721,0.5575,0.0,simulated
2026-06-10T07:59:20,3.2364,0.5218,0.5548,0.0,simulated
2026-06-10T07:59:30,3.1221,0.5519,0.5487,0.0,simulated
2026-06-10T07:59:40,3.184,0.5311,0.5459,0.0,simulated
2026-06-10T07:59:50,3.34,0.5488,0.549,0.0,simulated
2026-06-10T08:00:00,3.3653,0.5579,0.5523,0.8,simulated
2026-06-10T08:00:10,3.4416,1.3693,0.5574,0.8,simulated
2026-06-10T08:00:20,3.4064,1.3666,0.5604,0.8,simulated
2026-06-10T08:00:30,3.4254,1.3947,0.5634,0.8,simulated
2026-06-10T08:00:40,3.3524,1.3643,0.5634,0.8,simulated
2026-06-10T08:00:50,3.3635,1.3586,0.5637,0.8,simulated
2026-06-10T08:01:00,3.6095,1.3906,0.5723,0.8,simulated
2026-06-10T08:01:10,3.5525,1.3762,0.5772,0.8,simulated
2026-06-10T08:01:20,3.6825,1.3917,0.5855,0.8,simulated
2026-06-10T08:01:30,3.6114,1.3307,0.5897,0.8,simulated
2026-06-10T08:01:40,3.5561,1.3981,0.5913,0.8,simulated
2026-06-10T08:01:50,3.8824,1.4023,0.6035,0.8,simulated
2026-06-10T08:02:00,3.8405,1.4053,0.6118,0.8,simulated
2026-06-10T08:02:10,3.7101,1.4043,0.6141,0.8,simulated
2026-06-10T08:02:20,3.652,1.4275,0.614,0.8,simulated
2026-06-10T08:02:30,3.5947,1.3813,0.612,0.8,simulated
2026-06-10T08:02:40,3.6929,1.4609,0.6137,0.8,simulated
2026-06-10T08:02:50,3.7933,1.4357,0.6184,0.8,simulated
2026-06-10T08:03:00,3.792,1.4277,0.6221,0.8,simulated
2026-06-10T08:03:10,3.846,1.4554,0.6269,0.8,simulated
2026-06-10T08:03:20,4.0238,1.4409,0.6367,0.8,simulated
2026-06-10T08:03:30,3.9643,1.4292,0.6426,0.8,simulated
2026-06-10T08:03:40,3.8986,1.4605,0.6451,0.8,simulated
2026-06-10T08:03:50,3.8154,1.4197,0.6442,0.8,simulated
2026-06-10T08:04:00,3.8987,1.4554,0.6464,0.8,simulated
2026-06-10T08:04:10,3.7901,1.4624,0.6445,0.8,simulated
2026-06-10T08:04:20,3.8194,1.4519,0.6439,0.8,simulated
2026-06-10T08:04:30,3.754,1.4195,0.6413,0.8,simulated
2026-06-10T08:04:40,3.9769,1.4497,0.6466,0.8,simulated
2026-06-10T08:04:50,3.9389,1.4478,0.6496,0.8,simulated
2026-06-10T08:05:00,3.8694,1.4386,0.6497,0.8,simulated
2026-06-10T08:05:10,3.8965,1.416,0.6507,0.8,simulated
2026-06-10T08:05:20,3.8278,1.4314,0.6492,0.8,simulated
2026-06-10T08:05:30,4.1645,1.4518,0.6593,0.8,simulated
2026-06-10T08:05:40,4.1201,1.4827,0.6659,0.8,simulated
2026-06-10T08:05:50,4.0517,1.5101,0.6688,0.8,simulated
2026-06-10T08:06:00,4.0227,1.4831,0.6702,0.8,simulated
2026-06-10T08:06:10,4.0809,1.4615,0.6733,0.8,simulated
2026-06-10T08:06:20,4.0462,1.4683,0.6746,0.8,simulated
2026-06-10T08:06:30,4.0312,1.4914,0.6751,0.8,simulated
2026-06-10T08:06:40,3.9209,1.481,0.6718,0.8,simulated
2026-06-10T08:06:50,4.0365,1.479,0.6731,0.8,simulated
2026-06-10T08:07:00,4.1464,1.4814,0.6778,0.8,simulated
2026-06-10T08:07:10,4.078,1.4972,0.6793,0.8,simulated
2026-06-10T08:07:20,3.9681,1.5103,0.6767,0.8,simulated
2026-06-10T08:07:30,4.0337,1.4771,0.6769,0.8,simulated
2026-06-10T08:07:40,3.9365,1.4762,0.6738,0.8,simulated
2026-06-10T08:07:50,4.1102,1.4847,0.6771,0.8,simulated
2026-06-10T08:08:00,4.4344,1.4838,0.6907,0.8,simulated
2026-06-10T08:08:10,4.2917,1.4639,0.6968,0.8,simulated
2026-06-10T08:08:20,4.0273,1.5001,0.6927,0.8,simulated
2026-06-10T08:08:30,3.9174,1.4748,0.6858,0.8,simulated
2026-06-10T08:08:40,3.8906,1.4991,0.6794,0.8,simulated
2026-06-10T08:08:50,3.6295,1.4682,0.6654,0.8,simulated
2026-06-10T08:09:00,3.6028,1.4759,0.6534,0.8,simulated
2026-06-10T08:09:10,3.741,1.4356,0.6484,0.8,simulated
2026-06-10T08:09:20,3.7891,1.463,0.6461,0.8,simulated
2026-06-10T08:09:30,3.8228,1.4208,0.6453,0.8,simulated
2026-06-10T08:09:40,3.8826,1.4608,0.6467,0.8,simulated
2026-06-10T08:09:50,4.1768,1.4541,0.6577,0.8,simulated
2026-06-10T08:10:00,4.0362,1.4758,0.6618,0.8,simulated
2026-06-10T08:10:10,4.0019,1.4585,0.6639,0.8,simulated
2026-06-10T08:10:20,3.9198,1.473,0.6628,0.8,simulated
2026-06-10T08:10:30,3.9178,1.4694,0.6619,0.8,simulated
2026-06-10T08:10:40,4.1781,1.4756,0.6699,0.8,simulated
2026-06-10T08:10:50,4.074,1.4794,0.6728,0.8,simulated
2026-06-10T08:11:00,4.1432,1.5027,0.6775,0.8,simulated
2026-06-10T08:11:10,4.0406,1.4693,0.6777,0.8,simulated
2026-06-10T08:11:20,3.8338,1.4921,0.671,0.8,simulated
2026-06-10T08:11:30,4.119,1.4699,0.6752,0.8,simulated
2026-06-10T08:11:40,4.0943,1.4958,0.6777,0.8,simulated
2026-06-10T08:11:50,3.9554,1.5102,0.6751,0.8,simulated
2026-06-10T08:12:00,3.9032,1.4592,0.6712,0.8,simulated
2026-06-10T08:12:10,4.1277,1.4433,0.6757,0.8,simulated
2026-06-10T08:12:20,4.1758,1.4833,0.6808,0.8,simulated
2026-06-10T08:12:30,4.1255,1.4729,0.6833,0.8,simulated
2026-06-10T08:12:40,4.1564,1.4784,0.6863,0.8,simulated
2026-06-10T08:12:50,4.2855,1.4881,0.693,0.8,simulated
2026-06-10T08:13:00,4.5615,1.4997,0.7077,0.8,simulated
2026-06-10T08:13:10,4.6615,1.5442,0.7228,0.8,simulated
2026-06-10T08:13:20,4.3949,1.5428,0.7259,0.8,simulated
2026-06-10T08:13:30,4.5244,1.5501,0.7327,0.8,simulated
2026-06-10T08:13:40,4.4464,1.5703,0.7356,0.8,simulated
2026-06-10T08:13:50,4.2208,1.5187,0.7303,0.8,simulated
2026-06-10T08:14:00,4.0928,1.4843,0.7217,0.8,simulated
2026-06-10T08:14:10,4.1956,1.5487,0.7184,0.8,simulated
2026-06-10T08:14:20,4.2397,1.5209,0.7172,0.8,simulated
2026-06-10T08:14:30,4.136,1.5119,0.7127,0.8,simulated
2026-06-10T08:14:40,4.1379,1.4821,0.7092,0.8,simulated
2026-06-10T08:14:50,4.1324,1.4859,0.7062,0.8,simulated
2026-06-10T08:15:00,4.1972,1.5164,0.706,0.8,simulated
2026-06-10T08:15:10,4.0653,1.4992,0.7014,0.8,simulated
2026-06-10T08:15:20,3.9358,1.4611,0.6933,0.8,simulated
2026-06-10T08:15:30,4.0114,1.4754,0.6895,0.8,simulated
2026-06-10T08:15:40,4.0845,1.5045,0.6888,0.8,simulated
2026-06-10T08:15:50,4.149,1.5096,0.6905,0.8,simulated
2026-06-10T08:16:00,4.1369,1.4946,0.6914,0.8,simulated
2026-06-10T08:16:10,3.9652,1.5288,0.6863,0.8,simulated
2026-06-10T08:16:20,3.8684,1.4944,0.679,0.8,simulated
2026-06-10T08:16:30,3.7726,1.4971,0.67,0.8,simulated
2026-06-10T08:16:40,3.6209,1.4777,0.6577,0.8,simulated
2026-06-10T08:16:50,3.627,1.4605,0.648,0.8,simulated
2026-06-10T08:17:00,3.748,1.4242,0.6443,0.8,simulated
2026-06-10T08:17:10,3.8001,1.4191,0.6431,0.8,simulated
2026-06-10T08:17:20,3.8617,1.4331,0.6443,0.8,simulated
2026-06-10T08:17:30,3.954,1.4521,0.6483,0.8,simulated
2026-06-10T08:17:40,3.8924,1.4494,0.6494,0.8,simulated
2026-06-10T08:17:50,3.9791,1.4588,0.6532,0.8,simulated
2026-06-10T08:18:00,3.7677,1.4489,0.6492,0.8,simulated
2026-06-10T08:18:10,3.7608,1.4529,0.6457,0.8,simulated
2026-06-10T08:18:20,3.7754,1.4582,0.6434,0.8,simulated
2026-06-10T08:18:30,3.63,1.4368,0.6367,0.8,simulated
2026-06-10T08:18:40,3.6065,1.4262,0.6305,0.8,simulated
2026-06-10T08:18:50,3.5291,1.3837,0.623,0.8,simulated
2026-06-10T08:19:00,3.6883,1.4354,0.6223,0.8,simulated
2026-06-10T08:19:10,3.7972,1.4138,0.6254,0.8,simulated
2026-06-10T08:19:20,3.6873,1.4106,0.6243,0.8,simulated
2026-06-10T08:19:30,3.6892,1.4364,0.6234,0.8,simulated
2026-06-10T08:19:40,3.7539,1.4386,0.6248,0.8,simulated
2026-06-10T08:19:50,3.7354,1.4356,0.6254,0.8,simulated
2026-06-10T08:20:00,3.8492,1.4439,0.6296,0.8,simulated
2026-06-10T08:20:10,4.1036,1.4252,0.6416,0.8,simulated
2026-06-10T08:20:20,3.9463,1.4424,0.6459,0.8,simulated
2026-06-10T08:20:30,3.9243,1.4403,0.6485,0.8,simulated
2026-06-10T08:20:40,4.0328,1.4803,0.6543,0.8,simulated
2026-06-10T08:20:50,4.1223,1.4749,0.662,0.8,simulated
2026-06-10T08:21:00,4.2428,1.4685,0.6721,0.8,simulated
2026-06-10T08:21:10,4.1646,1.4903,0.6776,0.8,simulated
2026-06-10T08:21:20,4.2637,1.491,0.6854,0.8,simulated
2026-06-10T08:21:30,4.0109,1.4813,0.6831,0.8,simulated
2026-06-10T08:21:40,3.9029,1.4846,0.6776,0.8,simulated
2026-06-10T08:21:50,4.0724,1.4917,0.6789,0.8,simulated
2026-06-10T08:22:00,4.1114,1.4791,0.6813,0.8,simulated
2026-06-10T08:22:10,4.3486,1.4724,0.6911,0.8,simulated
2026-06-10T08:22:20,4.3777,1.5053,0.7,0.8,simulated
2026-06-10T08:22:30,4.4056,1.5041,0.708,0.8,simulated
2026-06-10T08:22:40,4.396,1.4969,0.7141,0.8,simulated
2026-06-10T08:22:50,4.3271,1.5052,0.7167,0.8,simulated
2026-06-10T08:23:00,4.3683,1.5164,0.7201,0.8,simulated
2026-06-10T08:23:10,4.3657,1.5232,0.7228,0.8,simulated
2026-06-10T08:23:20,4.406,1.5347,0.7263,0.8,simulated
2026-06-10T08:23:30,4.4086,1.526,0.7291,0.8,simulated
2026-06-10T08:23:40,4.2844,1.534,0.7273,0.8,simulated
2026-06-10T08:23:50,4.0882,1.5136,0.7192,0.8,simulated
2026-06-10T08:24:00,4.1581,1.5232,0.7151,0.8,simulated
2026-06-10T08:24:10,4.4087,1.5262,0.7202,0.8,simulated
2026-06-10T08:24:20,4.5917,1.539,0.7304,0.8,simulated
2026-06-10T08:24:30,4.6926,1.5636,0.742,0.8,simulated
2026-06-10T08:24:40,4.6154,1.5444,0.7487,0.8,simulated
2026-06-10T08:24:50,4.645,1.5311,0.755,0.8,simulated
2026-06-10T08:25:00,4.6211,1.5581,0.7593,0.8,simulated
2026-06-10T08:25:10,4.7523,1.5792,0.7671,0.8,simulated
2026-06-10T08:25:20,4.8018,1.5754,0.775,0.8,simulated
2026-06-10T08:25:30,4.7693,1.585,0.7803,0.8,simulated
2026-06-10T08:25:40,4.8573,1.5616,0.7874,0.8,simulated
2026-06-10T08:25:50,4.7246,1.5762,0.7887,0.8,simulated
2026-06-10T08:26:00,4.7216,1.5977,0.7896,0.8,simulated
2026-06-10T08:26:10,4.8298,1.6056,0.794,0.8,simulated
2026-06-10T08:26:20,4.6744,1.581,0.7922,0.8,simulated
2026-06-10T08:26:30,4.569,1.5928,0.7873,0.8,simulated
2026-06-10T08:26:40,4.4658,1.5692,0.7799,0.8,simulated
2026-06-10T08:26:50,4.5391,1.5591,0.7764,0.8,simulated
2026-06-10T08:27:00,4.7863,1.583,0.782,0.8,simulated
2026-06-10T08:27:10,4.9822,1.5962,0.793,0.8,simulated
2026-06-10T08:27:20,5.0723,1.6107,0.8048,0.8,simulated
2026-06-10T08:27:30,5.1784,1.6288,0.8178,0.8,simulated
2026-06-10T08:27:40,5.2273,1.6551,0.8299,0.8,simulated
2026-06-10T08:27:50,5.1941,1.6527,0.8384,0.8,simulated
2026-06-10T08:28:00,5.0471,1.6349,0.8403,0.8,simulated
2026-06-10T08:28:10,4.931,1.652,0.838,0.8,simulated
2026-06-10T08:28:20,4.7867,1.6092,0.8312,0.8,simulated
2026-06-10T08:28:30,4.713,1.6248,0.8233,0.8,simulated
2026-06-10T08:28:40,4.8945,1.6389,0.8231,0.8,simulated
2026-06-10T08:28:50,4.9513,1.635,0.8248,0.8,simulated
2026-06-10T08:29:00,5.0999,1.6437,0.8312,0.8,simulated
2026-06-10T08:29:10,5.4569,1.677,0.8483,0.8,simulated
2026-06-10T08:29:20,5.2145,1.6428,0.8539,0.8,simulated
2026-06-10T08:29:30,5.2233,1.6705,0.8586,0.8,simulated
2026-06-10T08:29:40,5.0266,1.6544,0.8558,0.8,simulated
2026-06-10T08:29:50,5.073,1.6718,0.8551,0.8,simulated
2026-06-10T08:30:00,5.0646,1.656,0.8542,0.8,simulated
2026-06-10T08:30:10,5.005,1.6633,0.8516,0.8,simulated
2026-06-10T08:30:20,4.6386,1.6603,0.8371,0.8,simulated
2026-06-10T08:30:30,4.392,1.6267,0.8173,0.8,simulated
2026-06-10T08:30:40,4.3567,1.597,0.8002,0.8,simulated
2026-06-10T08:30:50,4.2391,1.5771,0.7826,0.8,simulated
2026-06-10T08:31:00,4.1954,1.5566,0.767,0.8,simulated
2026-06-10T08:31:10,4.404,1.5772,0.7616,0.8,simulated
2026-06-10T08:31:20,4.2158,1.5706,0.7509,0.8,simulated
2026-06-10T08:31:30,4.2307,1.5392,0.7429,0.8,simulated
2026-06-10T08:31:40,4.1806,1.5076,0.7348,0.8,simulated
2026-06-10T08:31:50,4.3817,1.5256,0.7351,0.8,simulated
2026-06-10T08:32:00,4.1868,1.5352,0.7287,0.8,simulated
2026-06-10T08:32:10,4.1805,1.5092,0.7234,0.8,simulated
2026-06-10T08:32:20,4.2159,1.491,0.7204,0.8,simulated
2026-06-10T08:32:30,4.2204,1.5115,0.7181,0.8,simulated
2026-06-10T08:32:40,4.0699,1.4806,0.7113,0.8,simulated
2026-06-10T08:32:50,4.1931,1.5148,0.7099,0.8,simulated
2026-06-10T08:33:00,4.2245,1.5038,0.7099,0.8,simulated
2026-06-10T08:33:10,4.2416,1.5113,0.7104,0.8,simulated
2026-06-10T08:33:20,4.2518,1.5306,0.7112,0.8,simulated
2026-06-10T08:33:30,4.1583,1.495,0.7087,0.8,simulated
2026-06-10T08:33:40,4.142,1.4739,0.7061,0.8,simulated
2026-06-10T08:33:50,4.2493,1.5072,0.7077,0.8,simulated
2026-06-10T08:34:00,4.2671,1.5165,0.7095,0.8,simulated
2026-06-10T08:34:10,4.2444,1.4888,0.7102,0.8,simulated
2026-06-10T08:34:20,4.1513,1.5021,0.7077,0.8,simulated
2026-06-10T08:34:30,4.2163,1.5026,0.7078,0.8,simulated
2026-06-10T08:34:40,4.3615,1.5132,0.7128,0.8,simulated
2026-06-10T08:34:50,4.3762,1.508,0.7173,0.8,simulated
2026-06-10T08:35:00,4.3177,1.5588,0.7189,0.8,simulated
2026-06-10T08:35:10,4.162,1.511,0.715,0.8,simulated
2026-06-10T08:35:20,4.0939,1.5123,0.7095,0.8,simulated
2026-06-10T08:35:30,4.0939,1.4979,0.7052,0.8,simulated
2026-06-10T08:35:40,4.0249,1.4597,0.6994,0.8,simulated
2026-06-10T08:35:50,3.874,1.5104,0.6897,0.8,simulated
2026-06-10T08:36:00,3.7558,1.4306,0.6779,0.8,simulated
2026-06-10T08:36:10,3.7628,1.4891,0.6688,0.8,simulated
2026-06-10T08:36:20,3.6882,1.4391,0.6589,0.8,simulated
2026-06-10T08:36:30,3.6256,1.4286,0.649,0.8,simulated
2026-06-10T08:36:40,3.6817,1.4412,0.6429,0.8,simulated
2026-06-10T08:36:50,3.7043,1.4717,0.6388,0.8,simulated
2026-06-10T08:37:00,3.7176,1.4407,0.6359,0.8,simulated
2026-06-10T08:37:10,3.7026,1.4303,0.6331,0.8,simulated
2026-06-10T08:37:20,3.8116,1.4231,0.6346,0.8,simulated
2026-06-10T08:37:30,3.8871,1.448,0.6383,0.8,simulated
2026-06-10T08:37:40,3.8428,1.4342,0.6397,0.8,simulated
2026-06-10T08:37:50,3.7707,1.4492,0.6385,0.8,simulated
2026-06-10T08:38:00,3.8211,1.4097,0.6392,0.8,simulated
2026-06-10T08:38:10,3.8054,1.4471,0.6392,0.8,simulated
2026-06-10T08:38:20,3.9254,1.448,0.6433,0.8,simulated
2026-06-10T08:38:30,3.9428,1.4267,0.6471,0.8,simulated
2026-06-10T08:38:40,3.7008,1.4265,0.642,0.8,simulated
2026-06-10T08:38:50,3.6042,1.4325,0.6347,0.8,simulated
2026-06-10T08:39:00,3.3138,1.4118,0.6191,0.8,simulated
2026-06-10T08:39:10,3.1567,1.4057,0.6014,0.8,simulated
2026-06-10T08:39:20,2.9948,1.3602,0.5817,0.8,simulated
2026-06-10T08:39:30,2.9451,1.3511,0.5643,0.8,simulated
2026-06-10T08:39:40,2.9218,1.3813,0.5496,0.8,simulated
2026-06-10T08:39:50,3.1025,1.3313,0.544,0.8,simulated
2026-06-10T08:40:00,3.0582,1.3315,0.5379,0.8,simulated
2026-06-10T08:40:10,3.0268,1.3294,0.532,0.8,simulated
2026-06-10T08:40:20,3.2017,1.329,0.5332,0.8,simulated
2026-06-10T08:40:30,3.0616,1.3475,0.5294,0.8,simulated
2026-06-10T08:40:40,3.0994,1.3191,0.5277,0.8,simulated
2026-06-10T08:40:50,3.1824,1.3419,0.5291,0.8,simulated
2026-06-10T08:41:00,3.2544,1.3198,0.5326,0.8,simulated
2026-06-10T08:41:10,3.4953,1.3551,0.5435,0.8,simulated
2026-06-10T08:41:20,3.6144,1.3531,0.5563,0.8,simulated
2026-06-10T08:41:30,3.6972,1.3666,0.5692,0.8,simulated
2026-06-10T08:41:40,3.6276,1.3759,0.5773,0.8,simulated
2026-06-10T08:41:50,3.6595,1.393,0.5848,0.8,simulated
2026-06-10T08:42:00,3.6043,1.371,0.5889,0.8,simulated
2026-06-10T08:42:10,3.8379,1.3855,0.6001,0.8,simulated
2026-06-10T08:42:20,3.8851,1.4412,0.6106,0.8,simulated
2026-06-10T08:42:30,4.0115,1.4309,0.6233,0.8,simulated
2026-06-10T08:42:40,4.0176,1.4282,0.6336,0.8,simulated
2026-06-10T08:42:50,3.9381,1.4488,0.6392,0.8,simulated
2026-06-10T08:43:00,4.0478,1.4465,0.6474,0.8,simulated
2026-06-10T08:43:10,3.9209,1.4159,0.6496,0.8,simulated
2026-06-10T08:43:20,3.918,1.4538,0.6514,0.8,simulated
2026-06-10T08:43:30,3.782,1.4463,0.6482,0.8,simulated
2026-06-10T08:43:40,3.6318,1.4458,0.6406,0.8,simulated
2026-06-10T08:43:50,3.5093,1.4187,0.6304,0.8,simulated
2026-06-10T08:44:00,3.4276,1.4161,0.6195,0.8,simulated
2026-06-10T08:44:10,3.3476,1.4252,0.608,0.8,simulated
2026-06-10T08:44:20,3.4915,1.4015,0.6037,0.8,simulated
2026-06-10T08:44:30,3.671,1.3999,0.6063,0.8,simulated
2026-06-10T08:44:40,3.589,1.4111,0.6057,0.8,simulated
2026-06-10T08:44:50,3.8234,1.4071,0.613,0.8,simulated
2026-06-10T08:45:00,3.6337,1.4285,0.6125,0.8,simulated
2026-06-10T08:45:10,3.7738,1.4142,0.6168,0.8,simulated
2026-06-10T08:45:20,3.6825,1.4226,0.6172,0.8,simulated
2026-06-10T08:45:30,3.6226,1.4049,0.6155,0.8,simulated
2026-06-10T08:45:40,3.648,1.3962,0.6149,0.8,simulated
2026-06-10T08:45:50,3.8997,1.4338,0.623,0.8,simulated
2026-06-10T08:46:00,3.7387,1.4279,0.624,0.8,simulated
2026-06-10T08:46:10,3.8222,1.4372,0.6276,0.8,simulated
2026-06-10T08:46:20,3.8944,1.444,0.633,0.8,simulated
2026-06-10T08:46:30,3.9727,1.4178,0.6398,0.8,simulated
2026-06-10T08:46:40,4.0838,1.4509,0.6491,0.8,simulated
2026-06-10T08:46:50,4.2982,1.4336,0.6637,0.8,simulated
2026-06-10T08:47:00,4.529,1.4909,0.6831,0.8,simulated
2026-06-10T08:47:10,4.5335,1.4825,0.6988,0.8,simulated
2026-06-10T08:47:20,4.6871,1.5236,0.7165,0.8,simulated
2026-06-10T08:47:30,4.4538,1.5338,0.7229,0.8,simulated
2026-06-10T08:47:40,4.4012,1.5181,0.7262,0.8,simulated
2026-06-10T08:47:50,4.3357,1.5263,0.7266,0.8,simulated
2026-06-10T08:48:00,4.3576,1.5461,0.7277,0.8,simulated
2026-06-10T08:48:10,4.3868,1.5048,0.7296,0.8,simulated
2026-06-10T08:48:20,4.1347,1.5322,0.7226,0.8,simulated
2026-06-10T08:48:30,4.0957,1.5175,0.7157,0.8,simulated
2026-06-10T08:48:40,4.0879,1.5241,0.7099,0.8,simulated
2026-06-10T08:48:50,4.3433,1.4891,0.7139,0.8,simulated
2026-06-10T08:49:00,4.3651,1.5178,0.7177,0.8,simulated
2026-06-10T08:49:10,4.2421,1.5333,0.7167,0.8,simulated
2026-06-10T08:49:20,4.2291,1.5359,0.7155,0.8,simulated
2026-06-10T08:49:30,4.1259,1.4995,0.711,0.8,simulated
2026-06-10T08:49:40,4.2696,1.5081,0.7123,0.8,simulated
2026-06-10T08:49:50,4.5511,1.5504,0.7227,0.8,simulated
2026-06-10T08:50:00,4.4007,1.5048,0.7261,0.8,simulated
2026-06-10T08:50:10,4.3033,1.5247,0.7254,0.8,simulated
2026-06-10T08:50:20,4.2349,1.5253,0.7226,0.8,simulated
2026-06-10T08:50:30,4.3431,1.5267,0.724,0.8,simulated
2026-06-10T08:50:40,4.5395,1.5177,0.7318,0.8,simulated
2026-06-10T08:50:50,4.3106,1.5447,0.7302,0.8,simulated
2026-06-10T08:51:00,4.3062,1.5422,0.7289,0.8,simulated
2026-06-10T08:51:10,4.2677,1.5537,0.7265,0.8,simulated
2026-06-10T08:51:20,4.3544,1.5156,0.7275,0.8,simulated
2026-06-10T08:51:30,4.1821,1.5153,0.7225,0.8,simulated
2026-06-10T08:51:40,4.1953,1.5354,0.719,0.8,simulated
2026-06-10T08:51:50,4.0958,1.54,0.7128,0.8,simulated
2026-06-10T08:52:00,4.2057,1.5114,0.7116,0.8,simulated
2026-06-10T08:52:10,4.1648,1.4863,0.7092,0.8,simulated
2026-06-10T08:52:20,4.322,1.5093,0.7126,0.8,simulated
2026-06-10T08:52:30,4.1228,1.523,0.7086,0.8,simulated
2026-06-10T08:52:40,3.8465,1.5063,0.6961,0.8,simulated
2026-06-10T08:52:50,4.0693,1.5103,0.6936,0.8,simulated
2026-06-10T08:53:00,4.1062,1.5217,0.6929,0.8,simulated
2026-06-10T08:53:10,4.0187,1.4828,0.6893,0.8,simulated
2026-06-10T08:53:20,4.1703,1.478,0.6916,0.8,simulated
2026-06-10T08:53:30,4.0727,1.4721,0.6901,0.8,simulated
2026-06-10T08:53:40,4.0418,1.486,0.6879,0.8,simulated
2026-06-10T08:53:50,4.0579,1.5019,0.6867,0.8,simulated
2026-06-10T08:54:00,4.1864,1.5159,0.69,0.8,simulated
2026-06-10T08:54:10,4.1255,1.4939,0.6906,0.8,simulated
2026-06-10T08:54:20,4.0672,1.4894,0.6891,0.8,simulated
2026-06-10T08:54:30,3.8134,1.4775,0.6794,0.8,simulated
2026-06-10T08:54:40,3.7755,1.4888,0.6704,0.8,simulated
2026-06-10T08:54:50,3.6459,1.4474,0.6588,0.8,simulated
2026-06-10T08:55:00,3.743,1.4513,0.6528,0.8,simulated
2026-06-10T08:55:10,3.5673,1.441,0.6421,0.8,simulated
2026-06-10T08:55:20,3.7585,1.4396,0.64,0.8,simulated
2026-06-10T08:55:30,3.8282,1.4677,0.6406,0.8,simulated
2026-06-10T08:55:40,3.9198,1.4308,0.6442,0.8,simulated
2026-06-10T08:55:50,4.0192,1.4872,0.6504,0.8,simulated
2026-06-10T08:56:00,4.082,1.4476,0.6575,0.8,simulated
2026-06-10T08:56:10,4.114,1.4519,0.6642,0.8,simulated
2026-06-10T08:56:20,4.2113,1.463,0.6729,0.8,simulated
2026-06-10T08:56:30,4.0152,1.4829,0.6732,0.8,simulated
2026-06-10T08:56:40,4.0435,1.4742,0.6744,0.8,simulated
2026-06-10T08:56:50,3.9356,1.4886,0.6718,0.8,simulated
2026-06-10T08:57:00,3.926,1.457,0.6693,0.8,simulated
2026-06-10T08:57:10,4.1199,1.4488,0.6739,0.8,simulated
2026-06-10T08:57:20,4.1549,1.4732,0.6787,0.8,simulated
2026-06-10T08:57:30,4.2698,1.4906,0.6864,0.8,simulated
2026-06-10T08:57:40,4.5005,1.4783,0.7004,0.8,simulated
2026-06-10T08:57:50,4.3871,1.5061,0.7077,0.8,simulated
2026-06-10T08:58:00,4.5276,1.5263,0.7183,0.8,simulated
2026-06-10T08:58:10,4.4174,1.511,0.7231,0.8,simulated
2026-06-10T08:58:20,4.4785,1.5166,0.7289,0.8,simulated
2026-06-10T08:58:30,4.4411,1.5159,0.7324,0.8,simulated
2026-06-10T08:58:40,4.3115,1.5286,0.7308,0.8,simulated
2026-06-10T08:58:50,4.373,1.5384,0.7315,0.8,simulated
2026-06-10T08:59:00,4.1497,1.5659,0.7247,0.8,simulated
2026-06-10T08:59:10,4.366,1.5439,0.7264,0.8,simulated
2026-06-10T08:59:20,4.0897,1.4996,0.7186,0.8,simulated
2026-06-10T08:59:30,4.1965,1.4928,0.7158,0.8,simulated
2026-06-10T08:59:40,4.3321,1.5166,0.7182,0.8,simulated
2026-06-10T08:59:50,4.4494,1.5477,0.7241,0.8,simulated
2026-06-10T09:00:00,4.4476,1.5386,0.7287,0.8,simulated
2026-06-10T09:00:10,4.3243,1.5204,0.7283,0.8,simulated
2026-06-10T09:00:20,4.4129,1.5459,0.7309,0.8,simulated
2026-06-10T09:00:30,4.2594,1.5485,0.7278,0.8,simulated
2026-06-10T09:00:40,4.189,1.5449,0.723,0.8,simulated
2026-06-10T09:00:50,4.0628,1.4989,0.7149,0.8,simulated
2026-06-10T09:01:00,4.0353,1.5141,0.7075,0.8,simulated
2026-06-10T09:01:10,4.1279,1.4855,0.7047,0.8,simulated
2026-06-10T09:01:20,3.9918,1.4858,0.6979,0.8,simulated
2026-06-10T09:01:30,4.1309,1.4779,0.6971,0.8,simulated
2026-06-10T09:01:40,4.1983,1.4948,0.6988,0.8,simulated
2026-06-10T09:01:50,4.2705,1.481,0.7025,0.8,simulated
2026-06-10T09:02:00,4.2121,1.5151,0.7035,0.8,simulated
2026-06-10T09:02:10,4.0104,1.4974,0.6976,0.8,simulated
2026-06-10T09:02:20,4.0459,1.481,0.694,0.8,simulated
2026-06-10T09:02:30,4.0681,1.4992,0.6919,0.8,simulated
2026-06-10T09:02:40,4.4193,1.525,0.702,0.8,simulated
2026-06-10T09:02:50,4.1677,1.5068,0.7016,0.8,simulated
2026-06-10T09:03:00,3.99,1.4866,0.6954,0.8,simulated
2026-06-10T09:03:10,3.8703,1.4821,0.6863,0.8,simulated
2026-06-10T09:03:20,3.7993,1.4752,0.6767,0.8,simulated
2026-06-10T09:03:30,3.7369,1.4564,0.6669,0.8,simulated
2026-06-10T09:03:40,3.9069,1.4391,0.6648,0.8,simulated
2026-06-10T09:03:50,3.8796,1.4565,0.6622,0.8,simulated
2026-06-10T09:04:00,3.5972,1.4693,0.6506,0.8,simulated
2026-06-10T09:04:10,3.6106,1.4294,0.6418,0.8,simulated
2026-06-10T09:04:20,3.5669,1.4044,0.6333,0.8,simulated
2026-06-10T09:04:30,3.7288,1.4306,0.6319,0.8,simulated
2026-06-10T09:04:40,3.8052,1.4499,0.6334,0.8,simulated
2026-06-10T09:04:50,3.8329,1.4097,0.6355,0.8,simulated
2026-06-10T09:05:00,3.8373,1.4402,0.6373,0.8,simulated
2026-06-10T09:05:10,3.56,1.4357,0.6295,0.8,simulated
2026-06-10T09:05:20,3.4215,1.4266,0.6186,0.8,simulated
2026-06-10T09:05:30,3.3125,1.4145,0.6061,0.8,simulated
2026-06-10T09:05:40,3.4319,1.4093,0.6002,0.8,simulated
2026-06-10T09:05:50,3.3923,1.3704,0.5942,0.8,simulated
2026-06-10T09:06:00,3.565,1.4044,0.5951,0.8,simulated
2026-06-10T09:06:10,3.786,1.424,0.6033,0.8,simulated
2026-06-10T09:06:20,3.8636,1.4091,0.6125,0.8,simulated
2026-06-10T09:06:30,3.8937,1.4264,0.6208,0.8,simulated
2026-06-10T09:06:40,3.8865,1.412,0.6272,0.8,simulated
2026-06-10T09:06:50,4.0873,1.4587,0.6391,0.8,simulated
2026-06-10T09:07:00,4.1153,1.4403,0.6496,0.8,simulated
2026-06-10T09:07:10,4.0936,1.4819,0.6572,0.8,simulated
2026-06-10T09:07:20,3.9439,1.4526,0.6583,0.8,simulated
2026-06-10T09:07:30,3.9602,1.4698,0.6597,0.8,simulated
2026-06-10T09:07:40,4.0017,1.4542,0.6622,0.8,simulated
2026-06-10T09:07:50,4.0405,1.4937,0.6655,0.8,simulated
2026-06-10T09:08:00,4.1117,1.441,0.6706,0.8,simulated
2026-06-10T09:08:10,4.2359,1.4843,0.6788,0.8,simulated
2026-06-10T09:08:20,4.0821,1.449,0.6802,0.8,simulated
2026-06-10T09:08:30,3.9931,1.4602,0.6783,0.8,simulated
2026-06-10T09:08:40,3.8764,1.5013,0.6729,0.8,simulated
2026-06-10T09:08:50,3.8267,1.4805,0.6669,0.8,simulated
2026-06-10T09:09:00,3.7196,1.4283,0.6585,0.8,simulated
2026-06-10T09:09:10,3.4995,1.4443,0.6444,0.8,simulated
2026-06-10T09:09:20,3.4717,1.4229,0.6322,0.8,simulated
2026-06-10T09:09:30,3.3846,1.428,0.6194,0.8,simulated
2026-06-10T09:09:40,3.4529,1.4393,0.6116,0.8,simulated
2026-06-10T09:09:50,3.4186,1.4139,0.6041,0.8,simulated
2026-06-10T09:10:00,3.3736,1.4032,0.5967,0.8,simulated
2026-06-10T09:10:10,3.289,1.3955,0.5878,0.8,simulated
2026-06-10T09:10:20,3.655,1.3767,0.5931,0.8,simulated
2026-06-10T09:10:30,3.6843,1.4088,0.5983,0.8,simulated
2026-06-10T09:10:40,3.6082,1.4137,0.5998,0.8,simulated
2026-06-10T09:10:50,3.8084,1.3986,0.6078,0.8,simulated
2026-06-10T09:11:00,3.7399,1.4023,0.6119,0.8,simulated
2026-06-10T09:11:10,3.7166,1.4362,0.6144,0.8,simulated
2026-06-10T09:11:20,3.712,1.4194,0.6163,0.8,simulated
2026-06-10T09:11:30,3.7643,1.4024,0.6195,0.8,simulated
2026-06-10T09:11:40,3.6834,1.413,0.6194,0.8,simulated
2026-06-10T09:11:50,3.7848,1.4158,0.6227,0.8,simulated
2026-06-10T09:12:00,3.8314,1.4259,0.6269,0.8,simulated
2026-06-10T09:12:10,3.7994,1.4281,0.6291,0.8,simulated
2026-06-10T09:12:20,3.8283,1.4282,0.6319,0.8,simulated
2026-06-10T09:12:30,3.7363,1.4562,0.6311,0.8,simulated
2026-06-10T09:12:40,3.8549,1.4469,0.6344,0.8,simulated
2026-06-10T09:12:50,3.962,1.4629,0.6406,0.8,simulated
2026-06-10T09:13:00,3.8939,1.4179,0.6434,0.8,simulated
2026-06-10T09:13:10,4.0758,1.4533,0.6516,0.8,simulated
2026-06-10T09:13:20,4.1459,1.4782,0.6606,0.8,simulated
2026-06-10T09:13:30,4.0082,1.474,0.6632,0.8,simulated
2026-06-10T09:13:40,3.8487,1.4497,0.6598,0.8,simulated
2026-06-10T09:13:50,3.88,1.4469,0.6582,0.8,simulated
2026-06-10T09:14:00,3.9505,1.4737,0.6593,0.8,simulated
2026-06-10T09:14:10,3.793,1.4517,0.6549,0.8,simulated
2026-06-10T09:14:20,3.914,1.4652,0.6554,0.8,simulated
2026-06-10T09:14:30,3.947,1.4593,0.657,0.8,simulated
2026-06-10T09:14:40,3.9214,1.4556,0.6573,0.8,simulated
2026-06-10T09:14:50,3.8585,1.4573,0.6555,0.8,simulated
2026-06-10T09:15:00,3.7632,1.4384,0.6509,0.8,simulated
2026-06-10T09:15:10,3.759,1.4725,0.647,0.8,simulated
2026-06-10T09:15:20,3.7009,1.4502,0.6419,0.8,simulated
2026-06-10T09:15:30,3.7258,1.4597,0.6387,0.8,simulated
2026-06-10T09:15:40,3.8222,1.4315,0.6394,0.8,simulated
2026-06-10T09:15:50,3.7035,1.4279,0.636,0.8,simulated
2026-06-10T09:16:00,3.752,1.4301,0.6348,0.8,simulated
2026-06-10T09:16:10,3.7819,1.422,0.6349,0.8,simulated
2026-06-10T09:16:20,3.9452,1.4507,0.6405,0.8,simulated
2026-06-10T09:16:30,4.0508,1.4592,0.6485,0.8,simulated
2026-06-10T09:16:40,4.0467,1.4471,0.6548,0.8,simulated
2026-06-10T09:16:50,4.0959,1.4567,0.6615,0.8,simulated
2026-06-10T09:17:00,4.0497,1.4709,0.6652,0.8,simulated
2026-06-10T09:17:10,3.9804,1.4546,0.6659,0.8,simulated
2026-06-10T09:17:20,4.2029,1.4678,0.674,0.8,simulated
2026-06-10T09:17:30,4.3206,1.5077,0.6843,0.8,simulated
2026-06-10T09:17:40,4.1258,1.4749,0.6861,0.8,simulated
2026-06-10T09:17:50,4.1714,1.4813,0.689,0.8,simulated
2026-06-10T09:18:00,4.4105,1.537,0.6994,0.8,simulated
2026-06-10T09:18:10,4.3374,1.4734,0.7053,0.8,simulated
2026-06-10T09:18:20,4.3174,1.4915,0.7093,0.8,simulated
2026-06-10T09:18:30,4.1314,1.5332,0.7062,0.8,simulated
2026-06-10T09:18:40,4.1116,1.497,0.7031,0.8,simulated
2026-06-10T09:18:50,4.1031,1.5079,0.7004,0.8,simulated
2026-06-10T09:19:00,3.9081,1.5234,0.6916,0.8,simulated
2026-06-10T09:19:10,3.9402,1.4749,0.6857,0.8,simulated
2026-06-10T09:19:20,3.8274,1.4683,0.6771,0.8,simulated
2026-06-10T09:19:30,3.7498,1.4739,0.6677,0.8,simulated
2026-06-10T09:19:40,3.6424,1.4554,0.6566,0.8,simulated
2026-06-10T09:19:50,3.8039,1.4452,0.6531,0.8,simulated
2026-06-10T09:20:00,3.7927,1.4479,0.6499,0.8,simulated
2026-06-10T09:20:10,3.8642,1.4298,0.6497,0.8,simulated
2026-06-10T09:20:20,4.2012,1.4679,0.661,0.8,simulated
2026-06-10T09:20:30,4.2242,1.4832,0.6707,0.8,simulated
2026-06-10T09:20:40,4.1053,1.4721,0.6745,0.8,simulated
2026-06-10T09:20:50,3.9545,1.4691,0.6725,0.8,simulated
2026-06-10T09:21:00,3.977,1.4798,0.6716,0.8,simulated
2026-06-10T09:21:10,3.8993,1.4602,0.6683,0.8,simulated
2026-06-10T09:21:20,3.8785,1.4603,0.665,0.8,simulated
2026-06-10T09:21:30,3.8888,1.4616,0.6626,0.8,simulated
2026-06-10T09:21:40,3.7998,1.4799,0.6578,0.8,simulated
2026-06-10T09:21:50,3.5019,1.4431,0.6439,0.8,simulated
2026-06-10T09:22:00,3.4547,1.4295,0.6312,0.8,simulated
2026-06-10T09:22:10,3.4392,1.418,0.6205,0.8,simulated
2026-06-10T09:22:20,3.4822,1.4076,0.6134,0.8,simulated
2026-06-10T09:22:30,3.513,1.3943,0.6088,0.8,simulated
2026-06-10T09:22:40,3.7782,1.4002,0.614,0.8,simulated
2026-06-10T09:22:50,3.7581,1.4303,0.6174,0.8,simulated
2026-06-10T09:23:00,3.6726,1.4088,0.6173,0.8,simulated
2026-06-10T09:23:10,3.6543,1.418,0.6167,0.8,simulated
2026-06-10T09:23:20,3.527,1.4047,0.6118,0.8,simulated
2026-06-10T09:23:30,3.4576,1.3857,0.6056,0.8,simulated
2026-06-10T09:23:40,3.2874,1.388,0.595,0.8,simulated
2026-06-10T09:23:50,3.3381,1.4091,0.5881,0.8,simulated
2026-06-10T09:24:00,3.353,1.377,0.5832,0.8,simulated
2026-06-10T09:24:10,3.4268,1.3715,0.5817,0.8,simulated
2026-06-10T09:24:20,3.3114,1.3702,0.5766,0.8,simulated
2026-06-10T09:24:30,3.3702,1.3695,0.5745,0.8,simulated
2026-06-10T09:24:40,3.3934,1.3771,0.5736,0.8,simulated
2026-06-10T09:24:50,3.3995,1.367,0.5731,0.8,simulated
2026-06-10T09:25:00,3.379,1.3706,0.572,0.8,simulated
2026-06-10T09:25:10,3.4855,1.3674,0.5747,0.8,simulated
2026-06-10T09:25:20,3.4211,1.3801,0.5747,0.8,simulated
2026-06-10T09:25:30,3.5938,1.3852,0.5805,0.8,simulated
2026-06-10T09:25:40,3.6849,1.3914,0.5883,0.8,simulated
2026-06-10T09:25:50,3.7771,1.407,0.5975,0.8,simulated
2026-06-10T09:26:00,3.8814,1.4069,0.6084,0.8,simulated
2026-06-10T09:26:10,3.7253,1.4301,0.6119,0.8,simulated
2026-06-10T09:26:20,3.8133,1.4246,0.6177,0.8,simulated
2026-06-10T09:26:30,3.5931,1.4372,0.6149,0.8,simulated
2026-06-10T09:26:40,3.6126,1.4121,0.6133,0.8,simulated
2026-06-10T09:26:50,3.4466,1.4105,0.6064,0.8,simulated
2026-06-10T09:27:00,3.4288,1.3901,0.6003,0.8,simulated
2026-06-10T09:27:10,3.4219,1.3955,0.5952,0.8,simulated
2026-06-10T09:27:20,3.4224,1.4035,0.5912,0.8,simulated
2026-06-10T09:27:30,3.5322,1.3862,0.5916,0.8,simulated
2026-06-10T09:27:40,3.6417,1.418,0.5957,0.8,simulated
2026-06-10T09:27:50,3.5796,1.3972,0.5968,0.8,simulated
2026-06-10T09:28:00,3.6258,1.423,0.5993,0.8,simulated
2026-06-10T09:28:10,3.6249,1.3855,0.6012,0.8,simulated
2026-06-10T09:28:20,3.5968,1.3977,0.6018,0.8,simulated
2026-06-10T09:28:30,3.5742,1.3941,0.6016,0.8,simulated
2026-06-10T09:28:40,3.5326,1.4151,0.5999,0.8,simulated
2026-06-10T09:28:50,3.6547,1.4124,0.6027,0.8,simulated
2026-06-10T09:29:00,3.6641,1.4042,0.6053,0.8,simulated
2026-06-10T09:29:10,3.752,1.4035,0.6103,0.8,simulated
2026-06-10T09:29:20,3.6696,1.4111,0.6116,0.8,simulated
2026-06-10T09:29:30,3.5149,1.4182,0.6073,0.8,simulated
2026-06-10T09:29:40,3.3079,1.4096,0.597,0.8,simulated
2026-06-10T09:29:50,3.4063,1.3912,0.5921,0.8,simulated
2026-06-10T09:30:00,3.2684,1.3768,0.5835,0.8,simulated
2026-06-10T09:30:10,3.1652,1.3747,0.5731,0.8,simulated
2026-06-10T09:30:20,3.2639,1.3701,0.5682,0.8,simulated
2026-06-10T09:30:30,3.3161,1.3697,0.566,0.8,simulated
2026-06-10T09:30:40,3.4122,1.3606,0.5674,0.8,simulated
2026-06-10T09:30:50,3.4029,1.3944,0.5683,0.8,simulated
2026-06-10T09:31:00,3.2299,1.3537,0.5631,0.8,simulated
2026-06-10T09:31:10,3.2608,1.3828,0.5601,0.8,simulated
2026-06-10T09:31:20,3.2633,1.3786,0.5577,0.8,simulated
2026-06-10T09:31:30,3.3588,1.3732,0.559,0.8,simulated
2026-06-10T09:31:40,3.2061,1.3831,0.5549,0.8,simulated
2026-06-10T09:31:50,3.3539,1.365,0.5566,0.8,simulated
2026-06-10T09:32:00,3.3057,1.3516,0.5564,0.8,simulated
2026-06-10T09:32:10,3.465,1.3537,0.5615,0.8,simulated
2026-06-10T09:32:20,3.4953,1.3566,0.5667,0.8,simulated
2026-06-10T09:32:30,3.4024,1.3802,0.5677,0.8,simulated
2026-06-10T09:32:40,3.4351,1.3473,0.5695,0.8,simulated
2026-06-10T09:32:50,3.3326,1.3463,0.5676,0.8,simulated
2026-06-10T09:33:00,3.2562,1.3865,0.5635,0.8,simulated
2026-06-10T09:33:10,3.3598,1.3789,0.5637,0.8,simulated
2026-06-10T09:33:20,3.4246,1.3722,0.566,0.8,simulated
2026-06-10T09:33:30,3.3395,1.3789,0.565,0.8,simulated
2026-06-10T09:33:40,3.5986,1.3845,0.5729,0.8,simulated
2026-06-10T09:33:50,3.6328,1.3776,0.5804,0.8,simulated
2026-06-10T09:34:00,3.5109,1.3603,0.5823,0.8,simulated
2026-06-10T09:34:10,3.8606,1.4148,0.5955,0.8,simulated
2026-06-10T09:34:20,3.8781,1.4134,0.6067,0.8,simulated
2026-06-10T09:34:30,3.7009,1.3891,0.6097,0.8,simulated
2026-06-10T09:34:40,3.881,1.4203,0.6182,0.8,simulated
2026-06-10T09:34:50,3.9497,1.4202,0.6273,0.8,simulated
2026-06-10T09:35:00,3.8483,1.4294,0.6311,0.8,simulated
2026-06-10T09:35:10,3.8429,1.4291,0.634,0.8,simulated
2026-06-10T09:35:20,3.7503,1.4415,0.6332,0.8,simulated
2026-06-10T09:35:30,3.7276,1.4287,0.6318,0.8,simulated
2026-06-10T09:35:40,3.8423,1.4172,0.6346,0.8,simulated
2026-06-10T09:35:50,3.8553,1.4473,0.6372,0.8,simulated
2026-06-10T09:36:00,3.8207,1.4454,0.6381,0.8,simulated
2026-06-10T09:36:10,3.7004,1.4134,0.6348,0.8,simulated
2026-06-10T09:36:20,3.7587,1.4403,0.6342,0.8,simulated
2026-06-10T09:36:30,3.5944,1.4414,0.6281,0.8,simulated
2026-06-10T09:36:40,3.6397,1.4225,0.6248,0.8,simulated
2026-06-10T09:36:50,3.533,1.4213,0.6185,0.8,simulated
2026-06-10T09:37:00,3.6661,1.4065,0.618,0.8,simulated
2026-06-10T09:37:10,3.7088,1.3928,0.619,0.8,simulated
2026-06-10T09:37:20,3.996,1.4373,0.6295,0.8,simulated
2026-06-10T09:37:30,4.2723,1.4458,0.6471,0.8,simulated
2026-06-10T09:37:40,4.1149,1.4624,0.656,0.8,simulated
2026-06-10T09:37:50,4.0607,1.4577,0.6612,0.8,simulated
2026-06-10T09:38:00,4.2773,1.4688,0.6727,0.8,simulated
2026-06-10T09:38:10,4.3023,1.4851,0.6827,0.8,simulated
2026-06-10T09:38:20,4.3177,1.4903,0.6912,0.8,simulated
2026-06-10T09:38:30,4.1028,1.5038,0.6908,0.8,simulated
2026-06-10T09:38:40,4.21,1.4878,0.6941,0.8,simulated
2026-06-10T09:38:50,4.2439,1.4762,0.6979,0.8,simulated
2026-06-10T09:39:00,4.405,1.5085,0.7063,0.8,simulated
2026-06-10T09:39:10,4.4383,1.4946,0.7142,0.8,simulated
2026-06-10T09:39:20,4.4051,1.4814,0.7194,0.8,simulated
2026-06-10T09:39:30,4.2479,1.5018,0.7182,0.8,simulated
2026-06-10T09:39:40,4.3966,1.5157,0.7223,0.8,simulated
2026-06-10T09:39:50,4.3656,1.5126,0.7245,0.8,simulated
2026-06-10T09:40:00,4.1828,1.4971,0.7202,0.8,simulated
2026-06-10T09:40:10,4.1387,1.5118,0.7152,0.8,simulated
2026-06-10T09:40:20,4.1747,1.5307,0.7124,0.8,simulated
2026-06-10T09:40:30,3.9727,1.5159,0.7034,0.8,simulated
2026-06-10T09:40:40,3.8805,1.4932,0.6931,0.8,simulated
2026-06-10T09:40:50,3.8748,1.4985,0.6847,0.8,simulated
2026-06-10T09:41:00,3.9334,1.4733,0.6799,0.8,simulated
2026-06-10T09:41:10,3.8305,1.4594,0.6726,0.8,simulated
2026-06-10T09:41:20,3.8635,1.4781,0.6679,0.8,simulated
2026-06-10T09:41:30,3.8248,1.4466,0.6629,0.8,simulated
2026-06-10T09:41:40,3.6991,1.4596,0.6546,0.8,simulated
2026-06-10T09:41:50,3.7344,1.4487,0.6491,0.8,simulated
2026-06-10T09:42:00,3.6191,1.4355,0.6409,0.8,simulated
2026-06-10T09:42:10,3.5585,1.4254,0.6323,0.8,simulated
2026-06-10T09:42:20,3.4494,1.4388,0.6217,0.8,simulated
2026-06-10T09:42:30,3.4779,1.3904,0.6142,0.8,simulated
2026-06-10T09:42:40,3.1683,1.4019,0.5979,0.8,simulated
2026-06-10T09:42:50,3.232,1.3825,0.5869,0.8,simulated
2026-06-10T09:43:00,3.4078,1.3729,0.584,0.8,simulated
2026-06-10T09:43:10,3.5786,1.388,0.5874,0.8,simulated
2026-06-10T09:43:20,3.6406,1.397,0.5923,0.8,simulated
2026-06-10T09:43:30,3.6111,1.3943,0.5952,0.8,simulated
2026-06-10T09:43:40,3.6239,1.4016,0.5979,0.8,simulated
2026-06-10T09:43:50,3.3426,1.4118,0.5906,0.8,simulated
2026-06-10T09:44:00,3.2726,1.3734,0.5825,0.8,simulated
2026-06-10T09:44:10,3.2326,1.3809,0.5746,0.8,simulated
2026-06-10T09:44:20,3.3408,1.3458,0.5719,0.8,simulated
2026-06-10T09:44:30,3.3918,1.3784,0.5715,0.8,simulated
2026-06-10T09:44:40,3.3749,1.3426,0.5706,0.8,simulated
2026-06-10T09:44:50,3.5423,1.385,0.5755,0.8,simulated
2026-06-10T09:45:00,3.5318,1.3719,0.5791,0.8,simulated
2026-06-10T09:45:10,3.5342,1.3845,0.582,0.8,simulated
2026-06-10T09:45:20,3.6071,1.365,0.5868,0.8,simulated
2026-06-10T09:45:30,3.8525,1.3992,0.5989,0.8,simulated
2026-06-10T09:45:40,3.7131,1.4162,0.6039,0.8,simulated
2026-06-10T09:45:50,3.9331,1.4245,0.6152,0.8,simulated
2026-06-10T09:46:00,3.6906,1.4159,0.6162,0.8,simulated
2026-06-10T09:46:10,3.5983,1.4138,0.6139,0.8,simulated
2026-06-10T09:46:20,3.5865,1.4288,0.6116,0.8,simulated
2026-06-10T09:46:30,3.4396,1.4159,0.6048,0.8,simulated
2026-06-10T09:46:40,3.3351,1.3866,0.5959,0.8,simulated
2026-06-10T09:46:50,3.4015,1.3823,0.591,0.8,simulated
2026-06-10T09:47:00,3.3294,1.3745,0.5847,0.8,simulated
2026-06-10T09:47:10,3.5626,1.3869,0.5875,0.8,simulated
2026-06-10T09:47:20,3.5979,1.3735,0.5909,0.8,simulated
2026-06-10T09:47:30,3.7427,1.3661,0.5984,0.8,simulated
2026-06-10T09:47:40,3.9128,1.4069,0.6102,0.8,simulated
2026-06-10T09:47:50,3.7872,1.4192,0.6154,0.8,simulated
2026-06-10T09:48:00,3.7545,1.4213,0.6185,0.8,simulated
2026-06-10T09:48:10,3.6098,1.4324,0.6161,0.8,simulated
2026-06-10T09:48:20,3.5697,1.3934,0.6128,0.8,simulated
2026-06-10T09:48:30,3.5672,1.4024,0.6101,0.8,simulated
2026-06-10T09:48:40,3.4684,1.383,0.6046,0.8,simulated
2026-06-10T09:48:50,3.3838,1.4011,0.5974,0.8,simulated
2026-06-10T09:49:00,3.4674,1.3929,0.5944,0.8,simulated
2026-06-10T09:49:10,3.6259,1.3902,0.5974,0.8,simulated
2026-06-10T09:49:20,3.7171,1.4034,0.6028,0.8,simulated
2026-06-10T09:49:30,3.7005,1.396,0.6066,0.8,simulated
2026-06-10T09:49:40,3.7213,1.395,0.6103,0.8,simulated
2026-06-10T09:49:50,3.9306,1.444,0.6203,0.8,simulated
2026-06-10T09:50:00,3.9939,1.4426,0.6304,0.8,simulated
2026-06-10T09:50:10,3.8342,1.4304,0.6332,0.8,simulated
2026-06-10T09:50:20,3.86,1.4131,0.6362,0.8,simulated
2026-06-10T09:50:30,3.8463,1.435,0.6382,0.8,simulated
2026-06-10T09:50:40,3.9234,1.451,0.6424,0.8,simulated
2026-06-10T09:50:50,3.843,1.4456,0.643,0.8,simulated
2026-06-10T09:51:00,3.9124,1.461,0.6459,0.8,simulated
2026-06-10T09:51:10,3.9611,1.4682,0.6498,0.8,simulated
2026-06-10T09:51:20,4.0535,1.4548,0.656,0.8,simulated
2026-06-10T09:51:30,4.1079,1.4558,0.6629,0.8,simulated
2026-06-10T09:51:40,4.0191,1.4579,0.6653,0.8,simulated
2026-06-10T09:51:50,3.9451,1.4586,0.6648,0.8,simulated
2026-06-10T09:52:00,3.8633,1.4752,0.6617,0.8,simulated
2026-06-10T09:52:10,3.9401,1.4554,0.6617,0.8,simulated
2026-06-10T09:52:20,3.7768,1.4311,0.6563,0.8,simulated
2026-06-10T09:52:30,3.9532,1.4648,0.6579,0.8,simulated
2026-06-10T09:52:40,3.9578,1.4578,0.6593,0.8,simulated
2026-06-10T09:52:50,3.7939,1.4479,0.6549,0.8,simulated
2026-06-10T09:53:00,3.7578,1.4207,0.6502,0.8,simulated
2026-06-10T09:53:10,3.8108,1.4657,0.6482,0.8,simulated
2026-06-10T09:53:20,3.7003,1.4533,0.6429,0.8,simulated
2026-06-10T09:53:30,3.7945,1.4247,0.6418,0.8,simulated
2026-06-10T09:53:40,3.8795,1.4461,0.6438,0.8,simulated
2026-06-10T09:53:50,3.8206,1.4271,0.6434,0.8,simulated
2026-06-10T09:54:00,3.8333,1.4231,0.6435,0.8,simulated
2026-06-10T09:54:10,4.0006,1.4178,0.6492,0.8,simulated
2026-06-10T09:54:20,3.9569,1.464,0.6523,0.8,simulated
2026-06-10T09:54:30,3.988,1.4691,0.6559,0.8,simulated
2026-06-10T09:54:40,4.107,1.458,0.6627,0.8,simulated
2026-06-10T09:54:50,4.0775,1.4663,0.6672,0.8,simulated
2026-06-10T09:55:00,3.946,1.4926,0.6663,0.8,simulated
2026-06-10T09:55:10,3.918,1.4534,0.6647,0.8,simulated
2026-06-10T09:55:20,4.0619,1.4505,0.6682,0.8,simulated
2026-06-10T09:55:30,4.0596,1.4729,0.671,0.8,simulated
2026-06-10T09:55:40,4.0607,1.4815,0.6732,0.8,simulated
2026-06-10T09:55:50,4.057,1.4704,0.6749,0.8,simulated
2026-06-10T09:56:00,3.8588,1.4482,0.6696,0.8,simulated
2026-06-10T09:56:10,3.7279,1.4494,0.6609,0.8,simulated
2026-06-10T09:56:20,3.6297,1.461,0.6507,0.8,simulated
2026-06-10T09:56:30,3.5258,1.4497,0.639,0.8,simulated
2026-06-10T09:56:40,3.5386,1.4051,0.6301,0.8,simulated
2026-06-10T09:56:50,3.4012,1.4,0.6184,0.8,simulated
2026-06-10T09:57:00,3.4802,1.3969,0.6116,0.8,simulated
2026-06-10T09:57:10,3.554,1.4083,0.6087,0.8,simulated
2026-06-10T09:57:20,3.4201,1.435,0.6019,0.8,simulated
2026-06-10T09:57:30,3.5203,1.3955,0.5998,0.8,simulated
2026-06-10T09:57:40,3.4969,1.3983,0.5973,0.8,simulated
2026-06-10T09:57:50,3.4178,1.3807,0.5927,0.8,simulated
2026-06-10T09:58:00,3.3571,1.4257,0.587,0.8,simulated
2026-06-10T09:58:10,3.4168,1.3753,0.5844,0.8,simulated
2026-06-10T09:58:20,3.2822,1.3701,0.5778,0.8,simulated
2026-06-10T09:58:30,3.3603,1.3775,0.5751,0.8,simulated
2026-06-10T09:58:40,3.3875,1.3541,0.5739,0.8,simulated
2026-06-10T09:58:50,3.4117,1.3859,0.5738,0.8,simulated
2026-06-10T09:59:00,3.3809,1.3725,0.5726,0.8,simulated
2026-06-10T09:59:10,3.2977,1.3563,0.5689,0.8,simulated
2026-06-10T09:59:20,3.345,1.3586,0.5675,0.8,simulated
2026-06-10T09:59:30,3.2228,1.3339,0.5623,0.8,simulated
2026-06-10T09:59:40,3.2894,1.352,0.5604,0.8,simulated
2026-06-10T09:59:50,3.3396,1.3264,0.5605,0.8,simulated
2026-06-10T10:00:00,3.3179,1.3531,0.5599,0.8,simulated
2026-06-10T10:00:10,3.249,1.3496,0.5571,0.8,simulated
2026-06-10T10:00:20,3.2375,1.3456,0.5544,0.8,simulated
2026-06-10T10:00:30,3.3365,1.3469,0.5557,0.8,simulated
2026-06-10T10:00:40,3.5088,1.3498,0.5624,0.8,simulated
2026-06-10T10:00:50,3.5407,1.3874,0.5689,0.8,simulated
2026-06-10T10:01:00,3.5681,1.3966,0.575,0.8,simulated
2026-06-10T10:01:10,3.6143,1.3789,0.5814,0.8,simulated
2026-06-10T10:01:20,3.5996,1.4033,0.5861,0.8,simulated
2026-06-10T10:01:30,3.6619,1.3873,0.5919,0.8,simulated
2026-06-10T10:01:40,3.6604,1.392,0.5965,0.8,simulated
2026-06-10T10:01:50,3.5879,1.3853,0.5978,0.8,simulated
2026-06-10T10:02:00,3.5565,1.4082,0.5977,0.8,simulated
2026-06-10T10:02:10,3.8446,1.4166,0.6074,0.8,simulated
2026-06-10T10:02:20,3.9294,1.3986,0.6179,0.8,simulated
2026-06-10T10:02:30,4.1517,1.4362,0.6338,0.8,simulated
2026-06-10T10:02:40,4.0117,1.4341,0.6419,0.8,simulated
2026-06-10T10:02:50,3.9498,1.4327,0.6462,0.8,simulated
2026-06-10T10:03:00,3.7789,1.4435,0.6439,0.8,simulated
2026-06-10T10:03:10,3.714,1.4111,0.6399,0.8,simulated
2026-06-10T10:03:20,3.76,1.4318,0.6383,0.8,simulated
2026-06-10T10:03:30,3.8051,1.4668,0.6385,0.8,simulated
2026-06-10T10:03:40,3.8358,1.4462,0.6397,0.8,simulated
2026-06-10T10:03:50,3.9947,1.4289,0.646,0.8,simulated
2026-06-10T10:04:00,3.8252,1.4536,0.6453,0.8,simulated
2026-06-10T10:04:10,3.4848,1.4347,0.6333,0.8,simulated
2026-06-10T10:04:20,3.5076,1.4197,0.6245,0.8,simulated
2026-06-10T10:04:30,3.6924,1.4149,0.6237,0.8,simulated
2026-06-10T10:04:40,3.5185,1.4172,0.6172,0.8,simulated
2026-06-10T10:04:50,3.3108,1.3961,0.605,0.8,simulated
2026-06-10T10:05:00,2.9736,1.3813,0.5839,0.8,simulated
2026-06-10T10:05:10,3.1926,1.3855,0.5744,0.8,simulated
2026-06-10T10:05:20,3.1172,1.3765,0.5642,0.8,simulated
2026-06-10T10:05:30,3.186,1.339,0.5584,0.8,simulated
2026-06-10T10:05:40,3.2427,1.3487,0.5557,0.8,simulated
2026-06-10T10:05:50,3.3802,1.3822,0.5581,0.8,simulated
2026-06-10T10:06:00,3.4934,1.3908,0.5639,0.8,simulated
2026-06-10T10:06:10,3.5214,1.375,0.5694,0.8,simulated
2026-06-10T10:06:20,3.7471,1.4056,0.5814,0.8,simulated
2026-06-10T10:06:30,3.7922,1.4107,0.5926,0.8,simulated
2026-06-10T10:06:40,3.8873,1.4027,0.6047,0.8,simulated
2026-06-10T10:06:50,3.9356,1.386,0.616,0.8,simulated
2026-06-10T10:07:00,3.8992,1.4229,0.6238,0.8,simulated
2026-06-10T10:07:10,3.8642,1.4096,0.6289,0.8,simulated
2026-06-10T10:07:20,3.7244,1.4303,0.6282,0.8,simulated
2026-06-10T10:07:30,3.6418,1.4511,0.625,0.8,simulated
2026-06-10T10:07:40,3.7316,1.4291,0.6253,0.8,simulated
2026-06-10T10:07:50,3.8029,1.4163,0.6281,0.8,simulated
2026-06-10T10:08:00,3.7013,1.4093,0.6268,0.8,simulated
2026-06-10T10:08:10,3.9085,1.4033,0.6328,0.8,simulated
2026-06-10T10:08:20,3.7578,1.4039,0.6325,0.8,simulated
2026-06-10T10:08:30,3.6249,1.4522,0.6278,0.8,simulated
2026-06-10T10:08:40,3.6817,1.4388,0.6259,0.8,simulated
2026-06-10T10:08:50,3.7202,1.4238,0.6257,0.8,simulated
2026-06-10T10:09:00,3.7606,1.4247,0.627,0.8,simulated
2026-06-10T10:09:10,3.7351,1.4263,0.6271,0.8,simulated
2026-06-10T10:09:20,3.6495,1.4241,0.6243,0.8,simulated
2026-06-10T10:09:30,3.7048,1.4448,0.6239,0.8,simulated
2026-06-10T10:09:40,3.6492,1.4276,0.6217,0.8,simulated
2026-06-10T10:09:50,3.523,1.386,0.6158,0.8,simulated
2026-06-10T10:10:00,3.7189,1.4335,0.6176,0.8,simulated
2026-06-10T10:10:10,3.8512,1.3945,0.6234,0.8,simulated
2026-06-10T10:10:20,3.8488,1.422,0.6281,0.8,simulated
2026-06-10T10:10:30,3.841,1.4107,0.6315,0.8,simulated
2026-06-10T10:10:40,3.9755,1.4394,0.6388,0.8,simulated
2026-06-10T10:10:50,3.8578,1.4218,0.6407,0.8,simulated
2026-06-10T10:11:00,3.8931,1.4227,0.6433,0.8,simulated
2026-06-10T10:11:10,3.7639,1.4254,0.6411,0.8,simulated
2026-06-10T10:11:20,3.91,1.4565,0.6443,0.8,simulated
2026-06-10T10:11:30,4.0156,1.4476,0.6503,0.8,simulated
2026-06-10T10:11:40,4.0714,1.4671,0.6571,0.8,simulated
2026-06-10T10:11:50,4.2208,1.4879,0.6675,0.8,simulated
2026-06-10T10:12:00,4.0332,1.4731,0.6695,0.8,simulated
2026-06-10T10:12:10,4.1272,1.4828,0.6743,0.8,simulated
2026-06-10T10:12:20,4.1337,1.4638,0.6783,0.8,simulated
2026-06-10T10:12:30,4.0848,1.4786,0.6799,0.8,simulated
2026-06-10T10:12:40,4.2833,1.4706,0.6878,0.8,simulated
2026-06-10T10:12:50,4.2167,1.5003,0.692,0.8,simulated
2026-06-10T10:13:00,4.2171,1.5089,0.6953,0.8,simulated
2026-06-10T10:13:10,4.1366,1.5097,0.6952,0.8,simulated
2026-06-10T10:13:20,4.119,1.4941,0.6946,0.8,simulated
2026-06-10T10:13:30,4.1247,1.5077,0.6942,0.8,simulated
2026-06-10T10:13:40,4.2576,1.4963,0.6984,0.8,simulated
2026-06-10T10:13:50,4.2971,1.4947,0.7031,0.8,simulated
2026-06-10T10:14:00,4.2095,1.5115,0.7039,0.8,simulated
2026-06-10T10:14:10,4.2378,1.5164,0.7056,0.8,simulated
2026-06-10T10:14:20,4.251,1.5403,0.7073,0.8,simulated
2026-06-10T10:14:30,4.127,1.5154,0.7045,0.8,simulated
2026-06-10T10:14:40,4.2887,1.4912,0.7077,0.8,simulated
2026-06-10T10:14:50,4.2551,1.4945,0.7091,0.8,simulated
2026-06-10T10:15:00,4.4107,1.496,0.7155,0.8,simulated
2026-06-10T10:15:10,4.3504,1.5197,0.7186,0.8,simulated
2026-06-10T10:15:20,4.1213,1.4968,0.7133,0.8,simulated
2026-06-10T10:15:30,4.1777,1.5315,0.711,0.8,simulated
2026-06-10T10:15:40,4.2576,1.5075,0.7119,0.8,simulated
2026-06-10T10:15:50,4.2468,1.5218,0.7122,0.8,simulated
2026-06-10T10:16:00,4.2485,1.5148,0.7125,0.8,simulated
2026-06-10T10:16:10,4.4392,1.5243,0.7192,0.8,simulated
2026-06-10T10:16:20,4.4119,1.508,0.7236,0.8,simulated
2026-06-10T10:16:30,4.3068,1.5231,0.7236,0.8,simulated
2026-06-10T10:16:40,4.2596,1.5156,0.722,0.8,simulated
2026-06-10T10:16:50,4.2837,1.52,0.7215,0.8,simulated
2026-06-10T10:17:00,4.2488,1.5218,0.72,0.8,simulated
2026-06-10T10:17:10,4.3159,1.5312,0.721,0.8,simulated
2026-06-10T10:17:20,4.3297,1.5153,0.7223,0.8,simulated
2026-06-10T10:17:30,4.3215,1.5354,0.723,0.8,simulated
2026-06-10T10:17:40,4.4551,1.533,0.7281,0.8,simulated
2026-06-10T10:17:50,4.3011,1.5516,0.727,0.8,simulated
2026-06-10T10:18:00,4.2973,1.4763,0.726,0.8,simulated
2026-06-10T10:18:10,4.3059,1.5158,0.7255,0.8,simulated
2026-06-10T10:18:20,4.477,1.5497,0.7308,0.8,simulated
2026-06-10T10:18:30,4.4779,1.4973,0.7351,0.8,simulated
2026-06-10T10:18:40,4.6788,1.5676,0.7453,0.8,simulated
2026-06-10T10:18:50,4.8331,1.5599,0.7586,0.8,simulated
2026-06-10T10:19:00,4.8586,1.5395,0.7701,0.8,simulated
2026-06-10T10:19:10,4.6445,1.5831,0.7722,0.8,simulated
2026-06-10T10:19:20,4.8705,1.5656,0.7814,0.8,simulated
2026-06-10T10:19:30,4.8232,1.5735,0.7872,0.8,simulated
2026-06-10T10:19:40,4.9569,1.6183,0.7963,0.8,simulated
2026-06-10T10:19:50,5.1327,1.6037,0.8095,0.8,simulated
2026-06-10T10:20:00,4.9888,1.6008,0.8152,0.8,simulated
2026-06-10T10:20:10,5.0232,1.6511,0.821,0.8,simulated
2026-06-10T10:20:20,4.9734,1.6378,0.8239,0.8,simulated
2026-06-10T10:20:30,4.9631,1.6208,0.8259,0.8,simulated
2026-06-10T10:20:40,4.6997,1.6068,0.8186,0.8,simulated
2026-06-10T10:20:50,4.616,1.6069,0.81,0.8,simulated
2026-06-10T10:21:00,4.6569,1.6281,0.8044,0.8,simulated
2026-06-10T10:21:10,4.3806,1.576,0.7907,0.8,simulated
2026-06-10T10:21:20,4.4261,1.5622,0.7813,0.8,simulated
2026-06-10T10:21:30,4.3485,1.5903,0.7712,0.8,simulated
2026-06-10T10:21:40,4.3074,1.5574,0.7617,0.8,simulated
2026-06-10T10:21:50,4.2528,1.5537,0.7522,0.8,simulated
2026-06-10T10:22:00,4.1488,1.549,0.7412,0.8,simulated
2026-06-10T10:22:10,4.0235,1.5223,0.7281,0.8,simulated
2026-06-10T10:22:20,3.9696,1.4795,0.7159,0.8,simulated
2026-06-10T10:22:30,4.08,1.5066,0.7098,0.8,simulated
2026-06-10T10:22:40,3.9772,1.5201,0.7015,0.8,simulated
2026-06-10T10:22:50,3.9816,1.5275,0.695,0.8,simulated
2026-06-10T10:23:00,3.953,1.487,0.6888,0.8,simulated
2026-06-10T10:23:10,3.9382,1.4829,0.6834,0.8,simulated
2026-06-10T10:23:20,4.0232,1.5023,0.6819,0.8,simulated
2026-06-10T10:23:30,3.9269,1.4864,0.6774,0.8,simulated
2026-06-10T10:23:40,3.6668,1.4696,0.6652,0.8,simulated
2026-06-10T10:23:50,3.5566,1.4219,0.6516,0.8,simulated
2026-06-10T10:24:00,3.6136,1.4365,0.6427,0.8,simulated
2026-06-10T10:24:10,3.672,1.4408,0.6376,0.8,simulated
2026-06-10T10:24:20,3.5676,1.4072,0.6299,0.8,simulated
2026-06-10T10:24:30,3.5188,1.4167,0.6222,0.8,simulated
2026-06-10T10:24:40,3.4173,1.4382,0.6126,0.8,simulated
2026-06-10T10:24:50,3.4724,1.4029,0.6067,0.8,simulated
2026-06-10T10:25:00,3.4407,1.3795,0.601,0.8,simulated
2026-06-10T10:25:10,3.5216,1.3708,0.5991,0.8,simulated
2026-06-10T10:25:20,3.5127,1.3971,0.5973,0.8,simulated
2026-06-10T10:25:30,3.5772,1.3894,0.598,0.8,simulated
2026-06-10T10:25:40,3.4624,1.3817,0.5948,0.8,simulated
2026-06-10T10:25:50,3.317,1.3907,0.5873,0.8,simulated
2026-06-10T10:26:00,3.3826,1.3877,0.5835,0.8,simulated
2026-06-10T10:26:10,3.4286,1.3846,0.582,0.8,simulated
2026-06-10T10:26:20,3.4065,1.3853,0.58,0.8,simulated
2026-06-10T10:26:30,3.5294,1.3642,0.5826,0.8,simulated
2026-06-10T10:26:40,3.523,1.3749,0.5845,0.8,simulated
2026-06-10T10:26:50,3.7401,1.3884,0.5932,0.8,simulated
2026-06-10T10:27:00,3.7561,1.4,0.6008,0.8,simulated
2026-06-10T10:27:10,3.5632,1.4152,0.6004,0.8,simulated
2026-06-10T10:27:20,3.514,1.3874,0.5984,0.8,simulated
2026-06-10T10:27:30,3.7595,1.3933,0.605,0.8,simulated
2026-06-10T10:27:40,3.6349,1.4285,0.6061,0.8,simulated
2026-06-10T10:27:50,3.7451,1.4131,0.6107,0.8,simulated
2026-06-10T10:28:00,3.547,1.3868,0.6078,0.8,simulated
2026-06-10T10:28:10,3.5528,1.4009,0.6056,0.8,simulated
2026-06-10T10:28:20,3.6052,1.3871,0.6056,0.8,simulated
2026-06-10T10:28:30,3.8306,1.3961,0.6132,0.8,simulated
2026-06-10T10:28:40,3.8863,1.4011,0.6211,0.8,simulated
2026-06-10T10:28:50,3.6869,1.4088,0.6208,0.8,simulated
2026-06-10T10:29:00,3.7307,1.4529,0.622,0.8,simulated
2026-06-10T10:29:10,3.6396,1.435,0.6199,0.8,simulated
2026-06-10T10:29:20,3.6301,1.4386,0.6179,0.8,simulated
2026-06-10T10:29:30,3.5674,1.4305,0.6142,0.8,simulated
2026-06-10T10:29:40,3.4732,1.406,0.608,0.8,simulated
2026-06-10T10:29:50,3.6158,1.414,0.6079,0.8,simulated
2026-06-10T10:30:00,3.8625,1.4177,0.6161,0.8,simulated
2026-06-10T10:30:10,3.8833,1.4073,0.6234,0.8,simulated
2026-06-10T10:30:20,3.7229,1.4063,0.6238,0.8,simulated
2026-06-10T10:30:30,3.8293,1.4412,0.6277,0.8,simulated
2026-06-10T10:30:40,3.7299,1.4092,0.6275,0.8,simulated
2026-06-10T10:30:50,3.7174,1.4299,0.6269,0.8,simulated
2026-06-10T10:31:00,3.7953,1.4388,0.629,0.8,simulated
2026-06-10T10:31:10,3.7716,1.4412,0.6299,0.8,simulated
2026-06-10T10:31:20,3.6665,1.4327,0.6272,0.8,simulated
2026-06-10T10:31:30,3.5595,1.4033,0.6213,0.8,simulated
2026-06-10T10:31:40,3.6653,1.4283,0.6202,0.8,simulated
2026-06-10T10:31:50,3.6716,1.4175,0.6195,0.8,simulated
2026-06-10T10:32:00,3.7106,1.4056,0.6203,0.8,simulated
2026-06-10T10:32:10,3.7806,1.3934,0.6233,0.8,simulated
2026-06-10T10:32:20,3.8352,1.4342,0.6275,0.8,simulated
2026-06-10T10:32:30,3.8095,1.4067,0.63,0.8,simulated
2026-06-10T10:32:40,4.0062,1.413,0.6386,0.8,simulated
2026-06-10T10:32:50,4.0441,1.473,0.6468,0.8,simulated
2026-06-10T10:33:00,4.3328,1.445,0.663,0.8,simulated
2026-06-10T10:33:10,4.4519,1.4737,0.68,0.8,simulated
2026-06-10T10:33:20,4.4037,1.493,0.6919,0.8,simulated
2026-06-10T10:33:30,4.3433,1.5005,0.6995,0.8,simulated
2026-06-10T10:33:40,4.443,1.4936,0.7089,0.8,simulated
2026-06-10T10:33:50,4.6393,1.5124,0.723,0.8,simulated
2026-06-10T10:34:00,4.7263,1.5493,0.7372,0.8,simulated
2026-06-10T10:34:10,4.7894,1.5465,0.7507,0.8,simulated
2026-06-10T10:34:20,4.9905,1.5679,0.7682,0.8,simulated
2026-06-10T10:34:30,4.8712,1.5458,0.7782,0.8,simulated
2026-06-10T10:34:40,4.6486,1.5702,0.7788,0.8,simulated
2026-06-10T10:34:50,4.6974,1.5937,0.7809,0.8,simulated
2026-06-10T10:35:00,4.8169,1.5756,0.7865,0.8,simulated
2026-06-10T10:35:10,4.714,1.5734,0.7876,0.8,simulated
2026-06-10T10:35:20,4.6759,1.5928,0.7872,0.8,simulated
2026-06-10T10:35:30,4.6572,1.5952,0.7862,0.8,simulated
2026-06-10T10:35:40,4.4414,1.5832,0.7782,0.8,simulated
2026-06-10T10:35:50,4.5536,1.5671,0.7756,0.8,simulated
2026-06-10T10:36:00,4.6266,1.5872,0.7759,0.8,simulated
2026-06-10T10:36:10,4.4998,1.5964,0.7719,0.8,simulated
2026-06-10T10:36:20,4.4139,1.5834,0.7659,0.8,simulated
2026-06-10T10:36:30,4.6439,1.5453,0.7687,0.8,simulated
2026-06-10T10:36:40,4.5866,1.613,0.7691,0.8,simulated
2026-06-10T10:36:50,4.4553,1.5451,0.765,0.8,simulated
2026-06-10T10:37:00,4.4754,1.544,0.7623,0.8,simulated
2026-06-10T10:37:10,4.536,1.5668,0.7623,0.8,simulated
2026-06-10T10:37:20,4.2439,1.551,0.7524,0.8,simulated
2026-06-10T10:37:30,4.3037,1.552,0.7465,0.8,simulated
2026-06-10T10:37:40,4.0518,1.553,0.7334,0.8,simulated
2026-06-10T10:37:50,4.2363,1.543,0.729,0.8,simulated
2026-06-10T10:38:00,4.1983,1.5109,0.7243,0.8,simulated
2026-06-10T10:38:10,4.3623,1.5271,0.726,0.8,simulated
2026-06-10T10:38:20,4.28,1.5398,0.7246,0.8,simulated
2026-06-10T10:38:30,4.0764,1.5325,0.7167,0.8,simulated
2026-06-10T10:38:40,4.231,1.5324,0.7155,0.8,simulated
2026-06-10T10:38:50,4.2119,1.5262,0.7139,0.8,simulated
2026-06-10T10:39:00,4.3696,1.5286,0.7179,0.8,simulated
2026-06-10T10:39:10,4.482,1.5172,0.725,0.8,simulated
2026-06-10T10:39:20,4.4553,1.5099,0.7297,0.8,simulated
2026-06-10T10:39:30,4.581,1.544,0.7376,0.8,simulated
2026-06-10T10:39:40,4.4808,1.5339,0.7407,0.8,simulated
2026-06-10T10:39:50,4.2613,1.5544,0.7357,0.8,simulated
2026-06-10T10:40:00,4.3257,1.5208,0.7339,0.8,simulated
2026-06-10T10:40:10,4.2105,1.5229,0.7286,0.8,simulated
2026-06-10T10:40:20,4.2965,1.5208,0.7272,0.8,simulated
2026-06-10T10:40:30,4.2263,1.5383,0.7238,0.8,simulated
2026-06-10T10:40:40,4.3584,1.5368,0.7255,0.8,simulated
2026-06-10T10:40:50,4.406,1.5288,0.7284,0.8,simulated
2026-06-10T10:41:00,4.5331,1.5394,0.7351,0.8,simulated
2026-06-10T10:41:10,4.6851,1.5697,0.7455,0.8,simulated
2026-06-10T10:41:20,4.708,1.5281,0.7546,0.8,simulated
2026-06-10T10:41:30,4.6792,1.5721,0.7609,0.8,simulated
2026-06-10T10:41:40,4.6063,1.5797,0.7635,0.8,simulated
2026-06-10T10:41:50,4.6078,1.5838,0.7656,0.8,simulated
2026-06-10T10:42:00,4.6445,1.5806,0.7685,0.8,simulated
2026-06-10T10:42:10,4.709,1.5614,0.773,0.8,simulated
2026-06-10T10:42:20,4.634,1.5661,0.7741,0.8,simulated
2026-06-10T10:42:30,4.5245,1.5813,0.7713,0.8,simulated
2026-06-10T10:42:40,4.5657,1.5616,0.7705,0.8,simulated
2026-06-10T10:42:50,4.3717,1.5603,0.7633,0.8,simulated
2026-06-10T10:43:00,4.2702,1.5315,0.7541,0.8,simulated
2026-06-10T10:43:10,4.3248,1.5307,0.7486,0.8,simulated
2026-06-10T10:43:20,4.3786,1.5512,0.746,0.8,simulated
2026-06-10T10:43:30,4.074,1.5273,0.7337,0.8,simulated
2026-06-10T10:43:40,4.1801,1.516,0.7274,0.8,simulated
2026-06-10T10:43:50,4.2422,1.5216,0.7245,0.8,simulated
2026-06-10T10:44:00,4.2961,1.5284,0.7239,0.8,simulated
2026-06-10T10:44:10,4.455,1.5249,0.7288,0.8,simulated
2026-06-10T10:44:20,4.5007,1.5369,0.7343,0.8,simulated
2026-06-10T10:44:30,4.2504,1.5316,0.7302,0.8,simulated
2026-06-10T10:44:40,4.1863,1.5211,0.7248,0.8,simulated
2026-06-10T10:44:50,4.2072,1.5211,0.7212,0.8,simulated
2026-06-10T10:45:00,4.2284,1.5058,0.7191,0.8,simulated
2026-06-10T10:45:10,4.2961,1.5121,0.7196,0.8,simulated
2026-06-10T10:45:20,4.3442,1.4941,0.7216,0.8,simulated
2026-06-10T10:45:30,4.3866,1.5072,0.7247,0.8,simulated
2026-06-10T10:45:40,4.2783,1.5057,0.7235,0.8,simulated
2026-06-10T10:45:50,4.3272,1.5182,0.7242,0.8,simulated
2026-06-10T10:46:00,4.521,1.5482,0.7313,0.8,simulated
2026-06-10T10:46:10,4.5876,1.539,0.7392,0.8,simulated
2026-06-10T10:46:20,4.6382,1.5494,0.7472,0.8,simulated
2026-06-10T10:46:30,4.6424,1.5396,0.7537,0.8,simulated
2026-06-10T10:46:40,4.6678,1.5641,0.7598,0.8,simulated
2026-06-10T10:46:50,4.6283,1.5888,0.7634,0.8,simulated
2026-06-10T10:47:00,4.6421,1.5654,0.7667,0.8,simulated
2026-06-10T10:47:10,4.5481,1.5538,0.7662,0.8,simulated
2026-06-10T10:47:20,4.7124,1.5538,0.7713,0.8,simulated
2026-06-10T10:47:30,4.6543,1.5773,0.7734,0.8,simulated
2026-06-10T10:47:40,4.5827,1.5586,0.7727,0.8,simulated
2026-06-10T10:47:50,4.4482,1.5783,0.7676,0.8,simulated
2026-06-10T10:48:00,4.3247,1.5442,0.7594,0.8,simulated
2026-06-10T10:48:10,4.5307,1.5349,0.7597,0.8,simulated
2026-06-10T10:48:20,4.3754,1.562,0.7548,0.8,simulated
2026-06-10T10:48:30,4.2522,1.5273,0.7467,0.8,simulated
2026-06-10T10:48:40,4.2579,1.5495,0.7404,0.8,simulated
2026-06-10T10:48:50,4.4103,1.5561,0.7405,0.8,simulated
2026-06-10T10:49:00,4.1915,1.5244,0.7333,0.8,simulated
2026-06-10T10:49:10,4.004,1.5243,0.7211,0.8,simulated
2026-06-10T10:49:20,4.0118,1.5326,0.7117,0.8,simulated
2026-06-10T10:49:30,3.8375,1.4913,0.6983,0.8,simulated
2026-06-10T10:49:40,3.8249,1.5111,0.6872,0.8,simulated
2026-06-10T10:49:50,3.9023,1.4759,0.6809,0.8,simulated
2026-06-10T10:50:00,4.0568,1.4669,0.681,0.8,simulated
2026-06-10T10:50:10,3.9759,1.4798,0.6784,0.8,simulated
2026-06-10T10:50:20,3.9292,1.4781,0.6747,0.8,simulated
2026-06-10T10:50:30,4.0216,1.4919,0.6749,0.8,simulated
2026-06-10T10:50:40,3.679,1.4768,0.6635,0.8,simulated
2026-06-10T10:50:50,3.65,1.459,0.6535,0.8,simulated
2026-06-10T10:51:00,3.907,1.4639,0.654,0.8,simulated
2026-06-10T10:51:10,3.9475,1.4586,0.6559,0.8,simulated
2026-06-10T10:51:20,3.6862,1.4604,0.6486,0.8,simulated
2026-06-10T10:51:30,3.6353,1.4332,0.641,0.8,simulated
2026-06-10T10:51:40,3.5771,1.4168,0.633,0.8,simulated
2026-06-10T10:51:50,3.4142,1.4242,0.6211,0.8,simulated
2026-06-10T10:52:00,3.3847,1.4509,0.6106,0.8,simulated
2026-06-10T10:52:10,3.7038,1.4251,0.6129,0.8,simulated
2026-06-10T10:52:20,3.7813,1.4069,0.6174,0.8,simulated
2026-06-10T10:52:30,3.9581,1.4478,0.6269,0.8,simulated
2026-06-10T10:52:40,4.1006,1.4113,0.6393,0.8,simulated
2026-06-10T10:52:50,4.1869,1.4483,0.6521,0.8,simulated
2026-06-10T10:53:00,4.1819,1.4682,0.6622,0.8,simulated
2026-06-10T10:53:10,4.223,1.4616,0.6717,0.8,simulated
2026-06-10T10:53:20,4.1953,1.4694,0.6783,0.8,simulated
2026-06-10T10:53:30,4.0933,1.4776,0.6802,0.8,simulated
2026-06-10T10:53:40,4.0586,1.4724,0.6805,0.8,simulated
2026-06-10T10:53:50,4.1887,1.4734,0.6851,0.8,simulated
2026-06-10T10:54:00,4.1892,1.4726,0.6889,0.8,simulated
2026-06-10T10:54:10,4.1297,1.4665,0.6899,0.8,simulated
2026-06-10T10:54:20,4.1898,1.4782,0.6927,0.8,simulated
2026-06-10T10:54:30,4.2976,1.497,0.6985,0.8,simulated
2026-06-10T10:54:40,4.2977,1.5183,0.7032,0.8,simulated
2026-06-10T10:54:50,4.052,1.4888,0.6987,0.8,simulated
2026-06-10T10:55:00,3.8691,1.4708,0.689,0.8,simulated
2026-06-10T10:55:10,4.042,1.5111,0.687,0.8,simulated
2026-06-10T10:55:20,3.9804,1.4662,0.6833,0.8,simulated
2026-06-10T10:55:30,3.9408,1.4805,0.6791,0.8,simulated
2026-06-10T10:55:40,3.8099,1.4572,0.6713,0.8,simulated
2026-06-10T10:55:50,3.8505,1.4556,0.6664,0.8,simulated
2026-06-10T10:56:00,3.919,1.4706,0.6648,0.8,simulated
2026-06-10T10:56:10,3.9526,1.4716,0.6646,0.8,simulated
2026-06-10T10:56:20,3.9624,1.4839,0.6649,0.8,simulated
2026-06-10T10:56:30,3.983,1.4757,0.6657,0.8,simulated
2026-06-10T10:56:40,3.6992,1.4592,0.6569,0.8,simulated
2026-06-10T10:56:50,3.7295,1.4602,0.6508,0.8,simulated
2026-06-10T10:57:00,3.6418,1.4276,0.643,0.8,simulated
2026-06-10T10:57:10,3.7634,1.459,0.6409,0.8,simulated
2026-06-10T10:57:20,3.7456,1.4465,0.6385,0.8,simulated
2026-06-10T10:57:30,3.7774,1.4451,0.6378,0.8,simulated
2026-06-10T10:57:40,3.7133,1.4439,0.635,0.8,simulated
2026-06-10T10:57:50,3.6947,1.4099,0.6321,0.8,simulated
2026-06-10T10:58:00,3.881,1.4191,0.6361,0.8,simulated
2026-06-10T10:58:10,3.783,1.438,0.636,0.8,simulated
2026-06-10T10:58:20,3.7211,1.436,0.6338,0.8,simulated
2026-06-10T10:58:30,3.5563,1.4352,0.6265,0.8,simulated
2026-06-10T10:58:40,3.5701,1.4228,0.6212,0.8,simulated
2026-06-10T10:58:50,3.4988,1.4117,0.6145,0.8,simulated
2026-06-10T10:59:00,3.3962,1.4246,0.6057,0.8,simulated
2026-06-10T10:59:10,3.2887,1.4003,0.5951,0.8,simulated
2026-06-10T10:59:20,3.3145,1.3986,0.5874,0.8,simulated
2026-06-10T10:59:30,3.4862,1.405,0.5871,0.8,simulated
2026-06-10T10:59:40,3.2653,1.3983,0.5794,0.8,simulated
2026-06-10T10:59:50,3.1178,1.373,0.5683,0.8,simulated
2026-06-10T11:00:00,3.1855,1.3725,0.5616,0.8,simulated
2026-06-10T11:00:10,3.0481,1.3557,0.5517,0.8,simulated
2026-06-10T11:00:20,2.8653,1.3537,0.5377,0.8,simulated
2026-06-10T11:00:30,2.7835,1.3579,0.5236,0.8,simulated
2026-06-10T11:00:40,2.6361,1.2918,0.5075,0.8,simulated
2026-06-10T11:00:50,2.8138,1.2892,0.5005,0.8,simulated
2026-06-10T11:01:00,3.0526,1.3268,0.503,0.8,simulated
2026-06-10T11:01:10,3.063,1.3081,0.5053,0.8,simulated
2026-06-10T11:01:20,2.8927,1.295,0.5014,0.8,simulated
2026-06-10T11:01:30,3.0828,1.2943,0.5047,0.8,simulated
2026-06-10T11:01:40,2.9867,1.3182,0.5041,0.8,simulated
2026-06-10T11:01:50,2.874,1.3083,0.4999,0.8,simulated
2026-06-10T11:02:00,2.928,1.3284,0.4983,0.8,simulated
2026-06-10T11:02:10,2.6933,1.2878,0.4891,0.8,simulated
2026-06-10T11:02:20,2.988,1.3052,0.4917,0.8,simulated
2026-06-10T11:02:30,3.0092,1.3193,0.4945,0.8,simulated
2026-06-10T11:02:40,2.8787,1.2708,0.4923,0.8,simulated
2026-06-10T11:02:50,2.9063,1.2757,0.4915,0.8,simulated
2026-06-10T11:03:00,2.8234,1.2921,0.4881,0.8,simulated
2026-06-10T11:03:10,3.0204,1.2833,0.4919,0.8,simulated
2026-06-10T11:03:20,3.1991,1.2947,0.501,0.8,simulated
2026-06-10T11:03:30,3.1957,1.2983,0.5082,0.8,simulated
2026-06-10T11:03:40,3.3099,1.3156,0.5178,0.8,simulated
2026-06-10T11:03:50,3.3732,1.314,0.5276,0.8,simulated
2026-06-10T11:04:00,3.5092,1.3208,0.54,0.8,simulated
2026-06-10T11:04:10,3.4599,1.354,0.5482,0.8,simulated
2026-06-10T11:04:20,3.538,1.3593,0.5575,0.8,simulated
2026-06-10T11:04:30,3.5056,1.3784,0.5637,0.8,simulated
2026-06-10T11:04:40,3.5112,1.3768,0.569,0.8,simulated
2026-06-10T11:04:50,3.6484,1.3841,0.5778,0.8,simulated
2026-06-10T11:05:00,3.6391,1.3958,0.5845,0.8,simulated
2026-06-10T11:05:10,3.6062,1.375,0.5888,0.8,simulated
2026-06-10T11:05:20,3.7909,1.3909,0.5984,0.8,simulated
2026-06-10T11:05:30,3.8089,1.4108,0.6067,0.8,simulated
2026-06-10T11:05:40,3.8035,1.4272,0.6131,0.8,simulated
2026-06-10T11:05:50,3.8112,1.4283,0.6186,0.8,simulated
2026-06-10T11:06:00,3.8413,1.4207,0.6239,0.8,simulated
2026-06-10T11:06:10,3.56,1.416,0.6188,0.8,simulated
2026-06-10T11:06:20,3.4733,1.4155,0.6117,0.8,simulated
2026-06-10T11:06:30,3.5513,1.3913,0.6087,0.8,simulated
2026-06-10T11:06:40,3.695,1.4238,0.6111,0.8,simulated
2026-06-10T11:06:50,3.4387,1.416,0.6044,0.8,simulated
2026-06-10T11:07:00,3.5765,1.4176,0.6037,0.8,simulated
2026-06-10T11:07:10,3.639,1.4201,0.6052,0.8,simulated
2026-06-10T11:07:20,3.4706,1.4158,0.6008,0.8,simulated
2026-06-10T11:07:30,3.5488,1.3716,0.5999,0.8,simulated
2026-06-10T11:07:40,3.6804,1.4069,0.6036,0.8,simulated
2026-06-10T11:07:50,3.8263,1.39,0.6114,0.8,simulated
2026-06-10T11:08:00,3.763,1.4013,0.6156,0.8,simulated
2026-06-10T11:08:10,3.5568,1.41,0.612,0.8,simulated
2026-06-10T11:08:20,3.5021,1.425,0.6072,0.8,simulated
2026-06-10T11:08:30,3.4077,1.4053,0.6003,0.8,simulated
2026-06-10T11:08:40,3.7503,1.4097,0.6062,0.8,simulated
2026-06-10T11:08:50,3.7355,1.4373,0.6105,0.8,simulated
2026-06-10T11:09:00,3.7243,1.4172,0.6135,0.8,simulated
2026-06-10T11:09:10,3.7676,1.4032,0.6174,0.8,simulated
2026-06-10T11:09:20,3.6188,1.3946,0.6155,0.8,simulated
2026-06-10T11:09:30,3.6964,1.4035,0.6166,0.8,simulated
2026-06-10T11:09:40,3.8268,1.4236,0.6219,0.8,simulated
2026-06-10T11:09:50,3.9001,1.4054,0.6285,0.8,simulated
2026-06-10T11:10:00,4.1508,1.4489,0.6423,0.8,simulated
2026-06-10T11:10:10,4.1229,1.457,0.6524,0.8,simulated
2026-06-10T11:10:20,4.0944,1.4487,0.6595,0.8,simulated
2026-06-10T11:10:30,4.1689,1.4692,0.6677,0.8,simulated
2026-06-10T11:10:40,3.9387,1.4742,0.6665,0.8,simulated
2026-06-10T11:10:50,3.8342,1.4525,0.662,0.8,simulated
2026-06-10T11:11:00,3.8732,1.4707,0.6597,0.8,simulated
2026-06-10T11:11:10,3.7782,1.444,0.6547,0.8,simulated
2026-06-10T11:11:20,3.8429,1.4617,0.6529,0.8,simulated
2026-06-10T11:11:30,3.797,1.4718,0.6499,0.8,simulated
2026-06-10T11:11:40,3.7588,1.4511,0.6462,0.8,simulated
2026-06-10T11:11:50,3.6917,1.4219,0.641,0.8,simulated
2026-06-10T11:12:00,3.678,1.4377,0.6364,0.8,simulated
2026-06-10T11:12:10,3.6485,1.4329,0.6317,0.8,simulated
2026-06-10T11:12:20,3.8197,1.4208,0.6337,0.8,simulated
2026-06-10T11:12:30,4.0717,1.4249,0.6438,0.8,simulated
2026-06-10T11:12:40,4.086,1.4466,0.6523,0.8,simulated
2026-06-10T11:12:50,4.1765,1.4752,0.6622,0.8,simulated
2026-06-10T11:13:00,4.216,1.4837,0.6714,0.8,simulated
2026-06-10T11:13:10,4.2523,1.498,0.68,0.8,simulated
2026-06-10T11:13:20,4.4014,1.4912,0.6919,0.8,simulated
2026-06-10T11:13:30,4.4845,1.5337,0.7042,0.8,simulated
2026-06-10T11:13:40,4.4776,1.5011,0.7138,0.8,simulated
2026-06-10T11:13:50,4.2853,1.5216,0.715,0.8,simulated
2026-06-10T11:14:00,4.2296,1.5105,0.7141,0.8,simulated
2026-06-10T11:14:10,4.0183,1.5287,0.7063,0.8,simulated
2026-06-10T11:14:20,3.7897,1.4929,0.6924,0.8,simulated
2026-06-10T11:14:30,3.7068,1.463,0.6785,0.8,simulated
2026-06-10T11:14:40,3.7615,1.4728,0.6692,0.8,simulated
2026-06-10T11:14:50,3.809,1.4465,0.6633,0.8,simulated
2026-06-10T11:15:00,4.0092,1.4523,0.6654,0.8,simulated
2026-06-10T11:15:10,3.9294,1.4782,0.6643,0.8,simulated
2026-06-10T11:15:20,4.1205,1.4696,0.6699,0.8,simulated
2026-06-10T11:15:30,3.8673,1.4787,0.6659,0.8,simulated
2026-06-10T11:15:40,3.505,1.4374,0.6505,0.8,simulated
2026-06-10T11:15:50,3.476,1.4566,0.6372,0.8,simulated
2026-06-10T11:16:00,3.3775,1.4206,0.6232,0.8,simulated
2026-06-10T11:16:10,3.55,1.3885,0.6179,0.8,simulated
2026-06-10T11:16:20,3.5014,1.3985,0.6119,0.8,simulated
2026-06-10T11:16:30,3.4735,1.3853,0.6063,0.8,simulated
2026-06-10T11:16:40,3.4321,1.3784,0.6003,0.8,simulated
2026-06-10T11:16:50,3.4776,1.4048,0.5971,0.8,simulated
2026-06-10T11:17:00,3.3658,1.3963,0.5908,0.8,simulated
2026-06-10T11:17:10,3.3977,1.3956,0.5868,0.8,simulated
2026-06-10T11:17:20,3.3138,1.3697,0.5808,0.8,simulated
2026-06-10T11:17:30,3.1545,1.3786,0.5706,0.8,simulated
2026-06-10T11:17:40,3.0591,1.3372,0.5593,0.8,simulated
2026-06-10T11:17:50,3.4611,1.3565,0.5637,0.8,simulated
2026-06-10T11:18:00,3.4496,1.3645,0.5669,0.8,simulated
2026-06-10T11:18:10,3.3398,1.3572,0.5657,0.8,simulated
2026-06-10T11:18:20,3.3383,1.3662,0.5647,0.8,simulated
2026-06-10T11:18:30,3.2548,1.3608,0.5612,0.8,simulated
2026-06-10T11:18:40,3.3325,1.368,0.5609,0.8,simulated
2026-06-10T11:18:50,3.29,1.3638,0.5593,0.8,simulated
2026-06-10T11:19:00,3.3129,1.373,0.5587,0.8,simulated
2026-06-10T11:19:10,3.3081,1.3509,0.5581,0.8,simulated
2026-06-10T11:19:20,3.2185,1.3644,0.5546,0.8,simulated
2026-06-10T11:19:30,3.2673,1.3577,0.5535,0.8,simulated
2026-06-10T11:19:40,3.5267,1.3649,0.5613,0.8,simulated
2026-06-10T11:19:50,3.2377,1.3598,0.5578,0.8,simulated
2026-06-10T11:20:00,3.1092,1.3184,0.5507,0.8,simulated
2026-06-10T11:20:10,2.8114,1.3638,0.535,0.8,simulated
2026-06-10T11:20:20,2.7705,1.3074,0.5211,0.8,simulated
2026-06-10T11:20:30,2.8142,1.2995,0.5115,0.8,simulated
2026-06-10T11:20:40,2.9509,1.3035,0.5083,0.8,simulated
2026-06-10T11:20:50,2.9051,1.2846,0.5043,0.8,simulated
2026-06-10T11:21:00,2.7621,1.3224,0.4962,0.8,simulated
2026-06-10T11:21:10,2.7146,1.2789,0.4882,0.8,simulated
2026-06-10T11:21:20,2.7068,1.2712,0.4815,0.8,simulated
2026-06-10T11:21:30,2.7911,1.2665,0.479,0.8,simulated
2026-06-10T11:21:40,2.8337,1.285,0.4784,0.8,simulated
2026-06-10T11:21:50,2.9596,1.3031,0.4822,0.8,simulated
2026-06-10T11:22:00,3.0101,1.291,0.4869,0.8,simulated
2026-06-10T11:22:10,3.0427,1.2801,0.4917,0.8,simulated
2026-06-10T11:22:20,2.928,1.3116,0.4918,0.8,simulated
2026-06-10T11:22:30,2.6454,1.2865,0.4823,0.8,simulated
2026-06-10T11:22:40,2.4978,1.2589,0.4698,0.8,simulated
2026-06-10T11:22:50,2.679,1.2647,0.4658,0.8,simulated
2026-06-10T11:23:00,2.8227,1.2695,0.4675,0.8,simulated
2026-06-10T11:23:10,2.8689,1.274,0.4704,0.8,simulated
2026-06-10T11:23:20,2.8269,1.2713,0.4713,0.8,simulated
2026-06-10T11:23:30,2.7499,1.2698,0.4694,0.8,simulated
2026-06-10T11:23:40,2.7853,1.2971,0.4691,0.8,simulated
2026-06-10T11:23:50,2.8647,1.3141,0.4716,0.8,simulated
2026-06-10T11:24:00,2.8034,1.274,0.4714,0.8,simulated
2026-06-10T11:24:10,2.5757,1.2499,0.4637,0.8,simulated
2026-06-10T11:24:20,2.5673,1.2415,0.4572,0.8,simulated
2026-06-10T11:24:30,2.431,1.2597,0.4475,0.8,simulated
2026-06-10T11:24:40,2.6292,1.2219,0.4463,0.8,simulated
2026-06-10T11:24:50,2.5617,1.2404,0.4431,0.8,simulated
2026-06-10T11:25:00,2.5912,1.2475,0.4416,0.8,simulated
2026-06-10T11:25:10,2.7084,1.247,0.4442,0.8,simulated
2026-06-10T11:25:20,2.7001,1.2401,0.4461,0.8,simulated
2026-06-10T11:25:30,2.6348,1.273,0.4454,0.8,simulated
2026-06-10T11:25:40,2.6134,1.2561,0.4442,0.8,simulated
2026-06-10T11:25:50,2.6386,1.2369,0.444,0.8,simulated
2026-06-10T11:26:00,2.767,1.2599,0.4482,0.8,simulated
2026-06-10T11:26:10,2.9593,1.2552,0.458,0.8,simulated
2026-06-10T11:26:20,2.9597,1.2581,0.4658,0.8,simulated
2026-06-10T11:26:30,2.9869,1.2669,0.473,0.8,simulated
2026-06-10T11:26:40,3.06,1.299,0.4812,0.8,simulated
2026-06-10T11:26:50,3.0303,1.2784,0.4868,0.8,simulated
2026-06-10T11:27:00,2.9333,1.2869,0.488,0.8,simulated
2026-06-10T11:27:10,2.9331,1.3043,0.489,0.8,simulated
2026-06-10T11:27:20,2.8219,1.2905,0.486,0.8,simulated
2026-06-10T11:27:30,2.8612,1.2885,0.4849,0.8,simulated
2026-06-10T11:27:40,3.0668,1.281,0.491,0.8,simulated
2026-06-10T11:27:50,3.2604,1.3373,0.5023,0.8,simulated
2026-06-10T11:28:00,3.3687,1.3273,0.5151,0.8,simulated
2026-06-10T11:28:10,3.5535,1.2959,0.5314,0.8,simulated
2026-06-10T11:28:20,3.5958,1.3655,0.546,0.8,simulated
2026-06-10T11:28:30,3.5552,1.3369,0.5562,0.8,simulated
2026-06-10T11:28:40,3.6625,1.3475,0.568,0.8,simulated
2026-06-10T11:28:50,3.8157,1.3722,0.5826,0.8,simulated
2026-06-10T11:29:00,3.9723,1.4185,0.5996,0.8,simulated
2026-06-10T11:29:10,3.955,1.4085,0.6126,0.8,simulated
2026-06-10T11:29:20,3.6905,1.4172,0.614,0.8,simulated
2026-06-10T11:29:30,3.9581,1.3992,0.6242,0.8,simulated
2026-06-10T11:29:40,3.7434,1.4413,0.6252,0.8,simulated
2026-06-10T11:29:50,3.7296,1.4214,0.6254,0.8,simulated
2026-06-10T11:30:00,3.5726,1.4011,0.6204,0.8,simulated
2026-06-10T11:30:10,3.5043,1.4189,0.6141,0.8,simulated
2026-06-10T11:30:20,3.4361,1.4141,0.6067,0.8,simulated
2026-06-10T11:30:30,3.5888,1.4072,0.6059,0.8,simulated
2026-06-10T11:30:40,3.6484,1.4267,0.6073,0.8,simulated
2026-06-10T11:30:50,3.5827,1.415,0.6063,0.8,simulated
2026-06-10T11:31:00,3.7594,1.4338,0.6113,0.8,simulated
2026-06-10T11:31:10,3.4987,1.4058,0.6066,0.8,simulated
2026-06-10T11:31:20,3.4823,1.4039,0.6023,0.8,simulated
2026-06-10T11:31:30,3.5589,1.4144,0.6014,0.8,simulated
2026-06-10T11:31:40,3.5772,1.4187,0.6013,0.8,simulated
2026-06-10T11:31:50,3.7208,1.4011,0.6061,0.8,simulated
2026-06-10T11:32:00,3.8177,1.4414,0.6131,0.8,simulated
2026-06-10T11:32:10,3.8747,1.4224,0.6207,0.8,simulated
2026-06-10T11:32:20,3.8343,1.4255,0.6254,0.8,simulated
2026-06-10T11:32:30,3.8319,1.4357,0.6291,0.8,simulated
2026-06-10T11:32:40,3.8135,1.4186,0.6314,0.8,simulated
2026-06-10T11:32:50,3.7456,1.4063,0.631,0.8,simulated
2026-06-10T11:33:00,3.8313,1.4643,0.6335,0.8,simulated
2026-06-10T11:33:10,3.6858,1.4466,0.6306,0.8,simulated
2026-06-10T11:33:20,3.8347,1.4195,0.6334,0.8,simulated
2026-06-10T11:33:30,3.8366,1.4377,0.6356,0.8,simulated
2026-06-10T11:33:40,3.9018,1.4489,0.6396,0.8,simulated
2026-06-10T11:33:50,3.9369,1.4366,0.6439,0.8,simulated
2026-06-10T11:34:00,4.1036,1.4745,0.653,0.8,simulated
2026-06-10T11:34:10,4.1704,1.4551,0.6626,0.8,simulated
2026-06-10T11:34:20,4.1252,1.4835,0.6687,0.8,simulated
2026-06-10T11:34:30,4.3682,1.4722,0.6817,0.8,simulated
2026-06-10T11:34:40,4.114,1.4912,0.6836,0.8,simulated
2026-06-10T11:34:50,4.3378,1.5159,0.6926,0.8,simulated
2026-06-10T11:35:00,4.3903,1.5087,0.7016,0.8,simulated
2026-06-10T11:35:10,4.3358,1.4996,0.707,0.8,simulated
2026-06-10T11:35:20,4.3818,1.5161,0.7128,0.8,simulated
2026-06-10T11:35:30,4.2321,1.5233,0.7124,0.8,simulated
2026-06-10T11:35:40,4.3255,1.5089,0.7153,0.8,simulated
2026-06-10T11:35:50,4.1907,1.5071,0.713,0.8,simulated
2026-06-10T11:36:00,4.3257,1.5422,0.7158,0.8,simulated
2026-06-10T11:36:10,4.5751,1.5473,0.7263,0.8,simulated
2026-06-10T11:36:20,4.5285,1.5233,0.7332,0.8,simulated
2026-06-10T11:36:30,4.1746,1.5071,0.7269,0.8,simulated
2026-06-10T11:36:40,4.2492,1.505,0.7243,0.8,simulated
2026-06-10T11:36:50,4.1214,1.5012,0.7179,0.8,simulated
2026-06-10T11:37:00,4.043,1.5059,0.7101,0.8,simulated
2026-06-10T11:37:10,4.0346,1.5025,0.7037,0.8,simulated
2026-06-10T11:37:20,4.0291,1.4776,0.6983,0.8,simulated
2026-06-10T11:37:30,3.9866,1.4949,0.6926,0.8,simulated
2026-06-10T11:37:40,3.9623,1.4437,0.6872,0.8,simulated
2026-06-10T11:37:50,3.873,1.482,0.6799,0.8,simulated
2026-06-10T11:38:00,4.0287,1.5034,0.6793,0.8,simulated
2026-06-10T11:38:10,4.3614,1.4717,0.69,0.8,simulated
2026-06-10T11:38:20,4.322,1.454,0.6972,0.8,simulated
2026-06-10T11:38:30,4.4362,1.5093,0.7068,0.8,simulated
2026-06-10T11:38:40,4.4561,1.5257,0.7152,0.8,simulated
2026-06-10T11:38:50,4.3352,1.5117,0.7178,0.8,simulated
2026-06-10T11:39:00,4.2283,1.5197,0.7163,0.8,simulated
2026-06-10T11:39:10,4.2769,1.5361,0.7168,0.8,simulated
2026-06-10T11:39:20,4.2252,1.5407,0.7154,0.8,simulated
2026-06-10T11:39:30,3.9154,1.5128,0.7039,0.8,simulated
2026-06-10T11:39:40,3.9131,1.476,0.6946,0.8,simulated
2026-06-10T11:39:50,3.7587,1.4845,0.6819,0.8,simulated
2026-06-10T11:40:00,3.8983,1.4615,0.6765,0.8,simulated
2026-06-10T11:40:10,3.8725,1.4711,0.6713,0.8,simulated
2026-06-10T11:40:20,3.7297,1.4588,0.6624,0.8,simulated
2026-06-10T11:40:30,3.7624,1.4478,0.6563,0.8,simulated
2026-06-10T11:40:40,3.7333,1.4735,0.6505,0.8,simulated
2026-06-10T11:40:50,3.6259,1.4388,0.6422,0.8,simulated
2026-06-10T11:41:00,3.6396,1.4139,0.6361,0.8,simulated
2026-06-10T11:41:10,3.4598,1.4308,0.6251,0.8,simulated
2026-06-10T11:41:20,3.4943,1.4278,0.6175,0.8,simulated
2026-06-10T11:41:30,3.7243,1.4199,0.6191,0.8,simulated
2026-06-10T11:41:40,3.85,1.413,0.6247,0.8,simulated
2026-06-10T11:41:50,3.7528,1.4193,0.6258,0.8,simulated
2026-06-10T11:42:00,3.9479,1.4245,0.6333,0.8,simulated
2026-06-10T11:42:10,3.9092,1.4304,0.638,0.8,simulated
2026-06-10T11:42:20,3.9215,1.4316,0.6422,0.8,simulated
2026-06-10T11:42:30,3.9742,1.4439,0.6473,0.8,simulated
2026-06-10T11:42:40,4.1007,1.4353,0.6556,0.8,simulated
2026-06-10T11:42:50,4.0571,1.4645,0.6608,0.8,simulated
2026-06-10T11:43:00,4.264,1.4602,0.6719,0.8,simulated
2026-06-10T11:43:10,4.4316,1.4996,0.6864,0.8,simulated
2026-06-10T11:43:20,4.4165,1.5033,0.6975,0.8,simulated
2026-06-10T11:43:30,4.3334,1.5262,0.7036,0.8,simulated
2026-06-10T11:43:40,4.3638,1.4891,0.7095,0.8,simulated
2026-06-10T11:43:50,4.5447,1.5415,0.7203,0.8,simulated
2026-06-10T11:44:00,4.4193,1.523,0.7247,0.8,simulated
2026-06-10T11:44:10,4.672,1.5461,0.7368,0.8,simulated
2026-06-10T11:44:20,4.7744,1.5632,0.7498,0.8,simulated
2026-06-10T11:44:30,4.7664,1.5744,0.76,0.8,simulated
2026-06-10T11:44:40,4.6215,1.5642,0.7633,0.8,simulated
2026-06-10T11:44:50,4.7265,1.5763,0.7695,0.8,simulated
2026-06-10T11:45:00,4.9528,1.5806,0.782,0.8,simulated
2026-06-10T11:45:10,4.9137,1.6016,0.7907,0.8,simulated
2026-06-10T11:45:20,4.985,1.5867,0.8,0.8,simulated
2026-06-10T11:45:30,5.0222,1.6148,0.8088,0.8,simulated
2026-06-10T11:45:40,5.0077,1.6384,0.8153,0.8,simulated
2026-06-10T11:45:50,5.0102,1.6507,0.8206,0.8,simulated
2026-06-10T11:46:00,4.9101,1.6375,0.8214,0.8,simulated
2026-06-10T11:46:10,4.7901,1.64,0.8181,0.8,simulated
2026-06-10T11:46:20,4.6792,1.6195,0.8117,0.8,simulated
2026-06-10T11:46:30,4.6797,1.6224,0.8066,0.8,simulated
2026-06-10T11:46:40,4.4243,1.6231,0.7939,0.8,simulated
2026-06-10T11:46:50,4.4931,1.5853,0.7861,0.8,simulated
2026-06-10T11:47:00,4.3605,1.5516,0.7754,0.8,simulated
2026-06-10T11:47:10,4.39,1.5653,0.7678,0.8,simulated
2026-06-10T11:47:20,4.3838,1.5643,0.7616,0.8,simulated
2026-06-10T11:47:30,4.3979,1.5447,0.757,0.8,simulated
2026-06-10T11:47:40,4.438,1.5368,0.7547,0.8,simulated
2026-06-10T11:47:50,4.3731,1.5433,0.7507,0.8,simulated
2026-06-10T11:48:00,4.3045,1.5268,0.7452,0.8,simulated
2026-06-10T11:48:10,4.2046,1.5511,0.7374,0.8,simulated
2026-06-10T11:48:20,4.2553,1.5585,0.7329,0.8,simulated
2026-06-10T11:48:30,4.0543,1.5327,0.7226,0.8,simulated
2026-06-10T11:48:40,4.1603,1.4969,0.7178,0.8,simulated
2026-06-10T11:48:50,4.0525,1.5135,0.7104,0.8,simulated
2026-06-10T11:49:00,4.0037,1.49,0.7029,0.8,simulated
2026-06-10T11:49:10,4.0422,1.5023,0.6981,0.8,simulated
2026-06-10T11:49:20,4.1224,1.4847,0.697,0.8,simulated
2026-06-10T11:49:30,4.2383,1.5148,0.7,0.8,simulated
2026-06-10T11:49:40,4.1766,1.5109,0.7003,0.8,simulated
2026-06-10T11:49:50,4.0648,1.492,0.6969,0.8,simulated
2026-06-10T11:50:00,3.9669,1.4983,0.6908,0.8,simulated
2026-06-10T11:50:10,4.01,1.4883,0.6874,0.8,simulated
2026-06-10T11:50:20,4.0105,1.5105,0.6846,0.8,simulated
2026-06-10T11:50:30,4.0819,1.4563,0.6849,0.8,simulated
2026-06-10T11:50:40,4.104,1.492,0.6858,0.8,simulated
2026-06-10T11:50:50,3.8504,1.4966,0.678,0.8,simulated
2026-06-10T11:51:00,3.8936,1.4677,0.6732,0.8,simulated
2026-06-10T11:51:10,3.8238,1.4596,0.6671,0.8,simulated
2026-06-10T11:51:20,3.788,1.4636,0.6609,0.8,simulated
2026-06-10T11:51:30,3.6578,1.4378,0.6516,0.8,simulated
2026-06-10T11:51:40,3.5259,1.4317,0.6398,0.8,simulated
2026-06-10T11:51:50,3.4535,1.4125,0.6279,0.8,simulated
2026-06-10T11:52:00,3.8508,1.429,0.6317,0.8,simulated
2026-06-10T11:52:10,3.9492,1.4067,0.638,0.8,simulated
2026-06-10T11:52:20,3.9112,1.4328,0.6418,0.8,simulated
2026-06-10T11:52:30,3.8791,1.4522,0.6438,0.8,simulated
2026-06-10T11:52:40,3.8237,1.4378,0.6435,0.8,simulated
2026-06-10T11:52:50,3.9985,1.443,0.6492,0.8,simulated
2026-06-10T11:53:00,3.8506,1.4622,0.6487,0.8,simulated
2026-06-10T11:53:10,3.8775,1.4729,0.6493,0.8,simulated
2026-06-10T11:53:20,3.8714,1.4384,0.6495,0.8,simulated
2026-06-10T11:53:30,3.9786,1.4713,0.6533,0.8,simulated
2026-06-10T11:53:40,3.963,1.4295,0.6558,0.8,simulated
2026-06-10T11:53:50,4.0002,1.4463,0.659,0.8,simulated
2026-06-10T11:54:00,3.9974,1.4696,0.6615,0.8,simulated
2026-06-10T11:54:10,3.9113,1.4645,0.6606,0.8,simulated
2026-06-10T11:54:20,3.9801,1.464,0.6622,0.8,simulated
2026-06-10T11:54:30,4.0284,1.4781,0.6652,0.8,simulated
2026-06-10T11:54:40,4.0081,1.4638,0.6668,0.8,simulated
2026-06-10T11:54:50,4.0608,1.4813,0.6699,0.8,simulated
2026-06-10T11:55:00,4.1303,1.4673,0.6747,0.8,simulated
2026-06-10T11:55:10,4.0383,1.466,0.6754,0.8,simulated
2026-06-10T11:55:20,4.064,1.4488,0.6769,0.8,simulated
2026-06-10T11:55:30,3.91,1.483,0.6729,0.8,simulated
2026-06-10T11:55:40,3.945,1.4579,0.6709,0.8,simulated
2026-06-10T11:55:50,4.067,1.4885,0.6733,0.8,simulated
2026-06-10T11:56:00,4.0607,1.4903,0.6751,0.8,simulated
2026-06-10T11:56:10,3.9944,1.471,0.6743,0.8,simulated
2026-06-10T11:56:20,3.9488,1.4734,0.6721,0.8,simulated
2026-06-10T11:56:30,3.8843,1.4712,0.6682,0.8,simulated
2026-06-10T11:56:40,4.0302,1.4669,0.67,0.8,simulated
2026-06-10T11:56:50,4.1,1.4519,0.6737,0.8,simulated
2026-06-10T11:57:00,4.1788,1.5011,0.6794,0.8,simulated
2026-06-10T11:57:10,4.1644,1.4749,0.6834,0.8,simulated
2026-06-10T11:57:20,4.2128,1.4962,0.6883,0.8,simulated
2026-06-10T11:57:30,4.3497,1.5012,0.6968,0.8,simulated
2026-06-10T11:57:40,4.497,1.5129,0.7085,0.8,simulated
2026-06-10T11:57:50,4.2554,1.5131,0.7098,0.8,simulated
2026-06-10T11:58:00,4.0542,1.5178,0.7041,0.8,simulated
2026-06-10T11:58:10,4.1147,1.4884,0.7015,0.8,simulated
2026-06-10T11:58:20,3.8563,1.5057,0.6908,0.8,simulated
2026-06-10T11:58:30,4.0045,1.4897,0.6872,0.8,simulated
2026-06-10T11:58:40,3.8474,1.4796,0.679,0.8,simulated
2026-06-10T11:58:50,3.7424,1.4627,0.669,0.8,simulated
2026-06-10T11:59:00,3.5519,1.4538,0.6545,0.8,simulated
2026-06-10T11:59:10,3.4845,1.4494,0.6407,0.8,simulated
2026-06-10T11:59:20,3.3584,1.4078,0.6254,0.8,simulated
2026-06-10T11:59:30,3.5045,1.3923,0.6181,0.8,simulated
2026-06-10T11:59:40,3.6348,1.4125,0.6166,0.8,simulated
2026-06-10T11:59:50,3.8327,1.4326,0.622,0.8,simulated
2026-06-10T12:00:00,3.7603,1.4195,0.624,0.8,simulated
2026-06-10T12:00:10,3.8303,1.4485,0.6279,0.8,simulated
2026-06-10T12:00:20,3.8776,1.452,0.6326,0.8,simulated
2026-06-10T12:00:30,4.0729,1.464,0.6429,0.8,simulated
2026-06-10T12:00:40,3.8808,1.4665,0.6447,0.8,simulated
2026-06-10T12:00:50,3.9409,1.4522,0.6482,0.8,simulated
2026-06-10T12:01:00,3.9802,1.4608,0.6523,0.8,simulated
2026-06-10T12:01:10,4.174,1.4519,0.6621,0.8,simulated
2026-06-10T12:01:20,4.2538,1.4323,0.6726,0.8,simulated
2026-06-10T12:01:30,4.2672,1.4875,0.6815,0.8,simulated
2026-06-10T12:01:40,4.4668,1.4837,0.6952,0.8,simulated
2026-06-10T12:01:50,4.2523,1.4961,0.6991,0.8,simulated
2026-06-10T12:02:00,4.1805,1.4624,0.6997,0.8,simulated
2026-06-10T12:02:10,4.0977,1.5109,0.6975,0.8,simulated
2026-06-10T12:02:20,4.2083,1.4963,0.6994,0.8,simulated
2026-06-10T12:02:30,4.1989,1.4917,0.7006,0.8,simulated
2026-06-10T12:02:40,4.3583,1.4896,0.7069,0.8,simulated
2026-06-10T12:02:50,4.438,1.5024,0.7146,0.8,simulated
2026-06-10T12:03:00,4.2719,1.5025,0.7152,0.8,simulated
2026-06-10T12:03:10,4.3519,1.5039,0.7184,0.8,simulated
2026-06-10T12:03:20,4.4281,1.5023,0.7235,0.8,simulated
2026-06-10T12:03:30,4.1934,1.5166,0.7197,0.8,simulated
2026-06-10T12:03:40,4.332,1.5163,0.7213,0.8,simulated
2026-06-10T12:03:50,4.6143,1.545,0.7321,0.8,simulated
2026-06-10T12:04:00,4.6219,1.5147,0.741,0.8,simulated
2026-06-10T12:04:10,4.3765,1.5331,0.7398,0.8,simulated
2026-06-10T12:04:20,4.2234,1.5204,0.7338,0.8,simulated
2026-06-10T12:04:30,4.3352,1.5378,0.7327,0.8,simulated
2026-06-10T12:04:40,4.0998,1.5231,0.7239,0.8,simulated
2026-06-10T12:04:50,4.0224,1.527,0.7143,0.8,simulated
2026-06-10T12:05:00,3.8236,1.5275,0.6999,0.8,simulated
2026-06-10T12:05:10,3.721,1.485,0.6849,0.8,simulated
2026-06-10T12:05:20,3.758,1.4822,0.6742,0.8,simulated
2026-06-10T12:05:30,3.97,1.4615,0.6728,0.8,simulated
2026-06-10T12:05:40,4.0373,1.472,0.6739,0.8,simulated
2026-06-10T12:05:50,4.0793,1.4765,0.6762,0.8,simulated
2026-06-10T12:06:00,4.1298,1.5118,0.6797,0.8,simulated
2026-06-10T12:06:10,4.2579,1.4697,0.6868,0.8,simulated
2026-06-10T12:06:20,4.3189,1.4926,0.6946,0.8,simulated
2026-06-10T12:06:30,4.3128,1.5009,0.7006,0.8,simulated
2026-06-10T12:06:40,4.2602,1.4923,0.7036,0.8,simulated
2026-06-10T12:06:50,4.2174,1.5099,0.7046,0.8,simulated
2026-06-10T12:07:00,4.4856,1.5146,0.7144,0.8,simulated
2026-06-10T12:07:10,4.2821,1.5172,0.7154,0.8,simulated
2026-06-10T12:07:20,4.2349,1.5038,0.7146,0.8,simulated
2026-06-10T12:07:30,3.9985,1.517,0.706,0.8,simulated
2026-06-10T12:07:40,4.2306,1.493,0.707,0.8,simulated
2026-06-10T12:07:50,4.2494,1.5028,0.7084,0.8,simulated
2026-06-10T12:08:00,4.3279,1.5248,0.7121,0.8,simulated
2026-06-10T12:08:10,4.3371,1.5364,0.7154,0.8,simulated
2026-06-10T12:08:20,4.3059,1.5058,0.717,0.8,simulated
2026-06-10T12:08:30,4.2758,1.5266,0.7173,0.8,simulated
2026-06-10T12:08:40,4.4222,1.5211,0.7224,0.8,simulated
2026-06-10T12:08:50,4.5275,1.5457,0.73,0.8,simulated
2026-06-10T12:09:00,4.5433,1.5384,0.7367,0.8,simulated
2026-06-10T12:09:10,4.6528,1.5711,0.7457,0.8,simulated
2026-06-10T12:09:20,4.6785,1.5767,0.7537,0.8,simulated
2026-06-10T12:09:30,4.7405,1.5477,0.7623,0.8,simulated
2026-06-10T12:09:40,4.6409,1.5609,0.7658,0.8,simulated
2026-06-10T12:09:50,4.4447,1.5507,0.7619,0.8,simulated
2026-06-10T12:10:00,4.5062,1.5598,0.761,0.8,simulated
2026-06-10T12:10:10,4.544,1.5342,0.7615,0.8,simulated
2026-06-10T12:10:20,4.6901,1.5416,0.7667,0.8,simulated
2026-06-10T12:10:30,4.87,1.5923,0.777,0.8,simulated
2026-06-10T12:10:40,4.9362,1.5926,0.7875,0.8,simulated
2026-06-10T12:10:50,5.0352,1.6105,0.7992,0.8,simulated
2026-06-10T12:11:00,4.789,1.5867,0.8002,0.8,simulated
2026-06-10T12:11:10,4.9215,1.5898,0.8056,0.8,simulated
2026-06-10T12:11:20,4.9047,1.6063,0.8092,0.8,simulated
2026-06-10T12:11:30,4.9123,1.6332,0.8125,0.8,simulated
2026-06-10T12:11:40,4.7588,1.611,0.8099,0.8,simulated
2026-06-10T12:11:50,4.8559,1.6138,0.811,0.8,simulated
2026-06-10T12:12:00,5.0458,1.636,0.8184,0.8,simulated
2026-06-10T12:12:10,4.8653,1.6239,0.8182,0.8,simulated
2026-06-10T12:12:20,4.656,1.6137,0.811,0.8,simulated
2026-06-10T12:12:30,4.591,1.6095,0.803,0.8,simulated
2026-06-10T12:12:40,4.5089,1.5911,0.7939,0.8,simulated
2026-06-10T12:12:50,4.3915,1.6063,0.7827,0.8,simulated
2026-06-10T12:13:00,4.5931,1.5789,0.7805,0.8,simulated
2026-06-10T12:13:10,4.7325,1.5726,0.7834,0.8,simulated
2026-06-10T12:13:20,4.7693,1.5972,0.787,0.8,simulated
2026-06-10T12:13:30,4.5479,1.5966,0.7824,0.8,simulated
2026-06-10T12:13:40,4.7847,1.5796,0.7867,0.8,simulated
2026-06-10T12:13:50,4.8922,1.6046,0.7937,0.8,simulated
2026-06-10T12:14:00,4.8084,1.6127,0.7965,0.8,simulated
2026-06-10T12:14:10,4.5521,1.5399,0.7902,0.8,simulated
2026-06-10T12:14:20,4.245,1.5489,0.7748,0.8,simulated
2026-06-10T12:14:30,4.084,1.5631,0.757,0.8,simulated
2026-06-10T12:14:40,4.1589,1.5314,0.7454,0.8,simulated
2026-06-10T12:14:50,4.1484,1.561,0.7357,0.8,simulated
2026-06-10T12:15:00,3.9704,1.5268,0.722,0.8,simulated
2026-06-10T12:15:10,4.0604,1.5125,0.714,0.8,simulated
2026-06-10T12:15:20,3.9447,1.5047,0.7037,0.8,simulated
2026-06-10T12:15:30,4.1422,1.4965,0.7022,0.8,simulated
2026-06-10T12:15:40,4.0073,1.4867,0.6964,0.8,simulated
2026-06-10T12:15:50,4.0786,1.496,0.6941,0.8,simulated
2026-06-10T12:16:00,4.1281,1.5091,0.694,0.8,simulated
2026-06-10T12:16:10,4.0107,1.4668,0.69,0.8,simulated
2026-06-10T12:16:20,3.8405,1.4846,0.681,0.8,simulated
2026-06-10T12:16:30,3.7581,1.4643,0.6711,0.8,simulated
2026-06-10T12:16:40,3.7711,1.4649,0.6636,0.8,simulated
2026-06-10T12:16:50,3.792,1.447,0.6583,0.8,simulated
2026-06-10T12:17:00,3.509,1.4467,0.6445,0.8,simulated
2026-06-10T12:17:10,3.4208,1.4145,0.6306,0.8,simulated
2026-06-10T12:17:20,3.3078,1.4153,0.6156,0.8,simulated
2026-06-10T12:17:30,3.5395,1.4075,0.6114,0.8,simulated
2026-06-10T12:17:40,3.5432,1.3832,0.6082,0.8,simulated
2026-06-10T12:17:50,3.6331,1.4149,0.6086,0.8,simulated
2026-06-10T12:18:00,3.731,1.3701,0.6122,0.8,simulated
2026-06-10T12:18:10,3.696,1.4083,0.614,0.8,simulated
2026-06-10T12:18:20,3.9184,1.4005,0.6228,0.8,simulated
2026-06-10T12:18:30,4.166,1.4421,0.6383,0.8,simulated
2026-06-10T12:18:40,4.4768,1.456,0.661,0.8,simulated
2026-06-10T12:18:50,4.5063,1.4925,0.6802,0.8,simulated
2026-06-10T12:19:00,4.4555,1.4909,0.6939,0.8,simulated
2026-06-10T12:19:10,4.3909,1.4995,0.7026,0.8,simulated
2026-06-10T12:19:20,4.4884,1.5297,0.7129,0.8,simulated
2026-06-10T12:19:30,4.4865,1.5141,0.7211,0.8,simulated
2026-06-10T12:19:40,4.2543,1.5194,0.7198,0.8,simulated
2026-06-10T12:19:50,4.1451,1.5365,0.7151,0.8,simulated
2026-06-10T12:20:00,4.1294,1.5208,0.7109,0.8,simulated
2026-06-10T12:20:10,3.9156,1.53,0.7002,0.8,simulated
2026-06-10T12:20:20,3.8235,1.4955,0.6887,0.8,simulated
2026-06-10T12:20:30,3.8921,1.4738,0.6817,0.8,simulated
2026-06-10T12:20:40,3.8809,1.4919,0.6758,0.8,simulated
2026-06-10T12:20:50,3.9577,1.4874,0.6736,0.8,simulated
2026-06-10T12:21:00,3.9608,1.4679,0.672,0.8,simulated
2026-06-10T12:21:10,3.8149,1.4738,0.6657,0.8,simulated
2026-06-10T12:21:20,3.7153,1.4562,0.6574,0.8,simulated
2026-06-10T12:21:30,3.4985,1.451,0.6435,0.8,simulated
2026-06-10T12:21:40,3.6525,1.438,0.6375,0.8,simulated
2026-06-10T12:21:50,3.5981,1.429,0.6309,0.8,simulated
2026-06-10T12:22:00,3.804,1.4579,0.6325,0.8,simulated
2026-06-10T12:22:10,4.094,1.4504,0.6436,0.8,simulated
2026-06-10T12:22:20,4.1502,1.4344,0.6543,0.8,simulated
2026-06-10T12:22:30,4.2037,1.4678,0.6647,0.8,simulated
2026-06-10T12:22:40,4.2773,1.471,0.6755,0.8,simulated
2026-06-10T12:22:50,4.4527,1.4947,0.69,0.8,simulated
2026-06-10T12:23:00,4.4871,1.5064,0.7028,0.8,simulated
2026-06-10T12:23:10,4.3343,1.5133,0.7078,0.8,simulated
2026-06-10T12:23:20,4.3526,1.487,0.7125,0.8,simulated
2026-06-10T12:23:30,4.2686,1.4899,0.7134,0.8,simulated
2026-06-10T12:23:40,4.2756,1.5354,0.7144,0.8,simulated
2026-06-10T12:23:50,4.3181,1.5162,0.7166,0.8,simulated
2026-06-10T12:24:00,4.3192,1.5385,0.7184,0.8,simulated
2026-06-10T12:24:10,4.2788,1.5264,0.7185,0.8,simulated
2026-06-10T12:24:20,4.4194,1.5153,0.7233,0.8,simulated
2026-06-10T12:24:30,4.4657,1.5034,0.7287,0.8,simulated
2026-06-10T12:24:40,4.2734,1.5342,0.7265,0.8,simulated
2026-06-10T12:24:50,4.2028,1.5302,0.7224,0.8,simulated
2026-06-10T12:25:00,4.3522,1.5505,0.7242,0.8,simulated
2026-06-10T12:25:10,4.311,1.5212,0.7242,0.8,simulated
2026-06-10T12:25:20,4.3997,1.5283,0.7272,0.8,simulated
2026-06-10T12:25:30,4.4105,1.5028,0.7299,0.8,simulated
2026-06-10T12:25:40,4.3267,1.5202,0.7293,0.8,simulated
2026-06-10T12:25:50,4.3902,1.5347,0.731,0.8,simulated
2026-06-10T12:26:00,4.373,1.5265,0.7317,0.8,simulated
2026-06-10T12:26:10,4.1533,1.5118,0.7249,0.8,simulated
2026-06-10T12:26:20,4.2503,1.544,0.7227,0.8,simulated
2026-06-10T12:26:30,4.3112,1.5471,0.7231,0.8,simulated
2026-06-10T12:26:40,4.3209,1.5076,0.7236,0.8,simulated
2026-06-10T12:26:50,4.2381,1.5228,0.7213,0.8,simulated
2026-06-10T12:27:00,4.0169,1.5056,0.712,0.8,simulated
2026-06-10T12:27:10,3.8899,1.5226,0.7003,0.8,simulated
2026-06-10T12:27:20,3.6423,1.4862,0.6826,0.8,simulated
2026-06-10T12:27:30,3.7199,1.4801,0.6711,0.8,simulated
2026-06-10T12:27:40,3.9036,1.454,0.668,0.8,simulated
2026-06-10T12:27:50,3.7577,1.4806,0.6607,0.8,simulated
2026-06-10T12:28:00,3.9405,1.4565,0.6609,0.8,simulated
2026-06-10T12:28:10,4.2163,1.4984,0.6704,0.8,simulated
2026-06-10T12:28:20,4.038,1.4884,0.672,0.8,simulated
2026-06-10T12:28:30,3.8013,1.4556,0.6653,0.8,simulated
2026-06-10T12:28:40,3.7485,1.4661,0.6582,0.8,simulated
2026-06-10T12:28:50,3.8613,1.46,0.6563,0.8,simulated
2026-06-10T12:29:00,4.0349,1.4573,0.6606,0.8,simulated
2026-06-10T12:29:10,3.8964,1.4707,0.6594,0.8,simulated
2026-06-10T12:29:20,3.8637,1.457,0.6574,0.8,simulated
2026-06-10T12:29:30,3.8389,1.4553,0.6549,0.8,simulated
2026-06-10T12:29:40,3.6211,1.4361,0.6456,0.8,simulated
2026-06-10T12:29:50,3.6435,1.4277,0.6389,0.8,simulated
2026-06-10T12:30:00,3.3463,1.4247,0.6235,0.8,simulated
2026-06-10T12:30:10,3.2829,1.4118,0.6091,0.8,simulated
2026-06-10T12:30:20,3.4088,1.418,0.6018,0.8,simulated
2026-06-10T12:30:30,3.4988,1.3787,0.599,0.8,simulated
2026-06-10T12:30:40,3.5015,1.3986,0.5969,0.8,simulated
2026-06-10T12:30:50,3.6431,1.4238,0.5999,0.8,simulated
2026-06-10T12:31:00,3.6742,1.3932,0.6034,0.8,simulated
2026-06-10T12:31:10,3.5949,1.3878,0.6035,0.8,simulated
2026-06-10T12:31:20,3.7446,1.3947,0.6086,0.8,simulated
2026-06-10T12:31:30,3.6306,1.4207,0.6089,0.8,simulated
2026-06-10T12:31:40,3.6168,1.3896,0.6086,0.8,simulated
2026-06-10T12:31:50,3.6211,1.4089,0.6086,0.8,simulated
2026-06-10T12:32:00,3.8137,1.405,0.615,0.8,simulated
2026-06-10T12:32:10,3.6048,1.4045,0.6131,0.8,simulated
2026-06-10T12:32:20,3.7975,1.4135,0.6181,0.8,simulated
2026-06-10T12:32:30,3.5526,1.4082,0.6138,0.8,simulated
2026-06-10T12:32:40,3.4774,1.4024,0.6079,0.8,simulated
2026-06-10T12:32:50,3.4999,1.4031,0.6039,0.8,simulated
2026-06-10T12:33:00,3.3944,1.4012,0.5972,0.8,simulated
2026-06-10T12:33:10,3.3013,1.3819,0.5887,0.8,simulated
2026-06-10T12:33:20,3.343,1.3903,0.5833,0.8,simulated
2026-06-10T12:33:30,3.3616,1.3724,0.5796,0.8,simulated
2026-06-10T12:33:40,3.4624,1.3732,0.58,0.8,simulated
2026-06-10T12:33:50,3.595,1.3854,0.5848,0.8,simulated
2026-06-10T12:34:00,3.5614,1.3617,0.5875,0.8,simulated
2026-06-10T12:34:10,3.5964,1.3785,0.5908,0.8,simulated
2026-06-10T12:34:20,3.7297,1.388,0.598,0.8,simulated
2026-06-10T12:34:30,3.6612,1.3861,0.6014,0.8,simulated
2026-06-10T12:34:40,3.9236,1.4095,0.613,0.8,simulated
2026-06-10T12:34:50,3.7873,1.4066,0.6176,0.8,simulated
2026-06-10T12:35:00,3.7461,1.4063,0.62,0.8,simulated
2026-06-10T12:35:10,3.8549,1.4407,0.6255,0.8,simulated
2026-06-10T12:35:20,3.8202,1.46,0.6288,0.8,simulated
2026-06-10T12:35:30,3.6934,1.442,0.6271,0.8,simulated
2026-06-10T12:35:40,3.7873,1.4334,0.6289,0.8,simulated
2026-06-10T12:35:50,3.9148,1.4515,0.6347,0.8,simulated
2026-06-10T12:36:00,4.0853,1.4497,0.645,0.8,simulated
2026-06-10T12:36:10,4.1141,1.4503,0.6542,0.8,simulated
2026-06-10T12:36:20,4.023,1.4602,0.6586,0.8,simulated
2026-06-10T12:36:30,4.1232,1.4604,0.6654,0.8,simulated
2026-06-10T12:36:40,4.3255,1.4446,0.6777,0.8,simulated
2026-06-10T12:36:50,4.0816,1.4666,0.6793,0.8,simulated
2026-06-10T12:37:00,4.0432,1.4668,0.6793,0.8,simulated
2026-06-10T12:37:10,4.0017,1.4851,0.6779,0.8,simulated
2026-06-10T12:37:20,3.9426,1.4675,0.6748,0.8,simulated
2026-06-10T12:37:30,4.1337,1.4517,0.6787,0.8,simulated
2026-06-10T12:37:40,4.0802,1.4796,0.6801,0.8,simulated
2026-06-10T12:37:50,3.9914,1.4825,0.6782,0.8,simulated
2026-06-10T12:38:00,4.085,1.4913,0.6798,0.8,simulated
2026-06-10T12:38:10,4.0145,1.4842,0.6787,0.8,simulated
2026-06-10T12:38:20,3.9377,1.5111,0.6753,0.8,simulated
2026-06-10T12:38:30,4.0465,1.4632,0.6762,0.8,simulated
2026-06-10T12:38:40,4.147,1.5,0.6803,0.8,simulated
2026-06-10T12:38:50,4.3031,1.5026,0.6888,0.8,simulated
2026-06-10T12:39:00,4.2744,1.4851,0.6947,0.8,simulated
2026-06-10T12:39:10,4.272,1.4974,0.6993,0.8,simulated
2026-06-10T12:39:20,4.4223,1.4968,0.708,0.8,simulated
2026-06-10T12:39:30,4.4883,1.5154,0.7172,0.8,simulated
2026-06-10T12:39:40,4.7584,1.527,0.7337,0.8,simulated
2026-06-10T12:39:50,4.6952,1.538,0.7447,0.8,simulated
2026-06-10T12:40:00,4.6315,1.5513,0.7514,0.8,simulated
2026-06-10T12:40:10,4.6652,1.5423,0.7578,0.8,simulated
2026-06-10T12:40:20,4.6723,1.5801,0.7633,0.8,simulated
2026-06-10T12:40:30,4.5925,1.5781,0.7649,0.8,simulated
2026-06-10T12:40:40,4.5522,1.5545,0.7649,0.8,simulated
2026-06-10T12:40:50,4.5232,1.5768,0.7639,0.8,simulated
2026-06-10T12:41:00,4.5932,1.5497,0.7654,0.8,simulated
2026-06-10T12:41:10,4.6605,1.5422,0.7689,0.8,simulated
2026-06-10T12:41:20,4.6955,1.5776,0.7729,0.8,simulated
2026-06-10T12:41:30,5.0015,1.5946,0.7864,0.8,simulated
2026-06-10T12:41:40,5.0127,1.5865,0.7975,0.8,simulated
2026-06-10T12:41:50,5.0673,1.6162,0.8083,0.8,simulated
2026-06-10T12:42:00,5.1753,1.6499,0.8205,0.8,simulated
2026-06-10T12:42:10,5.0875,1.6725,0.8274,0.8,simulated
2026-06-10T12:42:20,5.2981,1.6268,0.8399,0.8,simulated
2026-06-10T12:42:30,5.2603,1.6536,0.8487,0.8,simulated
2026-06-10T12:42:40,5.1406,1.6332,0.8517,0.8,simulated
2026-06-10T12:42:50,4.9118,1.6888,0.8464,0.8,simulated
2026-06-10T12:43:00,4.7726,1.6309,0.8375,0.8,simulated
2026-06-10T12:43:10,4.8591,1.6461,0.8332,0.8,simulated
2026-06-10T12:43:20,4.875,1.6318,0.8304,0.8,simulated
2026-06-10T12:43:30,4.8821,1.6125,0.8283,0.8,simulated
2026-06-10T12:43:40,4.7086,1.6178,0.8209,0.8,simulated
2026-06-10T12:43:50,4.5853,1.5905,0.8108,0.8,simulated
2026-06-10T12:44:00,4.5056,1.5904,0.8,0.8,simulated
2026-06-10T12:44:10,4.3561,1.5823,0.7864,0.8,simulated
2026-06-10T12:44:20,4.558,1.5856,0.7822,0.8,simulated
2026-06-10T12:44:30,4.4184,1.5402,0.7743,0.8,simulated
2026-06-10T12:44:40,4.5413,1.571,0.772,0.8,simulated
2026-06-10T12:44:50,4.6242,1.6113,0.773,0.8,simulated
2026-06-10T12:45:00,4.3843,1.5514,0.7657,0.8,simulated
2026-06-10T12:45:10,4.3698,1.5643,0.7594,0.8,simulated
2026-06-10T12:45:20,4.1965,1.5422,0.7485,0.8,simulated
2026-06-10T12:45:30,4.2434,1.499,0.7414,0.8,simulated
2026-06-10T12:45:40,4.1533,1.5177,0.7327,0.8,simulated
2026-06-10T12:45:50,4.1881,1.5166,0.7268,0.8,simulated
2026-06-10T12:46:00,4.2259,1.5362,0.7235,0.8,simulated
2026-06-10T12:46:10,4.3472,1.5243,0.7248,0.8,simulated
2026-06-10T12:46:20,4.4405,1.5258,0.7291,0.8,simulated
2026-06-10T12:46:30,4.3521,1.5396,0.7295,0.8,simulated
2026-06-10T12:46:40,4.3336,1.5311,0.7292,0.8,simulated
2026-06-10T12:46:50,4.3015,1.5254,0.7279,0.8,simulated
2026-06-10T12:47:00,4.2326,1.5345,0.7245,0.8,simulated
2026-06-10T12:47:10,4.4724,1.5093,0.7299,0.8,simulated
2026-06-10T12:47:20,4.485,1.5315,0.7346,0.8,simulated
2026-06-10T12:47:30,4.3365,1.5522,0.7334,0.8,simulated
2026-06-10T12:47:40,4.3007,1.4991,0.7312,0.8,simulated
2026-06-10T12:47:50,4.297,1.5175,0.7294,0.8,simulated
2026-06-10T12:48:00,4.3764,1.5329,0.7305,0.8,simulated
2026-06-10T12:48:10,4.1461,1.5272,0.7237,0.8,simulated
2026-06-10T12:48:20,4.5187,1.5258,0.7308,0.8,simulated
2026-06-10T12:48:30,4.3931,1.5387,0.7323,0.8,simulated
2026-06-10T12:48:40,4.4368,1.5216,0.7349,0.8,simulated
2026-06-10T12:48:50,4.5832,1.5566,0.7419,0.8,simulated
2026-06-10T12:49:00,4.4961,1.5475,0.7446,0.8,simulated
2026-06-10T12:49:10,4.4404,1.5721,0.7449,0.8,simulated
2026-06-10T12:49:20,4.5432,1.5612,0.7485,0.8,simulated
2026-06-10T12:49:30,4.7563,1.5669,0.7586,0.8,simulated
2026-06-10T12:49:40,4.9006,1.5928,0.7716,0.8,simulated
2026-06-10T12:49:50,4.9871,1.5728,0.7848,0.8,simulated
2026-06-10T12:50:00,4.9892,1.5911,0.7955,0.8,simulated
2026-06-10T12:50:10,4.7047,1.5682,0.7945,0.8,simulated
2026-06-10T12:50:20,4.3815,1.5959,0.7828,0.8,simulated
2026-06-10T12:50:30,4.263,1.5943,0.7695,0.8,simulated
2026-06-10T12:50:40,4.0873,1.5456,0.7529,0.8,simulated
2026-06-10T12:50:50,4.1504,1.5235,0.7418,0.8,simulated
2026-06-10T12:51:00,4.0687,1.547,0.7301,0.8,simulated
2026-06-10T12:51:10,3.7939,1.5005,0.7116,0.8,simulated
2026-06-10T12:51:20,3.801,1.4894,0.697,0.8,simulated
2026-06-10T12:51:30,3.7449,1.5065,0.6834,0.8,simulated
2026-06-10T12:51:40,3.6995,1.4657,0.671,0.8,simulated
2026-06-10T12:51:50,3.7865,1.4613,0.6641,0.8,simulated
2026-06-10T12:52:00,3.7058,1.4799,0.6558,0.8,simulated
2026-06-10T12:52:10,3.6998,1.4578,0.6489,0.8,simulated
2026-06-10T12:52:20,3.7382,1.4288,0.6447,0.8,simulated
2026-06-10T12:52:30,3.5694,1.4583,0.6357,0.8,simulated
2026-06-10T12:52:40,3.4668,1.3989,0.6251,0.8,simulated
2026-06-10T12:52:50,3.3655,1.4282,0.6131,0.8,simulated
2026-06-10T12:53:00,3.2344,1.4065,0.5992,0.8,simulated
2026-06-10T12:53:10,3.3155,1.3829,0.5907,0.8,simulated
2026-06-10T12:53:20,3.3932,1.3749,0.5866,0.8,simulated
2026-06-10T12:53:30,3.3896,1.3665,0.5832,0.8,simulated
2026-06-10T12:53:40,3.4857,1.4096,0.5837,0.8,simulated
2026-06-10T12:53:50,3.4056,1.3832,0.5814,0.8,simulated
2026-06-10T12:54:00,3.7184,1.3806,0.59,0.8,simulated
2026-06-10T12:54:10,3.8735,1.4108,0.6022,0.8,simulated
2026-06-10T12:54:20,3.803,1.4276,0.6095,0.8,simulated
2026-06-10T12:54:30,3.8894,1.4231,0.6183,0.8,simulated
2026-06-10T12:54:40,3.9026,1.4362,0.6258,0.8,simulated
2026-06-10T12:54:50,3.9236,1.4468,0.6324,0.8,simulated
2026-06-10T12:55:00,3.9026,1.438,0.6371,0.8,simulated
2026-06-10T12:55:10,3.8879,1.445,0.6403,0.8,simulated
2026-06-10T12:55:20,3.7219,1.4356,0.6373,0.8,simulated
2026-06-10T12:55:30,3.7532,1.4211,0.6359,0.8,simulated
2026-06-10T12:55:40,3.7506,1.4158,0.6348,0.8,simulated
2026-06-10T12:55:50,3.4778,1.4314,0.6247,0.8,simulated
2026-06-10T12:56:00,3.652,1.4118,0.6224,0.8,simulated
2026-06-10T12:56:10,3.691,1.4217,0.622,0.8,simulated
2026-06-10T12:56:20,3.7721,1.4206,0.6243,0.8,simulated
2026-06-10T12:56:30,3.8412,1.4431,0.6285,0.8,simulated
2026-06-10T12:56:40,3.8079,1.435,0.6308,0.8,simulated
2026-06-10T12:56:50,3.524,1.4276,0.623,0.8,simulated
2026-06-10T12:57:00,3.6586,1.417,0.6213,0.8,simulated
2026-06-10T12:57:10,3.6421,1.4174,0.6194,0.8,simulated
2026-06-10T12:57:20,3.6556,1.4133,0.6184,0.8,simulated
2026-06-10T12:57:30,3.5266,1.4169,0.6132,0.8,simulated
2026-06-10T12:57:40,3.5772,1.3849,0.6108,0.8,simulated
2026-06-10T12:57:50,3.6705,1.4116,0.6119,0.8,simulated
2026-06-10T12:58:00,3.6628,1.4181,0.6126,0.8,simulated
2026-06-10T12:58:10,3.8021,1.4237,0.6178,0.8,simulated
2026-06-10T12:58:20,3.7282,1.4034,0.6195,0.8,simulated
2026-06-10T12:58:30,3.9476,1.422,0.6283,0.8,simulated
2026-06-10T12:58:40,4.0474,1.4329,0.6386,0.8,simulated
2026-06-10T12:58:50,3.957,1.4357,0.6438,0.8,simulated
2026-06-10T12:59:00,3.8367,1.4257,0.644,0.8,simulated
2026-06-10T12:59:10,3.7256,1.4241,0.6404,0.8,simulated
2026-06-10T12:59:20,3.615,1.4339,0.6338,0.8,simulated
2026-06-10T12:59:30,3.7602,1.4391,0.6334,0.8,simulated
2026-06-10T12:59:40,3.9184,1.4406,0.6383,0.8,simulated
2026-06-10T12:59:50,3.954,1.4305,0.6435,0.8,simulated
2026-06-10T13:00:00,4.0397,1.4563,0.6506,0.8,simulated
2026-06-10T13:00:10,3.8783,1.4478,0.6508,0.8,simulated
2026-06-10T13:00:20,3.9617,1.4463,0.6537,0.8,simulated
2026-06-10T13:00:30,3.9783,1.4428,0.6566,0.8,simulated
2026-06-10T13:00:40,3.949,1.4504,0.658,0.8,simulated
2026-06-10T13:00:50,3.9894,1.4712,0.6604,0.8,simulated
2026-06-10T13:01:00,4.0017,1.4601,0.6628,0.8,simulated
2026-06-10T13:01:10,3.9389,1.4607,0.6626,0.8,simulated
2026-06-10T13:01:20,3.8754,1.4453,0.6603,0.8,simulated
2026-06-10T13:01:30,4.0047,1.5046,0.6628,0.8,simulated
2026-06-10T13:01:40,3.8902,1.427,0.6609,0.8,simulated
2026-06-10T13:01:50,3.8491,1.4277,0.6581,0.8,simulated
2026-06-10T13:02:00,3.9372,1.4509,0.6588,0.8,simulated
2026-06-10T13:02:10,4.0011,1.4644,0.6614,0.8,simulated
2026-06-10T13:02:20,4.0325,1.4912,0.6646,0.8,simulated
2026-06-10T13:02:30,3.9928,1.4736,0.6659,0.8,simulated
2026-06-10T13:02:40,3.9975,1.4715,0.667,0.8,simulated
2026-06-10T13:02:50,3.8883,1.4781,0.6643,0.8,simulated
2026-06-10T13:03:00,3.9417,1.4653,0.6638,0.8,simulated
2026-06-10T13:03:10,3.8057,1.4296,0.659,0.8,simulated
2026-06-10T13:03:20,3.8699,1.461,0.6572,0.8,simulated
2026-06-10T13:03:30,3.9302,1.4611,0.6578,0.8,simulated
2026-06-10T13:03:40,3.8429,1.4879,0.6554,0.8,simulated
2026-06-10T13:03:50,3.8035,1.4413,0.6521,0.8,simulated
2026-06-10T13:04:00,4.0879,1.4779,0.659,0.8,simulated
2026-06-10T13:04:10,4.0627,1.4433,0.6637,0.8,simulated
2026-06-10T13:04:20,3.8417,1.4831,0.6601,0.8,simulated
2026-06-10T13:04:30,4.0021,1.4645,0.6625,0.8,simulated
2026-06-10T13:04:40,3.9728,1.4761,0.6635,0.8,simulated
2026-06-10T13:04:50,3.9368,1.4736,0.6631,0.8,simulated
2026-06-10T13:05:00,3.9232,1.4724,0.6623,0.8,simulated
2026-06-10T13:05:10,3.8283,1.4599,0.6585,0.8,simulated
2026-06-10T13:05:20,3.7352,1.4424,0.6523,0.8,simulated
2026-06-10T13:05:30,3.7108,1.4441,0.6465,0.8,simulated
2026-06-10T13:05:40,3.6799,1.4294,0.6408,0.8,simulated
2026-06-10T13:05:50,3.566,1.4308,0.6325,0.8,simulated
2026-06-10T13:06:00,3.6751,1.4053,0.6295,0.8,simulated
2026-06-10T13:06:10,3.7749,1.433,0.6304,0.8,simulated
2026-06-10T13:06:20,3.8034,1.4468,0.6321,0.8,simulated
2026-06-10T13:06:30,3.8186,1.452,0.634,0.8,simulated
2026-06-10T13:06:40,3.7766,1.4538,0.6341,0.8,simulated
2026-06-10T13:06:50,3.6642,1.4327,0.6304,0.8,simulated
2026-06-10T13:07:00,3.779,1.429,0.6313,0.8,simulated
2026-06-10T13:07:10,3.721,1.4262,0.6301,0.8,simulated
2026-06-10T13:07:20,3.9652,1.4432,0.6373,0.8,simulated
2026-06-10T13:07:30,3.8658,1.4505,0.6397,0.8,simulated
2026-06-10T13:07:40,4.1051,1.4548,0.6497,0.8,simulated
2026-06-10T13:07:50,4.2942,1.4439,0.664,0.8,simulated
2026-06-10T13:08:00,4.1058,1.4899,0.6692,0.8,simulated
2026-06-10T13:08:10,3.9517,1.4753,0.6681,0.8,simulated
2026-06-10T13:08:20,4.0442,1.4852,0.6704,0.8,simulated
2026-06-10T13:08:30,4.1477,1.4765,0.6757,0.8,simulated
2026-06-10T13:08:40,4.1453,1.4759,0.6798,0.8,simulated
2026-06-10T13:08:50,3.8767,1.5032,0.6741,0.8,simulated
2026-06-10T13:09:00,3.8225,1.4517,0.6677,0.8,simulated
2026-06-10T13:09:10,3.8523,1.4383,0.6636,0.8,simulated
2026-06-10T13:09:20,3.6787,1.4844,0.6545,0.8,simulated
2026-06-10T13:09:30,3.4045,1.4416,0.638,0.8,simulated
2026-06-10T13:09:40,3.4491,1.4199,0.6263,0.8,simulated
2026-06-10T13:09:50,3.5733,1.4123,0.6211,0.8,simulated
2026-06-10T13:10:00,3.3578,1.3796,0.6097,0.8,simulated
2026-06-10T13:10:10,3.2986,1.4266,0.5986,0.8,simulated
2026-06-10T13:10:20,3.3475,1.4019,0.5913,0.8,simulated
2026-06-10T13:10:30,3.4286,1.3959,0.5883,0.8,simulated
2026-06-10T13:10:40,3.5441,1.4021,0.5897,0.8,simulated
2026-06-10T13:10:50,3.5741,1.3781,0.5919,0.8,simulated
2026-06-10T13:11:00,3.6631,1.4034,0.5966,0.8,simulated
2026-06-10T13:11:10,3.7321,1.4189,0.6026,0.8,simulated
2026-06-10T13:11:20,3.8787,1.3794,0.6124,0.8,simulated
2026-06-10T13:11:30,3.7206,1.4239,0.615,0.8,simulated
2026-06-10T13:11:40,3.8186,1.4315,0.6203,0.8,simulated
2026-06-10T13:11:50,3.9497,1.4305,0.6289,0.8,simulated
2026-06-10T13:12:00,3.7298,1.4152,0.6285,0.8,simulated
2026-06-10T13:12:10,3.9999,1.4347,0.6372,0.8,simulated
2026-06-10T13:12:20,4.0151,1.4378,0.6446,0.8,simulated
2026-06-10T13:12:30,3.9351,1.4534,0.6479,0.8,simulated
2026-06-10T13:12:40,3.8496,1.4397,0.6477,0.8,simulated
2026-06-10T13:12:50,4.0935,1.4672,0.6557,0.8,simulated
2026-06-10T13:13:00,4.236,1.4591,0.6669,0.8,simulated
2026-06-10T13:13:10,4.0792,1.4628,0.6706,0.8,simulated
2026-06-10T13:13:20,4.0868,1.4913,0.6738,0.8,simulated
2026-06-10T13:13:30,4.1103,1.4747,0.6771,0.8,simulated
2026-06-10T13:13:40,4.0768,1.4867,0.6787,0.8,simulated
2026-06-10T13:13:50,4.3575,1.4699,0.6894,0.8,simulated
2026-06-10T13:14:00,4.426,1.523,0.7002,0.8,simulated
2026-06-10T13:14:10,4.5245,1.4904,0.7122,0.8,simulated
2026-06-10T13:14:20,4.4902,1.5221,0.7206,0.8,simulated
2026-06-10T13:14:30,4.5219,1.5251,0.7284,0.8,simulated
2026-06-10T13:14:40,4.4036,1.5193,0.7307,0.8,simulated
2026-06-10T13:14:50,4.4321,1.5294,0.7335,0.8,simulated
2026-06-10T13:15:00,4.2672,1.5487,0.7302,0.8,simulated
2026-06-10T13:15:10,4.2269,1.5522,0.7262,0.8,simulated
2026-06-10T13:15:20,4.0241,1.5126,0.7161,0.8,simulated
2026-06-10T13:15:30,3.7716,1.4943,0.6996,0.8,simulated
2026-06-10T13:15:40,3.8789,1.4619,0.69,0.8,simulated
2026-06-10T13:15:50,3.9068,1.509,0.6833,0.8,simulated
2026-06-10T13:16:00,3.9371,1.4629,0.6789,0.8,simulated
2026-06-10T13:16:10,4.1123,1.4677,0.6813,0.8,simulated
2026-06-10T13:16:20,4.2703,1.4901,0.6885,0.8,simulated
2026-06-10T13:16:30,4.3777,1.5089,0.6979,0.8,simulated
2026-06-10T13:16:40,4.4191,1.5297,0.7068,0.8,simulated
2026-06-10T13:16:50,4.6091,1.5529,0.7203,0.8,simulated
2026-06-10T13:17:00,4.4113,1.5358,0.7245,0.8,simulated
2026-06-10T13:17:10,4.2751,1.516,0.7232,0.8,simulated
2026-06-10T13:17:20,4.2178,1.5104,0.7203,0.8,simulated
2026-06-10T13:17:30,4.0714,1.5104,0.713,0.8,simulated
2026-06-10T13:17:40,4.0756,1.5194,0.7074,0.8,simulated
2026-06-10T13:17:50,4.1803,1.5207,0.7064,0.8,simulated
2026-06-10T13:18:00,4.2272,1.5164,0.7071,0.8,simulated
2026-06-10T13:18:10,4.1752,1.4776,0.706,0.8,simulated
2026-06-10T13:18:20,4.127,1.495,0.7035,0.8,simulated
2026-06-10T13:18:30,4.1882,1.5253,0.7035,0.8,simulated
2026-06-10T13:18:40,4.0734,1.4917,0.6997,0.8,simulated
2026-06-10T13:18:50,3.8488,1.4878,0.689,0.8,simulated
2026-06-10T13:19:00,3.7309,1.5175,0.6766,0.8,simulated
2026-06-10T13:19:10,3.6722,1.4635,0.6647,0.8,simulated
2026-06-10T13:19:20,3.7565,1.4793,0.6579,0.8,simulated
2026-06-10T13:19:30,3.6218,1.4756,0.648,0.8,simulated
2026-06-10T13:19:40,3.566,1.4496,0.6383,0.8,simulated
2026-06-10T13:19:50,3.5757,1.4242,0.6307,0.8,simulated
2026-06-10T13:20:00,3.5283,1.3889,0.6232,0.8,simulated
2026-06-10T13:20:10,3.7441,1.4114,0.6243,0.8,simulated
2026-06-10T13:20:20,3.8531,1.4386,0.6289,0.8,simulated
2026-06-10T13:20:30,3.8543,1.4415,0.6326,0.8,simulated
2026-06-10T13:20:40,3.9777,1.4573,0.6398,0.8,simulated
2026-06-10T13:20:50,3.9887,1.4292,0.6458,0.8,simulated
2026-06-10T13:21:00,4.0271,1.455,0.652,0.8,simulated
2026-06-10T13:21:10,3.7822,1.4179,0.6487,0.8,simulated
2026-06-10T13:21:20,3.9375,1.438,0.6512,0.8,simulated
2026-06-10T13:21:30,4.0644,1.4655,0.6575,0.8,simulated
2026-06-10T13:21:40,4.3052,1.438,0.6707,0.8,simulated
2026-06-10T13:21:50,4.257,1.4918,0.6796,0.8,simulated
2026-06-10T13:22:00,4.1505,1.5106,0.6831,0.8,simulated
2026-06-10T13:22:10,4.1443,1.4642,0.6857,0.8,simulated
2026-06-10T13:22:20,4.0061,1.4793,0.6832,0.8,simulated
2026-06-10T13:22:30,4.1653,1.5123,0.6865,0.8,simulated
2026-06-10T13:22:40,3.9483,1.4894,0.6819,0.8,simulated
2026-06-10T13:22:50,3.7027,1.4759,0.6699,0.8,simulated
2026-06-10T13:23:00,3.8276,1.4662,0.6645,0.8,simulated
2026-06-10T13:23:10,3.7555,1.4372,0.6578,0.8,simulated
2026-06-10T13:23:20,3.7496,1.4502,0.6522,0.8,simulated
2026-06-10T13:23:30,3.9497,1.4738,0.6545,0.8,simulated
2026-06-10T13:23:40,3.6055,1.446,0.6447,0.8,simulated
2026-06-10T13:23:50,3.8236,1.4551,0.6443,0.8,simulated
2026-06-10T13:24:00,3.7187,1.4349,0.6404,0.8,simulated
2026-06-10T13:24:10,3.7183,1.4242,0.6372,0.8,simulated
2026-06-10T13:24:20,3.4172,1.4181,0.6246,0.8,simulated
2026-06-10T13:24:30,3.5379,1.4028,0.6185,0.8,simulated
2026-06-10T13:24:40,3.7052,1.3989,0.6193,0.8,simulated
2026-06-10T13:24:50,3.6919,1.4192,0.6195,0.8,simulated
2026-06-10T13:25:00,3.8986,1.4232,0.6266,0.8,simulated
2026-06-10T13:25:10,4.1677,1.4272,0.6413,0.8,simulated
2026-06-10T13:25:20,4.1252,1.4621,0.6517,0.8,simulated
2026-06-10T13:25:30,4.2163,1.449,0.663,0.8,simulated
2026-06-10T13:25:40,4.304,1.4814,0.675,0.8,simulated
2026-06-10T13:25:50,4.3148,1.4925,0.685,0.8,simulated
2026-06-10T13:26:00,4.2535,1.5159,0.6909,0.8,simulated
2026-06-10T13:26:10,4.3653,1.5045,0.6994,0.8,simulated
2026-06-10T13:26:20,4.2419,1.5139,0.702,0.8,simulated
2026-06-10T13:26:30,4.3122,1.5076,0.7065,0.8,simulated
2026-06-10T13:26:40,4.3052,1.4888,0.7099,0.8,simulated
2026-06-10T13:26:50,4.2179,1.5225,0.7096,0.8,simulated
2026-06-10T13:27:00,4.2897,1.537,0.7118,0.8,simulated
2026-06-10T13:27:10,4.2731,1.5112,0.713,0.8,simulated
2026-06-10T13:27:20,4.287,1.5459,0.7145,0.8,simulated
2026-06-10T13:27:30,4.4114,1.5337,0.7198,0.8,simulated
2026-06-10T13:27:40,4.3055,1.5505,0.7205,0.8,simulated
2026-06-10T13:27:50,4.1909,1.5145,0.7172,0.8,simulated
2026-06-10T13:28:00,4.1738,1.5007,0.714,0.8,simulated
2026-06-10T13:28:10,4.2709,1.5156,0.7147,0.8,simulated
2026-06-10T13:28:20,4.2097,1.5023,0.7132,0.8,simulated
2026-06-10T13:28:30,4.0997,1.5113,0.7083,0.8,simulated
2026-06-10T13:28:40,4.1158,1.5013,0.7049,0.8,simulated
2026-06-10T13:28:50,4.1741,1.5067,0.7042,0.8,simulated
2026-06-10T13:29:00,4.3043,1.5066,0.708,0.8,simulated
2026-06-10T13:29:10,4.3719,1.4987,0.7133,0.8,simulated
2026-06-10T13:29:20,4.1716,1.5029,0.7108,0.8,simulated
2026-06-10T13:29:30,4.3425,1.5336,0.7145,0.8,simulated
2026-06-10T13:29:40,4.2241,1.5126,0.7136,0.8,simulated
2026-06-10T13:29:50,4.2516,1.4936,0.7137,0.8,simulated
2026-06-10T13:30:00,4.1096,1.4788,0.709,0.8,simulated
2026-06-10T13:30:10,4.1302,1.5012,0.706,0.8,simulated
2026-06-10T13:30:20,4.2812,1.5128,0.7087,0.8,simulated
2026-06-10T13:30:30,4.2948,1.4935,0.7112,0.8,simulated
2026-06-10T13:30:40,4.2864,1.4862,0.713,0.8,simulated
2026-06-10T13:30:50,4.0994,1.5166,0.7081,0.8,simulated
2026-06-10T13:31:00,4.0294,1.5498,0.7019,0.8,simulated
2026-06-10T13:31:10,4.023,1.5098,0.6967,0.8,simulated
2026-06-10T13:31:20,3.9654,1.4756,0.6906,0.8,simulated
2026-06-10T13:31:30,4.1692,1.4908,0.6926,0.8,simulated
2026-06-10T13:31:40,4.3874,1.4997,0.7015,0.8,simulated
2026-06-10T13:31:50,4.3766,1.4891,0.7082,0.8,simulated
2026-06-10T13:32:00,4.3972,1.4933,0.7143,0.8,simulated
2026-06-10T13:32:10,4.3914,1.5169,0.719,0.8,simulated
2026-06-10T13:32:20,4.3435,1.533,0.7212,0.8,simulated
2026-06-10T13:32:30,4.3753,1.5277,0.7239,0.8,simulated
2026-06-10T13:32:40,4.3349,1.5145,0.7248,0.8,simulated
2026-06-10T13:32:50,4.3568,1.5339,0.7262,0.8,simulated
2026-06-10T13:33:00,4.3362,1.5345,0.7267,0.8,simulated
2026-06-10T13:33:10,4.2782,1.5103,0.7251,0.8,simulated
2026-06-10T13:33:20,4.2555,1.5048,0.7231,0.8,simulated
2026-06-10T13:33:30,4.0968,1.5258,0.7161,0.8,simulated
2026-06-10T13:33:40,4.1553,1.5295,0.7125,0.8,simulated
2026-06-10T13:33:50,4.0629,1.5126,0.7065,0.8,simulated
2026-06-10T13:34:00,4.2036,1.5241,0.7065,0.8,simulated
2026-06-10T13:34:10,4.1993,1.5283,0.7063,0.8,simulated
2026-06-10T13:34:20,4.3594,1.4886,0.7115,0.8,simulated
2026-06-10T13:34:30,4.3415,1.5222,0.7151,0.8,simulated
2026-06-10T13:34:40,4.3645,1.5384,0.7187,0.8,simulated
2026-06-10T13:34:50,4.4821,1.5426,0.7256,0.8,simulated
2026-06-10T13:35:00,4.5179,1.5537,0.7322,0.8,simulated
2026-06-10T13:35:10,4.5138,1.5286,0.7375,0.8,simulated
2026-06-10T13:35:20,4.5907,1.5544,0.7442,0.8,simulated
2026-06-10T13:35:30,4.3442,1.553,0.7413,0.8,simulated
2026-06-10T13:35:40,4.2234,1.526,0.735,0.8,simulated
2026-06-10T13:35:50,3.9874,1.5248,0.722,0.8,simulated
2026-06-10T13:36:00,3.9356,1.4898,0.7098,0.8,simulated
2026-06-10T13:36:10,3.8785,1.4854,0.6982,0.8,simulated
2026-06-10T13:36:20,3.9828,1.4973,0.6923,0.8,simulated
2026-06-10T13:36:30,4.1643,1.5096,0.6938,0.8,simulated
2026-06-10T13:36:40,4.1099,1.4931,0.6931,0.8,simulated
2026-06-10T13:36:50,4.2841,1.5215,0.6985,0.8,simulated
2026-06-10T13:37:00,4.2083,1.5225,0.7002,0.8,simulated
2026-06-10T13:37:10,4.0897,1.4828,0.6975,0.8,simulated
2026-06-10T13:37:20,3.9712,1.4899,0.6915,0.8,simulated
2026-06-10T13:37:30,4.0383,1.4813,0.6889,0.8,simulated
2026-06-10T13:37:40,4.0192,1.4985,0.6861,0.8,simulated
2026-06-10T13:37:50,4.011,1.4944,0.6837,0.8,simulated
2026-06-10T13:38:00,4.1466,1.4744,0.6863,0.8,simulated
2026-06-10T13:38:10,4.0312,1.4983,0.6845,0.8,simulated
2026-06-10T13:38:20,4.1662,1.4677,0.6876,0.8,simulated
2026-06-10T13:38:30,4.1254,1.5063,0.6887,0.8,simulated
2026-06-10T13:38:40,4.236,1.4567,0.6933,0.8,simulated
2026-06-10T13:38:50,4.2107,1.4934,0.6961,0.8,simulated
2026-06-10T13:39:00,4.0863,1.4835,0.6942,0.8,simulated
2026-06-10T13:39:10,4.2411,1.508,0.6978,0.8,simulated
2026-06-10T13:39:20,4.1642,1.502,0.6982,0.8,simulated
2026-06-10T13:39:30,4.0593,1.4621,0.6949,0.8,simulated
2026-06-10T13:39:40,4.0087,1.4705,0.6906,0.8,simulated
2026-06-10T13:39:50,3.7938,1.4712,0.68,0.8,simulated
2026-06-10T13:40:00,3.7632,1.4882,0.6704,0.8,simulated
2026-06-10T13:40:10,3.8933,1.4916,0.6672,0.8,simulated
2026-06-10T13:40:20,3.7978,1.4716,0.6613,0.8,simulated
2026-06-10T13:40:30,3.9068,1.4817,0.6603,0.8,simulated
2026-06-10T13:40:40,4.1054,1.4549,0.6662,0.8,simulated
2026-06-10T13:40:50,4.005,1.4738,0.6675,0.8,simulated
2026-06-10T13:41:00,3.865,1.4658,0.6639,0.8,simulated
2026-06-10T13:41:10,4.1501,1.4544,0.6706,0.8,simulated
2026-06-10T13:41:20,4.1114,1.4693,0.6746,0.8,simulated
2026-06-10T13:41:30,4.1274,1.473,0.6784,0.8,simulated
2026-06-10T13:41:40,4.1697,1.4896,0.6828,0.8,simulated
2026-06-10T13:41:50,4.195,1.4946,0.6872,0.8,simulated
2026-06-10T13:42:00,4.2072,1.4829,0.6911,0.8,simulated
2026-06-10T13:42:10,3.8448,1.4741,0.6821,0.8,simulated
2026-06-10T13:42:20,3.8751,1.4473,0.6759,0.8,simulated
2026-06-10T13:42:30,4.1485,1.4877,0.6801,0.8,simulated
2026-06-10T13:42:40,4.1458,1.4818,0.6834,0.8,simulated
2026-06-10T13:42:50,4.0081,1.4809,0.6814,0.8,simulated
2026-06-10T13:43:00,4.1899,1.4941,0.6859,0.8,simulated
2026-06-10T13:43:10,4.3399,1.4871,0.6945,0.8,simulated
2026-06-10T13:43:20,4.135,1.4801,0.6946,0.8,simulated
2026-06-10T13:43:30,3.9796,1.4803,0.6894,0.8,simulated
2026-06-10T13:43:40,3.9421,1.4788,0.6839,0.8,simulated
2026-06-10T13:43:50,3.8295,1.4791,0.6758,0.8,simulated
2026-06-10T13:44:00,3.8677,1.4615,0.6706,0.8,simulated
2026-06-10T13:44:10,3.9649,1.4631,0.6697,0.8,simulated
2026-06-10T13:44:20,3.9891,1.4499,0.6698,0.8,simulated
2026-06-10T13:44:30,4.0605,1.4662,0.6723,0.8,simulated
2026-06-10T13:44:40,4.1161,1.4499,0.6761,0.8,simulated
2026-06-10T13:44:50,4.2647,1.4743,0.6842,0.8,simulated
2026-06-10T13:45:00,4.317,1.5005,0.6924,0.8,simulated
2026-06-10T13:45:10,4.5193,1.5083,0.7058,0.8,simulated
2026-06-10T13:45:20,4.3617,1.5088,0.7112,0.8,simulated
2026-06-10T13:45:30,4.4295,1.5144,0.7178,0.8,simulated
2026-06-10T13:45:40,4.3735,1.5347,0.7212,0.8,simulated
2026-06-10T13:45:50,4.082,1.4964,0.7141,0.8,simulated
2026-06-10T13:46:00,4.1584,1.5176,0.711,0.8,simulated
2026-06-10T13:46:10,4.0093,1.4928,0.7035,0.8,simulated
2026-06-10T13:46:20,3.8912,1.4977,0.6935,0.8,simulated
2026-06-10T13:46:30,3.7883,1.4798,0.6821,0.8,simulated
2026-06-10T13:46:40,3.6899,1.4615,0.6697,0.8,simulated
2026-06-10T13:46:50,3.7588,1.4667,0.662,0.8,simulated
2026-06-10T13:47:00,3.7921,1.4474,0.657,0.8,simulated
2026-06-10T13:47:10,3.6995,1.4317,0.6499,0.8,simulated
2026-06-10T13:47:20,3.6244,1.4345,0.6417,0.8,simulated
2026-06-10T13:47:30,3.5765,1.4147,0.6336,0.8,simulated
2026-06-10T13:47:40,3.6817,1.4327,0.6305,0.8,simulated
2026-06-10T13:47:50,3.653,1.4181,0.6272,0.8,simulated
2026-06-10T13:48:00,3.8972,1.4137,0.6327,0.8,simulated
2026-06-10T13:48:10,3.6652,1.4348,0.6293,0.8,simulated
2026-06-10T13:48:20,3.8569,1.4391,0.633,0.8,simulated
2026-06-10T13:48:30,3.6331,1.4257,0.6285,0.8,simulated
2026-06-10T13:48:40,3.8327,1.4272,0.6316,0.8,simulated
2026-06-10T13:48:50,3.9084,1.4503,0.6366,0.8,simulated
2026-06-10T13:49:00,3.9978,1.4395,0.6436,0.8,simulated
2026-06-10T13:49:10,3.9494,1.4514,0.6476,0.8,simulated
2026-06-10T13:49:20,3.9443,1.4336,0.6506,0.8,simulated
2026-06-10T13:49:30,4.0596,1.4652,0.6569,0.8,simulated
2026-06-10T13:49:40,3.8621,1.4531,0.6553,0.8,simulated
2026-06-10T13:49:50,3.8097,1.46,0.6522,0.8,simulated
2026-06-10T13:50:00,3.8853,1.4482,0.6523,0.8,simulated
2026-06-10T13:50:10,3.8276,1.4392,0.6505,0.8,simulated
2026-06-10T13:50:20,3.9968,1.4366,0.6547,0.8,simulated
2026-06-10T13:50:30,3.8868,1.4512,0.6543,0.8,simulated
2026-06-10T13:50:40,4.1962,1.4576,0.6645,0.8,simulated
2026-06-10T13:50:50,4.1501,1.4515,0.671,0.8,simulated
2026-06-10T13:51:00,4.281,1.4994,0.6806,0.8,simulated
2026-06-10T13:51:10,4.3437,1.5058,0.6905,0.8,simulated
2026-06-10T13:51:20,4.359,1.4683,0.6988,0.8,simulated
2026-06-10T13:51:30,4.3498,1.4731,0.7052,0.8,simulated
2026-06-10T13:51:40,4.2357,1.4837,0.7065,0.8,simulated
2026-06-10T13:51:50,4.2683,1.511,0.7086,0.8,simulated
2026-06-10T13:52:00,4.2966,1.5515,0.7113,0.8,simulated
2026-06-10T13:52:10,4.2875,1.4953,0.7131,0.8,simulated
2026-06-10T13:52:20,4.0308,1.5011,0.7059,0.8,simulated
2026-06-10T13:52:30,3.9764,1.5183,0.6983,0.8,simulated
2026-06-10T13:52:40,3.9389,1.4836,0.691,0.8,simulated
2026-06-10T13:52:50,3.9287,1.5015,0.6848,0.8,simulated
2026-06-10T13:53:00,3.813,1.49,0.676,0.8,simulated
2026-06-10T13:53:10,3.8787,1.4707,0.6711,0.8,simulated
2026-06-10T13:53:20,4.1687,1.4902,0.6769,0.8,simulated
2026-06-10T13:53:30,3.9461,1.4882,0.6741,0.8,simulated
2026-06-10T13:53:40,3.909,1.4496,0.6707,0.8,simulated
2026-06-10T13:53:50,3.9303,1.466,0.6686,0.8,simulated
2026-06-10T13:54:00,3.9635,1.4586,0.668,0.8,simulated
2026-06-10T13:54:10,4.1706,1.475,0.6746,0.8,simulated
2026-06-10T13:54:20,3.8132,1.4496,0.6678,0.8,simulated
2026-06-10T13:54:30,3.6635,1.4424,0.6573,0.8,simulated
2026-06-10T13:54:40,3.6995,1.451,0.6502,0.8,simulated
2026-06-10T13:54:50,3.6684,1.4433,0.6434,0.8,simulated
2026-06-10T13:55:00,3.7966,1.4631,0.6423,0.8,simulated
2026-06-10T13:55:10,3.8382,1.4459,0.6428,0.8,simulated
2026-06-10T13:55:20,3.8014,1.4634,0.642,0.8,simulated
2026-06-10T13:55:30,3.9759,1.4668,0.6472,0.8,simulated
2026-06-10T13:55:40,4.0612,1.4712,0.6542,0.8,simulated
2026-06-10T13:55:50,4.1021,1.4082,0.6612,0.8,simulated
2026-06-10T13:56:00,4.0861,1.4546,0.6662,0.8,simulated
2026-06-10T13:56:10,3.9649,1.4732,0.6662,0.8,simulated
2026-06-10T13:56:20,3.8983,1.4441,0.6639,0.8,simulated
2026-06-10T13:56:30,3.6135,1.4447,0.6526,0.8,simulated
2026-06-10T13:56:40,3.5458,1.4512,0.6412,0.8,simulated
2026-06-10T13:56:50,3.4428,1.4293,0.6286,0.8,simulated
2026-06-10T13:57:00,3.429,1.4129,0.6181,0.8,simulated
2026-06-10T13:57:10,3.4567,1.4366,0.6106,0.8,simulated
2026-06-10T13:57:20,3.4108,1.3968,0.6031,0.8,simulated
2026-06-10T13:57:30,3.3701,1.4124,0.5957,0.8,simulated
2026-06-10T13:57:40,3.491,1.3931,0.5939,0.8,simulated
2026-06-10T13:57:50,3.5029,1.3943,0.5928,0.8,simulated
2026-06-10T13:58:00,3.3677,1.382,0.5874,0.8,simulated
2026-06-10T13:58:10,3.5647,1.3771,0.5897,0.8,simulated
2026-06-10T13:58:20,3.5287,1.387,0.5903,0.8,simulated
2026-06-10T13:58:30,3.3806,1.3654,0.5858,0.8,simulated
2026-06-10T13:58:40,3.3788,1.3914,0.5822,0.8,simulated
2026-06-10T13:58:50,3.4101,1.382,0.5803,0.8,simulated
2026-06-10T13:59:00,3.4641,1.3741,0.5807,0.8,simulated
2026-06-10T13:59:10,3.4444,1.3922,0.5803,0.8,simulated
2026-06-10T13:59:20,3.2232,1.3569,0.5725,0.8,simulated
2026-06-10T13:59:30,3.2693,1.3383,0.5679,0.8,simulated
2026-06-10T13:59:40,3.3277,1.3724,0.5661,0.8,simulated
2026-06-10T13:59:50,3.4381,1.3477,0.5684,0.8,simulated
2026-06-10T14:00:00,3.4132,1.3485,0.5694,0.8,simulated
2026-06-10T14:00:10,3.5893,1.3786,0.5761,0.8,simulated
2026-06-10T14:00:20,3.4048,1.3898,0.5753,0.8,simulated
2026-06-10T14:00:30,3.2677,1.3584,0.57,0.8,simulated
2026-06-10T14:00:40,3.3661,1.3557,0.5691,0.8,simulated
2026-06-10T14:00:50,3.2425,1.3868,0.5642,0.8,simulated
2026-06-10T14:01:00,3.344,1.3426,0.5638,0.8,simulated
2026-06-10T14:01:10,3.2597,1.3733,0.5605,0.8,simulated
2026-06-10T14:01:20,3.2928,1.3655,0.5591,0.8,simulated
2026-06-10T14:01:30,3.2854,1.3468,0.5576,0.8,simulated
2026-06-10T14:01:40,3.2874,1.3545,0.5566,0.8,simulated
2026-06-10T14:01:50,3.1379,1.3378,0.5507,0.8,simulated
2026-06-10T14:02:00,3.0223,1.3321,0.5421,0.8,simulated
2026-06-10T14:02:10,3.1082,1.3358,0.5381,0.8,simulated
2026-06-10T14:02:20,3.2168,1.328,0.5386,0.8,simulated
2026-06-10T14:02:30,3.3604,1.3191,0.5438,0.8,simulated
2026-06-10T14:02:40,3.4072,1.3602,0.5495,0.8,simulated
2026-06-10T14:02:50,3.4529,1.3466,0.5556,0.8,simulated
2026-06-10T14:03:00,3.5617,1.3761,0.5642,0.8,simulated
2026-06-10T14:03:10,3.6322,1.3711,0.5734,0.8,simulated
2026-06-10T14:03:20,3.5142,1.419,0.5768,0.8,simulated
2026-06-10T14:03:30,3.6448,1.3923,0.5839,0.8,simulated
2026-06-10T14:03:40,3.7087,1.3715,0.5917,0.8,simulated
2026-06-10T14:03:50,3.5001,1.3704,0.591,0.8,simulated
2026-06-10T14:04:00,3.4251,1.3744,0.5879,0.8,simulated
2026-06-10T14:04:10,3.408,1.3784,0.5848,0.8,simulated
2026-06-10T14:04:20,3.3067,1.3542,0.5789,0.8,simulated
2026-06-10T14:04:30,3.3726,1.3596,0.5765,0.8,simulated
2026-06-10T14:04:40,3.1647,1.3677,0.5675,0.8,simulated
2026-06-10T14:04:50,3.2364,1.3393,0.5628,0.8,simulated
2026-06-10T14:05:00,3.3678,1.3619,0.5634,0.8,simulated
2026-06-10T14:05:10,3.3617,1.3671,0.5636,0.8,simulated
2026-06-10T14:05:20,3.466,1.3523,0.5674,0.8,simulated
2026-06-10T14:05:30,3.5235,1.3813,0.5723,0.8,simulated
2026-06-10T14:05:40,3.5917,1.3798,0.5785,0.8,simulated
2026-06-10T14:05:50,3.5643,1.399,0.5826,0.8,simulated
2026-06-10T14:06:00,3.5567,1.3955,0.5856,0.8,simulated
2026-06-10T14:06:10,3.552,1.3846,0.5878,0.8,simulated
2026-06-10T14:06:20,3.475,1.3846,0.587,0.8,simulated
2026-06-10T14:06:30,3.2739,1.3865,0.5796,0.8,simulated
2026-06-10T14:06:40,3.3012,1.3803,0.5746,0.8,simulated
2026-06-10T14:06:50,3.2928,1.3449,0.5703,0.8,simulated
2026-06-10T14:07:00,3.3193,1.3817,0.5678,0.8,simulated
2026-06-10T14:07:10,3.5414,1.3648,0.5732,0.8,simulated
2026-06-10T14:07:20,3.5309,1.3942,0.5772,0.8,simulated
2026-06-10T14:07:30,3.3883,1.3783,0.5756,0.8,simulated
2026-06-10T14:07:40,3.2786,1.3609,0.5707,0.8,simulated
2026-06-10T14:07:50,3.3664,1.3696,0.5696,0.8,simulated
2026-06-10T14:08:00,3.2375,1.3861,0.5645,0.8,simulated
2026-06-10T14:08:10,3.4437,1.3561,0.5673,0.8,simulated
2026-06-10T14:08:20,3.5209,1.3465,0.5721,0.8,simulated
2026-06-10T14:08:30,3.496,1.3713,0.5752,0.8,simulated
2026-06-10T14:08:40,3.456,1.3952,0.5763,0.8,simulated
2026-06-10T14:08:50,3.5934,1.4056,0.5818,0.8,simulated
2026-06-10T14:09:00,3.7857,1.4081,0.5926,0.8,simulated
2026-06-10T14:09:10,3.7675,1.3689,0.6007,0.8,simulated
2026-06-10T14:09:20,4.0287,1.4123,0.6159,0.8,simulated
2026-06-10T14:09:30,3.9104,1.4169,0.6241,0.8,simulated
2026-06-10T14:09:40,3.9682,1.43,0.6326,0.8,simulated
2026-06-10T14:09:50,3.8301,1.4184,0.6348,0.8,simulated
2026-06-10T14:10:00,3.7386,1.4293,0.6334,0.8,simulated
2026-06-10T14:10:10,3.6954,1.4132,0.6309,0.8,simulated
2026-06-10T14:10:20,3.9076,1.4708,0.636,0.8,simulated
2026-06-10T14:10:30,3.9532,1.4426,0.6417,0.8,simulated
2026-06-10T14:10:40,3.9997,1.4399,0.6477,0.8,simulated
2026-06-10T14:10:50,4.0234,1.4348,0.6534,0.8,simulated
2026-06-10T14:11:00,3.8589,1.4667,0.6523,0.8,simulated
2026-06-10T14:11:10,3.8624,1.4604,0.6517,0.8,simulated
2026-06-10T14:11:20,3.8435,1.4679,0.6505,0.8,simulated
2026-06-10T14:11:30,3.6102,1.4469,0.6417,0.8,simulated
2026-06-10T14:11:40,3.4796,1.4232,0.6303,0.8,simulated
2026-06-10T14:11:50,3.532,1.412,0.6229,0.8,simulated
2026-06-10T14:12:00,3.6089,1.4081,0.6196,0.8,simulated
2026-06-10T14:12:10,3.5392,1.4085,0.6146,0.8,simulated
2026-06-10T14:12:20,3.5754,1.4221,0.6118,0.8,simulated
2026-06-10T14:12:30,3.4788,1.398,0.6063,0.8,simulated
2026-06-10T14:12:40,3.5744,1.4094,0.6052,0.8,simulated
2026-06-10T14:12:50,3.6572,1.4183,0.607,0.8,simulated
2026-06-10T14:13:00,3.5991,1.3997,0.6065,0.8,simulated
2026-06-10T14:13:10,3.708,1.4245,0.6098,0.8,simulated
2026-06-10T14:13:20,3.6253,1.416,0.6097,0.8,simulated
2026-06-10T14:13:30,3.5041,1.4112,0.6055,0.8,simulated
2026-06-10T14:13:40,3.3167,1.3954,0.5958,0.8,simulated
2026-06-10T14:13:50,3.2521,1.3885,0.5859,0.8,simulated
2026-06-10T14:14:00,3.3106,1.3671,0.58,0.8,simulated
2026-06-10T14:14:10,3.2189,1.3596,0.5721,0.8,simulated
2026-06-10T14:14:20,3.2514,1.3707,0.567,0.8,simulated
2026-06-10T14:14:30,3.3914,1.3809,0.5675,0.8,simulated
2026-06-10T14:14:40,3.1074,1.355,0.5584,0.8,simulated
2026-06-10T14:14:50,3.3223,1.3659,0.5584,0.8,simulated
2026-06-10T14:15:00,3.3942,1.3573,0.5607,0.8,simulated
2026-06-10T14:15:10,3.159,1.343,0.5547,0.8,simulated
2026-06-10T14:15:20,3.272,1.3539,0.5537,0.8,simulated
2026-06-10T14:15:30,3.3756,1.3622,0.5564,0.8,simulated
2026-06-10T14:15:40,3.4039,1.3492,0.5595,0.8,simulated
2026-06-10T14:15:50,3.3688,1.3519,0.5608,0.8,simulated
2026-06-10T14:16:00,3.2609,1.3508,0.5582,0.8,simulated
2026-06-10T14:16:10,2.9454,1.3483,0.5455,0.8,simulated
2026-06-10T14:16:20,3.2343,1.323,0.5451,0.8,simulated
2026-06-10T14:16:30,3.14,1.3457,0.5416,0.8,simulated
2026-06-10T14:16:40,2.9983,1.3379,0.534,0.8,simulated
2026-06-10T14:16:50,2.9793,1.3304,0.5273,0.8,simulated
2026-06-10T14:17:00,3.1647,1.3197,0.5282,0.8,simulated
2026-06-10T14:17:10,3.1067,1.3311,0.5269,0.8,simulated
2026-06-10T14:17:20,3.348,1.3175,0.534,0.8,simulated
2026-06-10T14:17:30,3.438,1.3313,0.5427,0.8,simulated
2026-06-10T14:17:40,3.3513,1.3588,0.5468,0.8,simulated
2026-06-10T14:17:50,3.4577,1.3337,0.5536,0.8,simulated
2026-06-10T14:18:00,3.4183,1.3481,0.5577,0.8,simulated
2026-06-10T14:18:10,3.457,1.3537,0.5624,0.8,simulated
2026-06-10T14:18:20,3.7382,1.3852,0.5755,0.8,simulated
2026-06-10T14:18:30,3.6039,1.3599,0.5815,0.8,simulated
2026-06-10T14:18:40,3.5238,1.3747,0.5836,0.8,simulated
2026-06-10T14:18:50,3.481,1.3675,0.5838,0.8,simulated
2026-06-10T14:19:00,3.3688,1.4051,0.5803,0.8,simulated
2026-06-10T14:19:10,3.4565,1.3762,0.5803,0.8,simulated
2026-06-10T14:19:20,3.5698,1.3764,0.5842,0.8,simulated
2026-06-10T14:19:30,3.6514,1.3918,0.5901,0.8,simulated
2026-06-10T14:19:40,3.8003,1.4127,0.5997,0.8,simulated
2026-06-10T14:19:50,3.7113,1.3734,0.6045,0.8,simulated
2026-06-10T14:20:00,3.6774,1.3909,0.6072,0.8,simulated
2026-06-10T14:20:10,3.7917,1.4164,0.6131,0.8,simulated
2026-06-10T14:20:20,3.8818,1.4115,0.6209,0.8,simulated
2026-06-10T14:20:30,3.7004,1.3994,0.6211,0.8,simulated
2026-06-10T14:20:40,3.553,1.4056,0.6162,0.8,simulated
2026-06-10T14:20:50,3.5557,1.4148,0.6125,0.8,simulated
2026-06-10T14:21:00,3.5643,1.4146,0.6097,0.8,simulated
2026-06-10T14:21:10,3.6474,1.4397,0.6103,0.8,simulated
2026-06-10T14:21:20,3.7425,1.3894,0.614,0.8,simulated
2026-06-10T14:21:30,3.6874,1.3929,0.6151,0.8,simulated
2026-06-10T14:21:40,3.7092,1.3986,0.6167,0.8,simulated
2026-06-10T14:21:50,3.4396,1.4235,0.6089,0.8,simulated
2026-06-10T14:22:00,3.5316,1.3924,0.6058,0.8,simulated
2026-06-10T14:22:10,3.7851,1.3891,0.6118,0.8,simulated
2026-06-10T14:22:20,4.0553,1.4379,0.6257,0.8,simulated
2026-06-10T14:22:30,3.8703,1.4195,0.6306,0.8,simulated
2026-06-10T14:22:40,4.1129,1.4594,0.6427,0.8,simulated
2026-06-10T14:22:50,4.1171,1.4557,0.6525,0.8,simulated
2026-06-10T14:23:00,4.2632,1.4553,0.6652,0.8,simulated
2026-06-10T14:23:10,4.1919,1.4864,0.673,0.8,simulated
2026-06-10T14:23:20,4.2332,1.4929,0.6807,0.8,simulated
2026-06-10T14:23:30,4.1303,1.5058,0.6833,0.8,simulated
2026-06-10T14:23:40,4.1998,1.4816,0.6878,0.8,simulated
2026-06-10T14:23:50,4.0776,1.4824,0.6872,0.8,simulated
2026-06-10T14:24:00,4.3335,1.5175,0.6954,0.8,simulated
2026-06-10T14:24:10,4.0203,1.5081,0.6914,0.8,simulated
2026-06-10T14:24:20,3.9885,1.491,0.6871,0.8,simulated
2026-06-10T14:24:30,4.0294,1.4723,0.6851,0.8,simulated
2026-06-10T14:24:40,3.9587,1.4654,0.6811,0.8,simulated
2026-06-10T14:24:50,4.0923,1.4609,0.6824,0.8,simulated
2026-06-10T14:25:00,3.8718,1.4611,0.676,0.8,simulated
2026-06-10T14:25:10,3.8608,1.4674,0.6705,0.8,simulated
2026-06-10T14:25:20,3.9864,1.4525,0.6704,0.8,simulated
2026-06-10T14:25:30,3.9264,1.479,0.6682,0.8,simulated
2026-06-10T14:25:40,3.8313,1.4246,0.6633,0.8,simulated
2026-06-10T14:25:50,4.0583,1.455,0.667,0.8,simulated
2026-06-10T14:26:00,4.2283,1.4655,0.6757,0.8,simulated
2026-06-10T14:26:10,4.2814,1.4935,0.6844,0.8,simulated
2026-06-10T14:26:20,4.4425,1.5046,0.6968,0.8,simulated
2026-06-10T14:26:30,4.355,1.4853,0.7038,0.8,simulated
2026-06-10T14:26:40,4.4167,1.5148,0.7114,0.8,simulated
2026-06-10T14:26:50,4.2087,1.4949,0.7105,0.8,simulated
2026-06-10T14:27:00,4.4164,1.5212,0.7168,0.8,simulated
2026-06-10T14:27:10,4.1798,1.4956,0.7139,0.8,simulated
2026-06-10T14:27:20,4.2174,1.5147,0.7128,0.8,simulated
2026-06-10T14:27:30,4.2075,1.5337,0.7116,0.8,simulated
2026-06-10T14:27:40,4.2539,1.5428,0.7122,0.8,simulated
2026-06-10T14:27:50,4.3583,1.5325,0.7162,0.8,simulated
2026-06-10T14:28:00,4.1864,1.4982,0.7136,0.8,simulated
2026-06-10T14:28:10,4.0875,1.5005,0.7083,0.8,simulated
2026-06-10T14:28:20,4.128,1.4913,0.7053,0.8,simulated
2026-06-10T14:28:30,4.2172,1.4968,0.7059,0.8,simulated
2026-06-10T14:28:40,3.9842,1.4724,0.6986,0.8,simulated
2026-06-10T14:28:50,4.0059,1.484,0.6935,0.8,simulated
2026-06-10T14:29:00,3.9497,1.5043,0.6875,0.8,simulated
2026-06-10T14:29:10,3.9589,1.5165,0.683,0.8,simulated
2026-06-10T14:29:20,3.9642,1.4861,0.6796,0.8,simulated
2026-06-10T14:29:30,3.8631,1.4765,0.6735,0.8,simulated
2026-06-10T14:29:40,3.8375,1.4778,0.6677,0.8,simulated
2026-06-10T14:29:50,3.7928,1.4379,0.6616,0.8,simulated
2026-06-10T14:30:00,3.9492,1.4493,0.662,1.3,simulated
2026-06-10T14:30:10,4.0782,1.9787,0.6666,1.3,simulated
2026-06-10T14:30:20,3.8495,1.9591,0.6626,1.3,simulated
2026-06-10T14:30:30,3.8801,1.955,0.6605,1.3,simulated
2026-06-10T14:30:40,3.8959,1.9721,0.6593,1.3,simulated
2026-06-10T14:30:50,4.0043,1.9334,0.662,1.3,simulated
2026-06-10T14:31:00,4.0132,1.9819,0.6644,1.3,simulated
2026-06-10T14:31:10,3.9692,1.9527,0.6649,1.3,simulated
2026-06-10T14:31:20,3.9194,1.9721,0.6636,1.3,simulated
2026-06-10T14:31:30,4.0369,1.9665,0.6665,1.3,simulated
2026-06-10T14:31:40,4.1192,1.9826,0.6716,1.3,simulated
2026-06-10T14:31:50,4.0616,1.9887,0.6738,1.3,simulated
2026-06-10T14:32:00,4.1033,1.9617,0.6769,1.3,simulated
2026-06-10T14:32:10,4.0006,1.9885,0.6759,1.3,simulated
2026-06-10T14:32:20,4.0431,1.9842,0.6766,1.3,simulated
2026-06-10T14:32:30,4.1145,2.0009,0.6795,1.3,simulated
2026-06-10T14:32:40,4.0241,1.9709,0.6788,1.3,simulated
2026-06-10T14:32:50,3.9498,1.9936,0.6758,1.3,simulated
2026-06-10T14:33:00,3.9133,1.983,0.6721,1.3,simulated
2026-06-10T14:33:10,3.6959,1.9552,0.6619,1.3,simulated
2026-06-10T14:33:20,3.8928,1.9753,0.6603,1.3,simulated
2026-06-10T14:33:30,3.7864,1.9499,0.6555,1.3,simulated
2026-06-10T14:33:40,3.6794,1.9617,0.648,1.3,simulated
2026-06-10T14:33:50,3.6815,1.9406,0.6421,1.3,simulated
2026-06-10T14:34:00,3.4559,1.9314,0.6298,1.3,simulated
2026-06-10T14:34:10,3.428,1.92,0.619,1.3,simulated
2026-06-10T14:34:20,3.5516,1.9298,0.6145,1.3,simulated
2026-06-10T14:34:30,3.5143,1.9084,0.6097,1.3,simulated
2026-06-10T14:34:40,3.5701,1.9164,0.6077,1.3,simulated
2026-06-10T14:34:50,3.5791,1.9154,0.6064,1.3,simulated
2026-06-10T14:35:00,3.7008,1.8966,0.6095,1.3,simulated
2026-06-10T14:35:10,3.7914,1.9289,0.615,1.3,simulated
2026-06-10T14:35:20,3.7731,1.9409,0.6188,1.3,simulated
2026-06-10T14:35:30,3.8702,1.9327,0.6251,1.3,simulated
2026-06-10T14:35:40,3.8676,1.9361,0.63,1.3,simulated
2026-06-10T14:35:50,3.9378,1.9235,0.6363,1.3,simulated
2026-06-10T14:36:00,4.0804,1.9655,0.6461,1.3,simulated
2026-06-10T14:36:10,4.2271,1.9359,0.6589,1.3,simulated
2026-06-10T14:36:20,4.3946,1.977,0.6748,1.3,simulated
2026-06-10T14:36:30,4.4644,2.0131,0.6899,1.3,simulated
2026-06-10T14:36:40,4.6756,1.9987,0.709,1.3,simulated
2026-06-10T14:36:50,4.6636,2.032,0.7239,1.3,simulated
2026-06-10T14:37:00,4.6108,2.0231,0.734,1.3,simulated
2026-06-10T14:37:10,4.3594,2.0436,0.7337,1.3,simulated
2026-06-10T14:37:20,4.2993,2.0102,0.7314,1.3,simulated
2026-06-10T14:37:30,4.3866,2.0263,0.7325,1.3,simulated
2026-06-10T14:37:40,4.3546,2.0228,0.7323,1.3,simulated
2026-06-10T14:37:50,4.42,2.0359,0.7344,1.3,simulated
2026-06-10T14:38:00,4.297,2.0064,0.7319,1.3,simulated
2026-06-10T14:38:10,4.3007,2.0526,0.73,1.3,simulated
2026-06-10T14:38:20,4.1524,2.0282,0.7235,1.3,simulated
2026-06-10T14:38:30,4.091,2.0089,0.7163,1.3,simulated
2026-06-10T14:38:40,4.0873,2.0327,0.7104,1.3,simulated
2026-06-10T14:38:50,4.1062,2.0059,0.7063,1.3,simulated
2026-06-10T14:39:00,3.9913,2.003,0.6991,1.3,simulated
2026-06-10T14:39:10,4.1045,2.0015,0.6972,1.3,simulated
2026-06-10T14:39:20,4.2235,2.0235,0.6997,1.3,simulated
2026-06-10T14:39:30,4.1928,2.003,0.7006,1.3,simulated
2026-06-10T14:39:40,4.0178,1.9795,0.6955,1.3,simulated
2026-06-10T14:39:50,3.9475,1.9904,0.689,1.3,simulated
2026-06-10T14:40:00,4.0055,1.9921,0.6858,1.3,simulated
2026-06-10T14:40:10,3.9967,1.9825,0.6829,1.3,simulated
2026-06-10T14:40:20,3.9023,1.9677,0.6775,1.3,simulated
2026-06-10T14:40:30,3.9132,1.9613,0.6735,1.3,simulated
2026-06-10T14:40:40,3.7201,1.9383,0.6638,1.3,simulated
2026-06-10T14:40:50,3.7672,1.9648,0.6576,1.3,simulated
2026-06-10T14:41:00,3.7893,1.9409,0.6534,1.3,simulated
2026-06-10T14:41:10,3.7051,1.9376,0.6472,1.3,simulated
2026-06-10T14:41:20,3.7842,1.9526,0.6449,1.3,simulated
2026-06-10T14:41:30,3.8843,1.9626,0.6464,1.3,simulated
2026-06-10T14:41:40,4.0814,1.9388,0.6543,1.3,simulated
2026-06-10T14:41:50,4.084,1.9554,0.6607,1.3,simulated
2026-06-10T14:42:00,3.9759,1.9562,0.6621,1.3,simulated
2026-06-10T14:42:10,3.9465,1.9699,0.6623,1.3,simulated
2026-06-10T14:42:20,3.9108,1.9456,0.6612,1.3,simulated
2026-06-10T14:42:30,3.77,1.9436,0.6557,1.3,simulated
2026-06-10T14:42:40,3.8328,1.9596,0.6533,1.3,simulated
2026-06-10T14:42:50,3.87,1.9436,0.6527,1.3,simulated
2026-06-10T14:43:00,3.8797,1.9371,0.6525,1.3,simulated
2026-06-10T14:43:10,3.8115,1.9499,0.6501,1.3,simulated
2026-06-10T14:43:20,3.5121,1.9243,0.6381,1.3,simulated
2026-06-10T14:43:30,3.6642,1.9295,0.6336,1.3,simulated
2026-06-10T14:43:40,3.7887,1.9534,0.6342,1.3,simulated
2026-06-10T14:43:50,3.9972,1.939,0.6416,1.3,simulated
2026-06-10T14:44:00,3.8766,1.9415,0.6436,1.3,simulated
2026-06-10T14:44:10,3.846,1.937,0.6441,1.3,simulated
2026-06-10T14:44:20,3.7762,1.9193,0.6421,1.3,simulated
2026-06-10T14:44:30,4.0589,1.9528,0.6501,1.3,simulated
2026-06-10T14:44:40,3.9656,1.9686,0.6533,1.3,simulated
2026-06-10T14:44:50,3.8876,1.9722,0.6533,1.3,simulated
2026-06-10T14:45:00,3.8096,1.9934,0.6506,1.3,simulated
2026-06-10T14:45:10,3.8068,1.944,0.6484,1.3,simulated
2026-06-10T14:45:20,3.7221,1.9468,0.6438,1.3,simulated
2026-06-10T14:45:30,3.7244,1.9237,0.6402,1.3,simulated
2026-06-10T14:45:40,3.9171,1.9715,0.6438,1.3,simulated
2026-06-10T14:45:50,3.833,1.9587,0.6438,1.3,simulated
2026-06-10T14:46:00,3.609,1.9507,0.6363,1.3,simulated
2026-06-10T14:46:10,3.5927,1.9387,0.6298,1.3,simulated
2026-06-10T14:46:20,3.6404,1.9241,0.6261,1.3,simulated
2026-06-10T14:46:30,3.6961,1.887,0.6251,1.3,simulated
2026-06-10T14:46:40,3.7847,1.946,0.6272,1.3,simulated
2026-06-10T14:46:50,3.9733,1.9453,0.6353,1.3,simulated
2026-06-10T14:47:00,4.105,1.95,0.6462,1.3,simulated
2026-06-10T14:47:10,4.1524,1.9441,0.6564,1.3,simulated
2026-06-10T14:47:20,4.0614,1.9746,0.6616,1.3,simulated
2026-06-10T14:47:30,4.0258,1.969,0.6646,1.3,simulated
2026-06-10T14:47:40,3.9889,1.9687,0.6657,1.3,simulated
2026-06-10T14:47:50,4.2185,1.9577,0.6743,1.3,simulated
2026-06-10T14:48:00,4.1475,1.962,0.6788,1.3,simulated
2026-06-10T14:48:10,4.3044,1.9863,0.6877,1.3,simulated
2026-06-10T14:48:20,4.1118,1.9867,0.6883,1.3,simulated
2026-06-10T14:48:30,4.0595,1.9714,0.687,1.3,simulated
2026-06-10T14:48:40,4.0442,2.0115,0.6855,1.3,simulated
2026-06-10T14:48:50,3.9414,1.9743,0.6808,1.3,simulated
2026-06-10T14:49:00,3.9927,1.9778,0.6788,1.3,simulated
2026-06-10T14:49:10,3.8339,1.9758,0.6719,1.3,simulated
2026-06-10T14:49:20,3.8652,1.9895,0.6674,1.3,simulated
2026-06-10T14:49:30,3.7061,1.9468,0.6584,1.3,simulated
2026-06-10T14:49:40,3.8491,1.9533,0.6561,1.3,simulated
2026-06-10T14:49:50,3.7223,1.9308,0.6499,1.3,simulated
2026-06-10T14:50:00,3.8144,1.9638,0.6481,1.3,simulated
2026-06-10T14:50:10,3.4562,1.941,0.6346,1.3,simulated
2026-06-10T14:50:20,3.5288,1.9286,0.6263,1.3,simulated
2026-06-10T14:50:30,3.6121,1.9266,0.6224,1.3,simulated
2026-06-10T14:50:40,3.6639,1.9482,0.621,1.3,simulated
2026-06-10T14:50:50,3.6559,1.918,0.6196,1.3,simulated
2026-06-10T14:51:00,3.6163,1.9085,0.6172,1.3,simulated
2026-06-10T14:51:10,3.5398,1.904,0.6127,1.3,simulated
2026-06-10T14:51:20,3.4497,1.9215,0.6061,1.3,simulated
2026-06-10T14:51:30,3.4324,1.909,0.6002,1.3,simulated
2026-06-10T14:51:40,3.4033,1.9017,0.5945,1.3,simulated
2026-06-10T14:51:50,3.5737,1.886,0.5957,1.3,simulated
2026-06-10T14:52:00,3.7656,1.9113,0.6031,1.3,simulated
2026-06-10T14:52:10,3.5165,1.9096,0.6006,1.3,simulated
2026-06-10T14:52:20,3.4831,1.8991,0.5975,1.3,simulated
2026-06-10T14:52:30,3.2767,1.8861,0.5881,1.3,simulated
2026-06-10T14:52:40,3.359,1.8905,0.5834,1.3,simulated
2026-06-10T14:52:50,3.2066,1.8804,0.5744,1.3,simulated
2026-06-10T14:53:00,3.2299,1.8609,0.5681,1.3,simulated
2026-06-10T14:53:10,3.2915,1.8604,0.565,1.3,simulated
2026-06-10T14:53:20,3.2297,1.8348,0.5606,1.3,simulated
2026-06-10T14:53:30,3.0913,1.8613,0.5523,1.3,simulated
2026-06-10T14:53:40,3.4327,1.8555,0.5572,1.3,simulated
2026-06-10T14:53:50,3.4572,1.8852,0.5619,1.3,simulated
2026-06-10T14:54:00,3.4841,1.8398,0.5666,1.3,simulated
2026-06-10T14:54:10,3.4915,1.8731,0.5706,1.3,simulated
2026-06-10T14:54:20,3.6247,1.8872,0.5783,1.3,simulated
2026-06-10T14:54:30,3.6472,1.8747,0.5852,1.3,simulated
2026-06-10T14:54:40,3.6582,1.8983,0.591,1.3,simulated
2026-06-10T14:54:50,3.9573,1.91,0.6058,1.3,simulated
2026-06-10T14:55:00,3.9371,1.9249,0.6169,1.3,simulated
2026-06-10T14:55:10,4.0812,1.9272,0.6307,1.3,simulated
2026-06-10T14:55:20,4.0738,1.8938,0.6414,1.3,simulated
2026-06-10T14:55:30,4.2452,1.957,0.6558,1.3,simulated
2026-06-10T14:55:40,4.4199,1.9745,0.6731,1.3,simulated
2026-06-10T14:55:50,4.1819,1.968,0.679,1.3,simulated
2026-06-10T14:56:00,4.0315,1.9588,0.6787,1.3,simulated
2026-06-10T14:56:10,4.0386,1.9865,0.6786,1.3,simulated
2026-06-10T14:56:20,4.0489,1.9849,0.6789,1.3,simulated
2026-06-10T14:56:30,4.0139,2.0017,0.678,1.3,simulated
2026-06-10T14:56:40,4.1298,1.9691,0.6812,1.3,simulated
2026-06-10T14:56:50,4.2907,2.0069,0.6891,1.3,simulated
2026-06-10T14:57:00,4.0647,1.9881,0.6879,1.3,simulated
2026-06-10T14:57:10,4.1785,1.9832,0.6907,1.3,simulated
2026-06-10T14:57:20,4.2219,2.0019,0.6944,1.3,simulated
2026-06-10T14:57:30,4.2324,2.0109,0.6977,1.3,simulated
2026-06-10T14:57:40,4.28,1.9941,0.702,1.3,simulated
2026-06-10T14:57:50,4.428,2.0339,0.7104,1.3,simulated
2026-06-10T14:58:00,4.4697,2.0188,0.7185,1.3,simulated
2026-06-10T14:58:10,4.3573,2.0027,0.7212,1.3,simulated
2026-06-10T14:58:20,4.0827,1.9971,0.7141,1.3,simulated
2026-06-10T14:58:30,3.9226,2.0192,0.7031,1.3,simulated
2026-06-10T14:58:40,3.7309,1.9795,0.6878,1.3,simulated
2026-06-10T14:58:50,3.8806,1.982,0.6807,1.3,simulated
2026-06-10T14:59:00,3.9536,1.979,0.6774,1.3,simulated
2026-06-10T14:59:10,3.8245,1.9687,0.6704,1.3,simulated
2026-06-10T14:59:20,3.7392,1.9766,0.662,1.3,simulated
2026-06-10T14:59:30,3.7872,1.9496,0.6568,1.3,simulated
2026-06-10T14:59:40,3.8942,1.9396,0.6563,1.3,simulated
2026-06-10T14:59:50,4.0829,1.9277,0.6622,1.3,simulated
2026-06-10T15:00:00,3.9589,1.961,0.6628,1.3,simulated
2026-06-10T15:00:10,4.0531,1.9625,0.6664,1.3,simulated
2026-06-10T15:00:20,3.923,1.9835,0.6649,1.3,simulated
2026-06-10T15:00:30,3.8705,1.9514,0.662,1.3,simulated
2026-06-10T15:00:40,3.8667,1.9749,0.6595,1.3,simulated
2026-06-10T15:00:50,3.7939,1.9508,0.6551,1.3,simulated
2026-06-10T15:01:00,3.8273,1.9785,0.6527,1.3,simulated
2026-06-10T15:01:10,3.6168,1.9291,0.6437,1.3,simulated
2026-06-10T15:01:20,3.811,1.937,0.643,1.3,simulated
2026-06-10T15:01:30,3.9185,1.9562,0.646,1.3,simulated
2026-06-10T15:01:40,3.7541,1.9608,0.643,1.3,simulated
2026-06-10T15:01:50,3.5565,1.9465,0.6339,1.3,simulated
2026-06-10T15:02:00,3.6065,1.9083,0.6283,1.3,simulated
2026-06-10T15:02:10,3.6569,1.9418,0.6255,1.3,simulated
2026-06-10T15:02:20,3.7432,1.926,0.6262,1.3,simulated
2026-06-10T15:02:30,3.8401,1.9055,0.63,1.3,simulated
2026-06-10T15:02:40,3.9061,1.9268,0.6352,1.3,simulated
2026-06-10T15:02:50,3.8587,1.9326,0.6378,1.3,simulated
2026-06-10T15:03:00,3.8525,1.9277,0.6397,1.3,simulated
2026-06-10T15:03:10,4.0043,1.9659,0.6463,1.3,simulated
2026-06-10T15:03:20,3.9182,1.9568,0.6487,1.3,simulated
2026-06-10T15:03:30,3.8161,1.9643,0.6472,1.3,simulated
2026-06-10T15:03:40,4.0562,1.9408,0.654,1.3,simulated
2026-06-10T15:03:50,4.1076,1.9362,0.6612,1.3,simulated
2026-06-10T15:04:00,4.1498,1.9752,0.6684,1.3,simulated
2026-06-10T15:04:10,4.331,1.9808,0.6803,1.3,simulated
2026-06-10T15:04:20,4.3389,2.0029,0.69,1.3,simulated
2026-06-10T15:04:30,4.2403,2.0044,0.6945,1.3,simulated
2026-06-10T15:04:40,4.3352,2.0036,0.7012,1.3,simulated
2026-06-10T15:04:50,4.1235,2.0116,0.6995,1.3,simulated
2026-06-10T15:05:00,4.1101,1.9989,0.6977,1.3,simulated
2026-06-10T15:05:10,4.2448,2.0039,0.7008,1.3,simulated
2026-06-10T15:05:20,4.1888,2.0311,0.7014,1.3,simulated
2026-06-10T15:05:30,4.112,2.0186,0.6993,1.3,simulated
2026-06-10T15:05:40,4.0218,1.9788,0.6946,1.3,simulated
2026-06-10T15:05:50,4.1083,1.97,0.6937,1.3,simulated
2026-06-10T15:06:00,4.0498,2.0114,0.691,1.3,simulated
2026-06-10T15:06:10,3.8793,1.9766,0.6832,1.3,simulated
2026-06-10T15:06:20,3.7093,1.9692,0.6712,1.3,simulated
2026-06-10T15:06:30,3.8794,1.96,0.6673,1.3,simulated
2026-06-10T15:06:40,3.8369,1.9676,0.6627,1.3,simulated
2026-06-10T15:06:50,3.9766,1.9576,0.6638,1.3,simulated
2026-06-10T15:07:00,4.0279,1.9485,0.6664,1.3,simulated
2026-06-10T15:07:10,3.898,1.9373,0.6641,1.3,simulated
2026-06-10T15:07:20,3.712,1.9201,0.656,1.3,simulated
2026-06-10T15:07:30,3.8664,1.9389,0.6547,1.3,simulated
2026-06-10T15:07:40,3.7743,1.9689,0.6506,1.3,simulated
2026-06-10T15:07:50,3.946,1.939,0.653,1.3,simulated
2026-06-10T15:08:00,4.101,1.9599,0.6602,1.3,simulated
2026-06-10T15:08:10,3.9482,1.9777,0.6608,1.3,simulated
2026-06-10T15:08:20,3.7612,1.9748,0.6551,1.3,simulated
2026-06-10T15:08:30,3.8758,1.9459,0.6543,1.3,simulated
2026-06-10T15:08:40,4.0294,1.9695,0.6588,1.3,simulated
2026-06-10T15:08:50,4.0547,1.9576,0.6633,1.3,simulated
2026-06-10T15:09:00,4.3439,1.9475,0.6766,1.3,simulated
2026-06-10T15:09:10,4.2619,1.9988,0.6845,1.3,simulated
2026-06-10T15:09:20,4.2496,1.992,0.6904,1.3,simulated
2026-06-10T15:09:30,4.1712,1.9793,0.6924,1.3,simulated
2026-06-10T15:09:40,4.2683,2.0005,0.6974,1.3,simulated
2026-06-10T15:09:50,4.2349,2.0052,0.7002,1.3,simulated
2026-06-10T15:10:00,4.1505,2.0021,0.6996,1.3,simulated
2026-06-10T15:10:10,4.1748,1.9854,0.7,1.3,simulated
2026-06-10T15:10:20,4.1498,1.9968,0.6994,1.3,simulated
2026-06-10T15:10:30,4.1909,2.0049,0.7003,1.3,simulated
2026-06-10T15:10:40,4.2604,2.0147,0.7034,1.3,simulated
2026-06-10T15:10:50,4.2976,2.0039,0.7071,1.3,simulated
2026-06-10T15:11:00,4.1825,1.99,0.7062,1.3,simulated
2026-06-10T15:11:10,4.2745,2.015,0.7086,1.3,simulated
2026-06-10T15:11:20,4.1859,2.0261,0.7075,1.3,simulated
2026-06-10T15:11:30,3.998,1.9914,0.7004,1.3,simulated
2026-06-10T15:11:40,4.0938,2.0054,0.6978,1.3,simulated
2026-06-10T15:11:50,3.9185,2.0057,0.6899,1.3,simulated
2026-06-10T15:12:00,4.0692,2.0046,0.6887,1.3,simulated
2026-06-10T15:12:10,4.219,2.0129,0.6927,1.3,simulated
2026-06-10T15:12:20,4.3936,2.006,0.7018,1.3,simulated
2026-06-10T15:12:30,4.2356,2.0249,0.7037,1.3,simulated
2026-06-10T15:12:40,4.1859,2.0239,0.7036,1.3,simulated
2026-06-10T15:12:50,4.2064,1.9918,0.7042,1.3,simulated
2026-06-10T15:13:00,4.1204,2.0065,0.7018,1.3,simulated
2026-06-10T15:13:10,4.0686,2.0017,0.6982,1.3,simulated
2026-06-10T15:13:20,3.9876,1.9823,0.6925,1.3,simulated
2026-06-10T15:13:30,4.0717,1.9859,0.6908,1.3,simulated
2026-06-10T15:13:40,4.0711,1.9593,0.6895,1.3,simulated
2026-06-10T15:13:50,3.7903,1.9896,0.6789,1.3,simulated
2026-06-10T15:14:00,3.8335,1.9847,0.6719,1.3,simulated
2026-06-10T15:14:10,3.9214,1.9866,0.6693,1.3,simulated
2026-06-10T15:14:20,3.8507,1.9851,0.6648,1.3,simulated
2026-06-10T15:14:30,3.7497,1.9488,0.6579,1.3,simulated
2026-06-10T15:14:40,3.7767,1.9508,0.6532,1.3,simulated
2026-06-10T15:14:50,3.7578,1.972,0.6488,1.3,simulated
2026-06-10T15:15:00,3.8678,1.9652,0.649,1.3,simulated
2026-06-10T15:15:10,4.0365,1.9438,0.6548,1.3,simulated
2026-06-10T15:15:20,4.1998,1.9296,0.665,1.3,simulated
2026-06-10T15:15:30,4.2843,1.9725,0.6759,1.3,simulated
2026-06-10T15:15:40,4.2765,1.9684,0.6844,1.3,simulated
2026-06-10T15:15:50,4.2442,1.9911,0.6902,1.3,simulated
2026-06-10T15:16:00,4.1293,2.0054,0.6909,1.3,simulated
2026-06-10T15:16:10,4.2145,1.9726,0.6943,1.3,simulated
2026-06-10T15:16:20,4.0287,1.9949,0.6908,1.3,simulated
2026-06-10T15:16:30,4.1516,1.9739,0.6921,1.3,simulated
2026-06-10T15:16:40,4.0309,2.0264,0.6892,1.3,simulated
2026-06-10T15:16:50,3.9024,1.9832,0.6824,1.3,simulated
2026-06-10T15:17:00,3.8086,1.981,0.6739,1.3,simulated
2026-06-10T15:17:10,3.9196,1.9552,0.6708,1.3,simulated
2026-06-10T15:17:20,3.7787,1.9316,0.6636,1.3,simulated
2026-06-10T15:17:30,3.9544,1.9494,0.6638,1.3,simulated
2026-06-10T15:17:40,3.8174,1.9449,0.6593,1.3,simulated
2026-06-10T15:17:50,3.9517,1.9778,0.6602,1.3,simulated
2026-06-10T15:18:00,4.107,1.9489,0.6662,1.3,simulated
2026-06-10T15:18:10,4.0346,1.9809,0.6685,1.3,simulated
2026-06-10T15:18:20,4.0136,1.976,0.6696,1.3,simulated
2026-06-10T15:18:30,3.8765,1.9643,0.666,1.3,simulated
2026-06-10T15:18:40,3.9874,1.9295,0.6668,1.3,simulated
2026-06-10T15:18:50,4.0883,1.9625,0.6708,1.3,simulated
2026-06-10T15:19:00,4.0468,1.9871,0.6726,1.3,simulated
2026-06-10T15:19:10,3.9566,1.9791,0.671,1.3,simulated
2026-06-10T15:19:20,4.0247,1.9743,0.672,1.3,simulated
2026-06-10T15:19:30,3.8816,1.9465,0.6681,1.3,simulated
2026-06-10T15:19:40,3.9976,1.9707,0.6688,1.3,simulated
2026-06-10T15:19:50,4.0099,1.9735,0.6697,1.3,simulated
2026-06-10T15:20:00,3.9881,1.9625,0.6698,1.3,simulated
2026-06-10T15:20:10,4.0154,1.9772,0.6707,1.3,simulated
2026-06-10T15:20:20,4.0627,1.9625,0.6731,1.3,simulated
2026-06-10T15:20:30,4.0877,1.9457,0.6758,1.3,simulated
2026-06-10T15:20:40,3.9923,1.9652,0.6748,1.3,simulated
2026-06-10T15:20:50,4.0347,1.9651,0.6754,1.3,simulated
2026-06-10T15:21:00,4.0417,1.9944,0.6761,1.3,simulated
2026-06-10T15:21:10,4.273,1.9953,0.6845,1.3,simulated
2026-06-10T15:21:20,4.1224,1.9853,0.6861,1.3,simulated
2026-06-10T15:21:30,4.0959,1.9783,0.6865,1.3,simulated
2026-06-10T15:21:40,4.2984,2.002,0.6936,1.3,simulated
2026-06-10T15:21:50,4.5568,2.0304,0.708,1.3,simulated
2026-06-10T15:22:00,4.2708,1.9954,0.7099,1.3,simulated
2026-06-10T15:22:10,4.4939,2.0093,0.7189,1.3,simulated
2026-06-10T15:22:20,4.4686,2.0425,0.7253,1.3,simulated
2026-06-10T15:22:30,4.3142,2.0324,0.7252,1.3,simulated
2026-06-10T15:22:40,4.2906,2.0177,0.7243,1.3,simulated
2026-06-10T15:22:50,4.4578,2.0466,0.7292,1.3,simulated
2026-06-10T15:23:00,4.3781,2.0388,0.7305,1.3,simulated
2026-06-10T15:23:10,4.3844,2.0176,0.7317,1.3,simulated
2026-06-10T15:23:20,4.3159,2.0345,0.7304,1.3,simulated
2026-06-10T15:23:30,4.442,2.0334,0.7336,1.3,simulated
2026-06-10T15:23:40,4.4565,2.0614,0.7366,1.3,simulated
2026-06-10T15:23:50,4.3184,2.0435,0.7344,1.3,simulated
2026-06-10T15:24:00,4.1113,2.0329,0.7256,1.3,simulated
2026-06-10T15:24:10,4.1857,2.0231,0.7211,1.3,simulated
2026-06-10T15:24:20,4.0957,2.0223,0.7145,1.3,simulated
2026-06-10T15:24:30,3.941,1.9832,0.704,1.3,simulated
2026-06-10T15:24:40,3.9258,1.9733,0.6951,1.3,simulated
2026-06-10T15:24:50,4.056,1.9982,0.6924,1.3,simulated
2026-06-10T15:25:00,4.1208,1.9984,0.6924,1.3,simulated
2026-06-10T15:25:10,4.1865,1.9885,0.6946,1.3,simulated
2026-06-10T15:25:20,4.1404,1.9648,0.6948,1.3,simulated
2026-06-10T15:25:30,4.2138,1.9811,0.6974,1.3,simulated
2026-06-10T15:25:40,4.298,2.0104,0.7023,1.3,simulated
2026-06-10T15:25:50,4.3232,2.009,0.7071,1.3,simulated
2026-06-10T15:26:00,4.156,1.9957,0.7053,1.3,simulated
2026-06-10T15:26:10,4.0551,1.9866,0.7005,1.3,simulated
2026-06-10T15:26:20,4.0704,2.0012,0.6972,1.3,simulated
2026-06-10T15:26:30,4.0584,1.9918,0.6941,1.3,simulated
2026-06-10T15:26:40,3.9247,1.9848,0.6872,1.3,simulated
2026-06-10T15:26:50,3.9761,1.9758,0.6833,1.3,simulated
2026-06-10T15:27:00,3.917,1.9805,0.6783,1.3,simulated
2026-06-10T15:27:10,3.7443,1.9727,0.6684,1.3,simulated
2026-06-10T15:27:20,3.9534,1.9582,0.6676,1.3,simulated
2026-06-10T15:27:30,3.6935,1.9831,0.6582,1.3,simulated
2026-06-10T15:27:40,3.6608,1.9407,0.6495,1.3,simulated
2026-06-10T15:27:50,3.7482,1.9481,0.6456,1.3,simulated
2026-06-10T15:28:00,3.7325,1.9186,0.6419,1.3,simulated
2026-06-10T15:28:10,3.8509,1.9279,0.6429,1.3,simulated
2026-06-10T15:28:20,3.805,1.956,0.6422,1.3,simulated
2026-06-10T15:28:30,3.7614,1.951,0.6401,1.3,simulated
2026-06-10T15:28:40,3.8005,1.943,0.6398,1.3,simulated
2026-06-10T15:28:50,3.8098,1.9297,0.6398,1.3,simulated
2026-06-10T15:29:00,3.728,1.9424,0.6371,1.3,simulated
2026-06-10T15:29:10,3.7469,1.9207,0.6356,1.3,simulated
2026-06-10T15:29:20,3.5693,1.9445,0.6284,1.3,simulated
2026-06-10T15:29:30,3.4391,1.8788,0.6183,1.3,simulated
2026-06-10T15:29:40,3.6295,1.9108,0.6166,1.3,simulated
2026-06-10T15:29:50,3.64,1.9036,0.6156,1.3,simulated
2026-06-10T15:30:00,3.6931,1.936,0.6165,1.3,simulated
2026-06-10T15:30:10,3.5079,1.9081,0.6111,1.3,simulated
2026-06-10T15:30:20,3.5335,1.9262,0.6076,1.3,simulated
2026-06-10T15:30:30,3.4268,1.9229,0.6012,1.3,simulated
2026-06-10T15:30:40,3.4169,1.9026,0.5958,1.3,simulated
2026-06-10T15:30:50,3.4908,1.8693,0.5939,1.3,simulated
2026-06-10T15:31:00,3.5243,1.8822,0.5936,1.3,simulated
2026-06-10T15:31:10,3.4391,1.8829,0.5904,1.3,simulated
2026-06-10T15:31:20,3.5596,1.8979,0.5919,1.3,simulated
2026-06-10T15:31:30,3.4685,1.8958,0.5901,1.3,simulated
2026-06-10T15:31:40,3.2255,1.8605,0.5804,1.3,simulated
2026-06-10T15:31:50,3.3528,1.8888,0.577,1.3,simulated
2026-06-10T15:32:00,3.2749,1.8564,0.5716,1.3,simulated
2026-06-10T15:32:10,3.2881,1.8625,0.5678,1.3,simulated
2026-06-10T15:32:20,3.4264,1.8732,0.5694,1.3,simulated
2026-06-10T15:32:30,3.3874,1.8674,0.5693,1.3,simulated
2026-06-10T15:32:40,3.2678,1.8888,0.5652,1.3,simulated
2026-06-10T15:32:50,3.3994,1.8835,0.5664,1.3,simulated
2026-06-10T15:33:00,3.0927,1.8373,0.557,1.3,simulated
2026-06-10T15:33:10,2.8221,1.8236,0.5405,1.3,simulated
2026-06-10T15:33:20,2.9854,1.8499,0.5327,1.3,simulated
2026-06-10T15:33:30,2.9989,1.8286,0.5269,1.3,simulated
2026-06-10T15:33:40,2.9952,1.8316,0.5222,1.3,simulated
2026-06-10T15:33:50,3.0551,1.8208,0.5204,1.3,simulated
2026-06-10T15:34:00,3.2378,1.8436,0.5251,1.3,simulated
2026-06-10T15:34:10,3.1542,1.8376,0.5261,1.3,simulated
2026-06-10T15:34:20,3.2402,1.8415,0.5297,1.3,simulated
2026-06-10T15:34:30,3.2183,1.8218,0.5319,1.3,simulated
2026-06-10T15:34:40,3.3905,1.8486,0.5394,1.3,simulated
2026-06-10T15:34:50,3.6832,1.8312,0.5553,1.3,simulated
2026-06-10T15:35:00,3.6283,1.8625,0.5662,1.3,simulated
2026-06-10T15:35:10,3.9023,1.8745,0.584,1.3,simulated
2026-06-10T15:35:20,3.9125,1.887,0.5987,1.3,simulated
2026-06-10T15:35:30,4.0868,1.9022,0.6163,1.3,simulated
2026-06-10T15:35:40,4.2275,1.9049,0.6351,1.3,simulated
2026-06-10T15:35:50,4.1911,1.9674,0.6489,1.3,simulated
2026-06-10T15:36:00,4.0442,1.9518,0.655,1.3,simulated
2026-06-10T15:36:10,4.2872,1.9654,0.668,1.3,simulated
2026-06-10T15:36:20,4.2871,1.986,0.6785,1.3,simulated
2026-06-10T15:36:30,4.2693,2.0022,0.6862,1.3,simulated
2026-06-10T15:36:40,4.5318,2.0213,0.7013,1.3,simulated
2026-06-10T15:36:50,4.2003,1.9957,0.7021,1.3,simulated
2026-06-10T15:37:00,4.1061,2.0025,0.6997,1.3,simulated
2026-06-10T15:37:10,4.1491,1.9856,0.6991,1.3,simulated
2026-06-10T15:37:20,4.1717,2.0105,0.6995,1.3,simulated
2026-06-10T15:37:30,3.9852,1.9938,0.6935,1.3,simulated
2026-06-10T15:37:40,3.7862,1.9956,0.682,1.3,simulated
2026-06-10T15:37:50,3.8211,1.9864,0.674,1.3,simulated
2026-06-10T15:38:00,3.9239,1.9828,0.671,1.3,simulated
2026-06-10T15:38:10,3.7355,1.9704,0.6623,1.3,simulated
2026-06-10T15:38:20,3.5682,1.9511,0.6498,1.3,simulated
2026-06-10T15:38:30,3.5767,1.9214,0.64,1.3,simulated
2026-06-10T15:38:40,3.6571,1.9398,0.6349,1.3,simulated
2026-06-10T15:38:50,3.7517,1.9592,0.634,1.3,simulated
2026-06-10T15:39:00,3.8222,1.9291,0.6356,1.3,simulated
2026-06-10T15:39:10,3.8802,1.9287,0.6388,1.3,simulated
2026-06-10T15:39:20,4.0764,1.9573,0.648,1.3,simulated
2026-06-10T15:39:30,3.9568,1.9765,0.6514,1.3,simulated
2026-06-10T15:39:40,3.9282,1.9375,0.6531,1.3,simulated
2026-06-10T15:39:50,3.8936,1.9171,0.6533,1.3,simulated
2026-06-10T15:40:00,3.9021,1.9445,0.6538,1.3,simulated
2026-06-10T15:40:10,4.004,1.959,0.6575,1.3,simulated
2026-06-10T15:40:20,4.0489,1.9599,0.6621,1.3,simulated
2026-06-10T15:40:30,3.8579,1.9554,0.6593,1.3,simulated
2026-06-10T15:40:40,3.87,1.9499,0.6575,1.3,simulated
2026-06-10T15:40:50,3.806,1.9441,0.6538,1.3,simulated
2026-06-10T15:41:00,3.734,1.9361,0.6485,1.3,simulated
2026-06-10T15:41:10,3.8333,1.953,0.6476,1.3,simulated
2026-06-10T15:41:20,3.9382,1.959,0.6504,1.3,simulated
2026-06-10T15:41:30,4.0899,1.934,0.6578,1.3,simulated
2026-06-10T15:41:40,4.028,1.9853,0.6616,1.3,simulated
2026-06-10T15:41:50,4.2247,1.9778,0.6712,1.3,simulated
2026-06-10T15:42:00,4.1811,1.9858,0.6774,1.3,simulated
2026-06-10T15:42:10,4.2909,1.9819,0.6861,1.3,simulated
2026-06-10T15:42:20,4.3016,1.9973,0.6934,1.3,simulated
2026-06-10T15:42:30,4.3897,1.9854,0.7022,1.3,simulated
2026-06-10T15:42:40,4.3329,2.0311,0.7074,1.3,simulated
2026-06-10T15:42:50,4.1129,2.0253,0.7041,1.3,simulated
2026-06-10T15:43:00,4.051,1.9958,0.6994,1.3,simulated
2026-06-10T15:43:10,3.9967,1.974,0.6938,1.3,simulated
2026-06-10T15:43:20,4.0621,1.9869,0.6915,1.3,simulated
2026-06-10T15:43:30,3.9722,1.9956,0.6867,1.3,simulated
2026-06-10T15:43:40,3.8979,1.9744,0.6803,1.3,simulated
2026-06-10T15:43:50,3.91,1.9637,0.6756,1.3,simulated
2026-06-10T15:44:00,3.9314,1.975,0.6726,1.3,simulated
2026-06-10T15:44:10,3.9221,1.9568,0.6699,1.3,simulated
2026-06-10T15:44:20,3.8936,1.9867,0.6667,1.3,simulated
2026-06-10T15:44:30,3.9819,1.9813,0.6672,1.3,simulated
2026-06-10T15:44:40,4.027,1.979,0.669,1.3,simulated
2026-06-10T15:44:50,3.85,1.954,0.6646,1.3,simulated
2026-06-10T15:45:00,4.0896,1.9722,0.6691,1.3,simulated
2026-06-10T15:45:10,3.9433,1.9844,0.6678,1.3,simulated
2026-06-10T15:45:20,3.9776,1.9365,0.6679,1.3,simulated
2026-06-10T15:45:30,3.8297,1.966,0.663,1.3,simulated
2026-06-10T15:45:40,3.7735,1.9783,0.6572,1.3,simulated
2026-06-10T15:45:50,3.6766,1.9764,0.6493,1.3,simulated
2026-06-10T15:46:00,3.8376,1.9341,0.6484,1.3,simulated
2026-06-10T15:46:10,3.9107,1.9542,0.6501,1.3,simulated
2026-06-10T15:46:20,4.1462,1.975,0.6594,1.3,simulated
2026-06-10T15:46:30,3.9008,1.9767,0.6586,1.3,simulated
2026-06-10T15:46:40,3.907,1.9305,0.6581,1.3,simulated
2026-06-10T15:46:50,4.0078,1.931,0.6612,1.3,simulated
2026-06-10T15:47:00,3.9527,1.9641,0.6617,1.3,simulated
2026-06-10T15:47:10,3.879,1.9672,0.6597,1.3,simulated
2026-06-10T15:47:20,4.0509,1.962,0.6639,1.3,simulated
2026-06-10T15:47:30,4.0912,1.9637,0.6686,1.3,simulated
2026-06-10T15:47:40,4.1734,1.9943,0.6751,1.3,simulated
2026-06-10T15:47:50,4.3837,2.0095,0.6874,1.3,simulated
2026-06-10T15:48:00,4.3207,1.9862,0.6951,1.3,simulated
2026-06-10T15:48:10,4.2984,2.0028,0.7005,1.3,simulated
2026-06-10T15:48:20,4.1616,1.9829,0.7002,1.3,simulated
2026-06-10T15:48:30,4.0853,2.0235,0.6974,1.3,simulated
2026-06-10T15:48:40,4.0067,1.9715,0.6926,1.3,simulated
2026-06-10T15:48:50,4.1673,1.978,0.6941,1.3,simulated
2026-06-10T15:49:00,4.2307,1.9841,0.6974,1.3,simulated
2026-06-10T15:49:10,4.2606,1.9854,0.7011,1.3,simulated
2026-06-10T15:49:20,4.0859,2.0173,0.6982,1.3,simulated
2026-06-10T15:49:30,4.0946,2.0309,0.6961,1.3,simulated
2026-06-10T15:49:40,4.2892,2.0049,0.701,1.3,simulated
2026-06-10T15:49:50,4.4429,2.005,0.7101,1.3,simulated
2026-06-10T15:50:00,4.48,2.0294,0.7186,1.3,simulated
2026-06-10T15:50:10,4.2939,2.0055,0.7191,1.3,simulated
2026-06-10T15:50:20,4.0152,2.0303,0.7102,1.3,simulated
2026-06-10T15:50:30,3.9279,1.9996,0.7002,1.3,simulated
2026-06-10T15:50:40,3.6253,1.9882,0.6819,1.3,simulated
2026-06-10T15:50:50,3.6166,1.9567,0.6671,1.3,simulated
2026-06-10T15:51:00,3.6364,1.9528,0.6558,1.3,simulated
2026-06-10T15:51:10,3.7549,1.9265,0.6508,1.3,simulated
2026-06-10T15:51:20,3.4475,1.9368,0.6365,1.3,simulated
2026-06-10T15:51:30,3.6016,1.9436,0.6302,1.3,simulated
2026-06-10T15:51:40,3.4789,1.8933,0.6211,1.3,simulated
2026-06-10T15:51:50,3.8119,1.9098,0.6249,1.3,simulated
2026-06-10T15:52:00,3.9431,1.9253,0.6324,1.3,simulated
2026-06-10T15:52:10,3.9992,1.9357,0.6403,1.3,simulated
2026-06-10T15:52:20,3.8323,1.9397,0.641,1.3,simulated
2026-06-10T15:52:30,3.9029,1.9433,0.644,1.3,simulated
2026-06-10T15:52:40,3.9459,1.952,0.6477,1.3,simulated
2026-06-10T15:52:50,3.74,1.9433,0.6439,1.3,simulated
2026-06-10T15:53:00,3.6876,1.9138,0.639,1.3,simulated
2026-06-10T15:53:10,3.8422,1.945,0.6403,1.3,simulated
2026-06-10T15:53:20,3.7245,1.9554,0.6374,1.3,simulated
2026-06-10T15:53:30,3.635,1.9359,0.632,1.3,simulated
2026-06-10T15:53:40,3.6758,1.9025,0.6291,1.3,simulated
2026-06-10T15:53:50,3.4738,1.9235,0.62,1.3,simulated
2026-06-10T15:54:00,3.6726,1.9266,0.6194,1.3,simulated
2026-06-10T15:54:10,3.9504,1.9134,0.6283,1.3,simulated
2026-06-10T15:54:20,4.0053,1.9383,0.6372,1.3,simulated
2026-06-10T15:54:30,3.794,1.9564,0.6372,1.3,simulated
2026-06-10T15:54:40,3.5619,1.9537,0.6295,1.3,simulated
2026-06-10T15:54:50,3.627,1.9273,0.6254,1.3,simulated
2026-06-10T15:55:00,3.5869,1.9285,0.6209,1.3,simulated
2026-06-10T15:55:10,3.7086,1.9188,0.6213,1.3,simulated
2026-06-10T15:55:20,3.6117,1.9123,0.6184,1.3,simulated
2026-06-10T15:55:30,3.6877,1.9394,0.6186,1.3,simulated
2026-06-10T15:55:40,3.4323,1.9247,0.6102,1.3,simulated
2026-06-10T15:55:50,3.6471,1.92,0.6107,1.3,simulated
2026-06-10T15:56:00,3.8755,1.9109,0.6188,1.3,simulated
2026-06-10T15:56:10,3.8483,1.9464,0.6243,1.3,simulated
2026-06-10T15:56:20,3.907,1.9464,0.6307,1.3,simulated
2026-06-10T15:56:30,4.1035,1.9231,0.6425,1.3,simulated
2026-06-10T15:56:40,4.0018,1.9648,0.6484,1.3,simulated
2026-06-10T15:56:50,4.2007,1.9624,0.6599,1.3,simulated
2026-06-10T15:57:00,4.2179,1.9738,0.6696,1.3,simulated
2026-06-10T15:57:10,4.2896,1.9496,0.6798,1.3,simulated
2026-06-10T15:57:20,4.3482,1.968,0.69,1.3,simulated
2026-06-10T15:57:30,4.3888,2.0143,0.6994,1.3,simulated
2026-06-10T15:57:40,4.3441,1.994,0.7055,1.3,simulated
2026-06-10T15:57:50,4.1883,2.0173,0.7051,1.3,simulated
2026-06-10T15:58:00,4.0761,1.9812,0.7011,1.3,simulated
2026-06-10T15:58:10,3.9116,1.9702,0.6923,1.3,simulated
2026-06-10T15:58:20,3.8839,2.013,0.6843,1.3,simulated
2026-06-10T15:58:30,4.0574,1.9974,0.6838,1.3,simulated
2026-06-10T15:58:40,3.9903,1.9792,0.6811,1.3,simulated
2026-06-10T15:58:50,3.9136,1.9797,0.6764,1.3,simulated
2026-06-10T15:59:00,3.9693,1.9638,0.6745,1.3,simulated
2026-06-10T15:59:10,4.014,1.9798,0.6744,1.3,simulated
2026-06-10T15:59:20,4.0337,1.9928,0.6751,1.3,simulated
2026-06-10T15:59:30,3.9044,1.965,0.6713,1.3,simulated
2026-06-10T15:59:40,3.884,1.9748,0.6675,1.3,simulated
2026-06-10T15:59:50,3.9694,1.942,0.6674,1.3,simulated
2026-06-10T16:00:00,3.7806,1.988,0.6609,1.3,simulated
2026-06-10T16:00:10,3.698,1.9681,0.653,1.3,simulated
2026-06-10T16:00:20,3.7064,1.9465,0.6469,1.3,simulated
2026-06-10T16:00:30,3.7464,1.9384,0.6434,1.3,simulated
2026-06-10T16:00:40,3.8032,1.9637,0.6425,1.3,simulated
2026-06-10T16:00:50,3.621,1.9281,0.6357,1.3,simulated
2026-06-10T16:01:00,3.7523,1.9402,0.6346,1.3,simulated
2026-06-10T16:01:10,3.6884,1.9269,0.6316,1.3,simulated
2026-06-10T16:01:20,3.5678,1.9113,0.6252,1.3,simulated
2026-06-10T16:01:30,3.6169,1.9373,0.6217,1.3,simulated
2026-06-10T16:01:40,3.6087,1.9124,0.6186,1.3,simulated
2026-06-10T16:01:50,3.5363,1.9207,0.6137,1.3,simulated
2026-06-10T16:02:00,3.6536,1.9085,0.6137,1.3,simulated
2026-06-10T16:02:10,3.7585,1.9152,0.6173,1.3,simulated
2026-06-10T16:02:20,3.9169,1.9228,0.6254,1.3,simulated
2026-06-10T16:02:30,3.9666,1.9238,0.6336,1.3,simulated
2026-06-10T16:02:40,4.1016,1.9557,0.6447,1.3,simulated
2026-06-10T16:02:50,4.1101,1.9526,0.6539,1.3,simulated
2026-06-10T16:03:00,4.1706,1.9762,0.6632,1.3,simulated
2026-06-10T16:03:10,3.9513,1.9745,0.6633,1.3,simulated
2026-06-10T16:03:20,3.8185,1.9773,0.659,1.3,simulated
2026-06-10T16:03:30,3.6754,1.9433,0.6507,1.3,simulated
2026-06-10T16:03:40,3.7211,1.9555,0.6456,1.3,simulated
2026-06-10T16:03:50,3.5839,1.9343,0.6369,1.3,simulated
2026-06-10T16:04:00,3.8455,1.9384,0.6387,1.3,simulated
2026-06-10T16:04:10,4.0013,1.9347,0.6454,1.3,simulated
2026-06-10T16:04:20,4.0038,1.9437,0.6509,1.3,simulated
2026-06-10T16:04:30,3.7902,1.9575,0.648,1.3,simulated
2026-06-10T16:04:40,3.555,1.9327,0.6379,1.3,simulated
2026-06-10T16:04:50,3.6549,1.9222,0.6331,1.3,simulated
2026-06-10T16:05:00,3.834,1.948,0.6353,1.3,simulated
2026-06-10T16:05:10,3.9223,1.9454,0.64,1.3,simulated
2026-06-10T16:05:20,3.8445,1.9229,0.6412,1.3,simulated
2026-06-10T16:05:30,3.6356,1.9367,0.6351,1.3,simulated
2026-06-10T16:05:40,3.6412,1.9474,0.6304,1.3,simulated
2026-06-10T16:05:50,3.6528,1.9435,0.6271,1.3,simulated
2026-06-10T16:06:00,3.6906,1.9176,0.6257,1.3,simulated
2026-06-10T16:06:10,3.8364,1.9128,0.6294,1.3,simulated
2026-06-10T16:06:20,3.7938,1.9255,0.631,1.3,simulated
2026-06-10T16:06:30,3.7052,1.9495,0.6293,1.3,simulated
2026-06-10T16:06:40,3.7404,1.9403,0.6291,1.3,simulated
2026-06-10T16:06:50,3.5913,1.8896,0.624,1.3,simulated
2026-06-10T16:07:00,3.66,1.935,0.6222,1.3,simulated
2026-06-10T16:07:10,3.6237,1.8862,0.6195,1.3,simulated
2026-06-10T16:07:20,3.6546,1.9474,0.6184,1.3,simulated
2026-06-10T16:07:30,3.698,1.9316,0.619,1.3,simulated
2026-06-10T16:07:40,3.7418,1.915,0.6209,1.3,simulated
2026-06-10T16:07:50,3.6016,1.9193,0.6177,1.3,simulated
2026-06-10T16:08:00,3.5854,1.9246,0.6146,1.3,simulated
2026-06-10T16:08:10,3.689,1.9083,0.6157,1.3,simulated
2026-06-10T16:08:20,3.6162,1.921,0.614,1.3,simulated
2026-06-10T16:08:30,3.6809,1.913,0.6149,1.3,simulated
2026-06-10T16:08:40,3.6551,1.911,0.6147,1.3,simulated
2026-06-10T16:08:50,3.726,1.9399,0.617,1.3,simulated
2026-06-10T16:09:00,3.8008,1.8907,0.6213,1.3,simulated
2026-06-10T16:09:10,3.7061,1.9223,0.6216,1.3,simulated
2026-06-10T16:09:20,3.7131,1.9011,0.622,1.3,simulated
2026-06-10T16:09:30,3.6053,1.916,0.6187,1.3,simulated
2026-06-10T16:09:40,3.6587,1.9073,0.6179,1.3,simulated
2026-06-10T16:09:50,3.7934,1.96,0.6218,1.3,simulated
2026-06-10T16:10:00,3.9291,1.9217,0.6295,1.3,simulated
2026-06-10T16:10:10,4.179,1.9419,0.644,1.3,simulated
2026-06-10T16:10:20,4.1727,1.9461,0.6554,1.3,simulated
2026-06-10T16:10:30,4.1008,1.9754,0.6621,1.3,simulated
2026-06-10T16:10:40,4.0955,1.9596,0.6673,1.3,simulated
2026-06-10T16:10:50,3.9816,1.9578,0.6676,1.3,simulated
2026-06-10T16:11:00,4.0189,1.9972,0.6691,1.3,simulated
2026-06-10T16:11:10,3.9056,1.9782,0.6665,1.3,simulated
2026-06-10T16:11:20,3.8958,1.9682,0.6641,1.3,simulated
2026-06-10T16:11:30,3.905,1.9987,0.6625,1.3,simulated
2026-06-10T16:11:40,3.9829,1.9543,0.6638,1.3,simulated
2026-06-10T16:11:50,3.8925,1.9497,0.6619,1.3,simulated
2026-06-10T16:12:00,3.6758,1.9411,0.653,1.3,simulated
2026-06-10T16:12:10,3.7895,1.9678,0.6497,1.3,simulated
2026-06-10T16:12:20,3.9549,1.9434,0.6527,1.3,simulated
2026-06-10T16:12:30,4.048,1.976,0.6581,1.3,simulated
2026-06-10T16:12:40,4.1411,1.9562,0.6657,1.3,simulated
2026-06-10T16:12:50,4.1039,1.9432,0.6704,1.3,simulated
2026-06-10T16:13:00,4.1587,1.964,0.6761,1.3,simulated
2026-06-10T16:13:10,4.2239,1.9871,0.6828,1.3,simulated
2026-06-10T16:13:20,4.3202,2.0093,0.6914,1.3,simulated
2026-06-10T16:13:30,4.4641,2.0226,0.7031,1.3,simulated
2026-06-10T16:13:40,4.5219,2.0199,0.7144,1.3,simulated
2026-06-10T16:13:50,4.2585,2.0249,0.7146,1.3,simulated
2026-06-10T16:14:00,4.1826,1.9726,0.7122,1.3,simulated
2026-06-10T16:14:10,4.2108,2.0152,0.7113,1.3,simulated
2026-06-10T16:14:20,4.4011,2.0175,0.7169,1.3,simulated
2026-06-10T16:14:30,4.3366,2.0146,0.7192,1.3,simulated
2026-06-10T16:14:40,4.3634,2.012,0.722,1.3,simulated
2026-06-10T16:14:50,4.3038,2.0354,0.7222,1.3,simulated
2026-06-10T16:15:00,4.2281,2.0369,0.7198,1.3,simulated
2026-06-10T16:15:10,4.3811,2.0525,0.7231,1.3,simulated
2026-06-10T16:15:20,4.2677,2.0189,0.7218,1.3,simulated
2026-06-10T16:15:30,4.4514,2.0151,0.727,1.3,simulated
2026-06-10T16:15:40,4.6765,2.067,0.7388,1.3,simulated
2026-06-10T16:15:50,4.6968,2.044,0.7488,1.3,simulated
2026-06-10T16:16:00,4.541,2.0438,0.7516,1.3,simulated
2026-06-10T16:16:10,4.6318,2.0361,0.7569,1.3,simulated
2026-06-10T16:16:20,4.8657,2.0753,0.769,1.3,simulated
2026-06-10T16:16:30,4.8474,2.0872,0.7781,1.3,simulated
2026-06-10T16:16:40,4.9131,2.1002,0.7876,1.3,simulated
2026-06-10T16:16:50,4.9596,2.1,0.7967,1.3,simulated
2026-06-10T16:17:00,4.8463,2.1083,0.8002,1.3,simulated
2026-06-10T16:17:10,4.7886,2.1094,0.801,1.3,simulated
2026-06-10T16:17:20,4.6962,2.1063,0.7986,1.3,simulated
2026-06-10T16:17:30,4.7917,2.1176,0.7999,1.3,simulated
2026-06-10T16:17:40,4.686,2.1102,0.7974,1.3,simulated
2026-06-10T16:17:50,4.5525,2.0937,0.7909,1.3,simulated
2026-06-10T16:18:00,4.3191,2.0698,0.7778,1.3,simulated
2026-06-10T16:18:10,4.3321,2.0799,0.7678,1.3,simulated
2026-06-10T16:18:20,4.3281,2.051,0.7597,1.3,simulated
2026-06-10T16:18:30,4.3764,2.0526,0.7548,1.3,simulated
2026-06-10T16:18:40,4.4061,2.0411,0.7519,1.3,simulated
2026-06-10T16:18:50,4.4133,2.0818,0.7498,1.3,simulated
2026-06-10T16:19:00,4.4633,2.0352,0.7498,1.3,simulated
2026-06-10T16:19:10,4.4951,2.0608,0.7509,1.3,simulated
2026-06-10T16:19:20,4.3103,2.0557,0.7455,1.3,simulated
2026-06-10T16:19:30,4.592,2.0639,0.7507,1.3,simulated
2026-06-10T16:19:40,4.3331,2.0456,0.7462,1.3,simulated
2026-06-10T16:19:50,4.1956,2.0392,0.7379,1.3,simulated
2026-06-10T16:20:00,4.0235,2.0226,0.7255,1.3,simulated
2026-06-10T16:20:10,4.1089,1.9777,0.7185,1.3,simulated
2026-06-10T16:20:20,4.369,2.0101,0.7216,1.3,simulated
2026-06-10T16:20:30,4.4086,2.0458,0.7254,1.3,simulated
2026-06-10T16:20:40,4.4136,2.0164,0.7286,1.3,simulated
2026-06-10T16:20:50,4.468,2.035,0.733,1.3,simulated
2026-06-10T16:21:00,4.4652,2.076,0.7364,1.3,simulated
2026-06-10T16:21:10,4.3706,2.0215,0.736,1.3,simulated
2026-06-10T16:21:20,4.2379,2.0236,0.7312,1.3,simulated
2026-06-10T16:21:30,4.2376,2.0236,0.7273,1.3,simulated
2026-06-10T16:21:40,4.1045,1.9898,0.7198,1.3,simulated
2026-06-10T16:21:50,4.0353,1.9984,0.7114,1.3,simulated
2026-06-10T16:22:00,3.9735,1.9812,0.7026,1.3,simulated
2026-06-10T16:22:10,3.9571,2.0032,0.6951,1.3,simulated
2026-06-10T16:22:20,4.0599,1.9888,0.6925,1.3,simulated
2026-06-10T16:22:30,4.0047,1.9565,0.6885,1.3,simulated
2026-06-10T16:22:40,4.0551,1.9992,0.6871,1.3,simulated
2026-06-10T16:22:50,3.917,1.9959,0.6813,1.3,simulated
2026-06-10T16:23:00,3.8648,1.9695,0.6749,1.3,simulated
2026-06-10T16:23:10,3.7719,1.9808,0.6666,1.3,simulated
2026-06-10T16:23:20,3.6645,1.9652,0.6564,1.3,simulated
2026-06-10T16:23:30,3.8154,1.9396,0.6533,1.3,simulated
2026-06-10T16:23:40,3.8444,1.9561,0.6518,1.3,simulated
2026-06-10T16:23:50,3.989,1.9583,0.6555,1.3,simulated
2026-06-10T16:24:00,3.9176,1.9435,0.656,1.3,simulated
2026-06-10T16:24:10,4.1654,1.9494,0.6648,1.3,simulated
2026-06-10T16:24:20,4.2089,1.9794,0.6732,1.3,simulated
2026-06-10T16:24:30,4.1933,2.0141,0.6795,1.3,simulated
2026-06-10T16:24:40,3.9456,1.9756,0.6762,1.3,simulated
2026-06-10T16:24:50,4.1269,1.9828,0.6796,1.3,simulated
2026-06-10T16:25:00,4.168,1.9679,0.6837,1.3,simulated
2026-06-10T16:25:10,4.0849,1.9803,0.6842,1.3,simulated
2026-06-10T16:25:20,3.9777,1.978,0.681,1.3,simulated
2026-06-10T16:25:30,4.1133,1.9774,0.683,1.3,simulated
2026-06-10T16:25:40,3.8861,1.9672,0.677,1.3,simulated
2026-06-10T16:25:50,3.8566,1.9705,0.6712,1.3,simulated
2026-06-10T16:26:00,4.0092,1.9632,0.6717,1.3,simulated
2026-06-10T16:26:10,3.9586,1.989,0.6703,1.3,simulated
2026-06-10T16:26:20,4.0503,2.0031,0.6724,1.3,simulated
2026-06-10T16:26:30,4.2008,1.9676,0.679,1.3,simulated
2026-06-10T16:26:40,4.1912,1.9786,0.6841,1.3,simulated
2026-06-10T16:26:50,4.1099,1.9918,0.6853,1.3,simulated
2026-06-10T16:27:00,4.1679,1.9971,0.6883,1.3,simulated
2026-06-10T16:27:10,4.081,1.9763,0.6878,1.3,simulated
2026-06-10T16:27:20,3.9996,1.976,0.6846,1.3,simulated
2026-06-10T16:27:30,4.257,1.9995,0.6907,1.3,simulated
2026-06-10T16:27:40,4.1779,1.9684,0.693,1.3,simulated
2026-06-10T16:27:50,4.1825,2.0281,0.6949,1.3,simulated
2026-06-10T16:28:00,3.9957,1.9947,0.6902,1.3,simulated
2026-06-10T16:28:10,3.9588,1.9806,0.6852,1.3,simulated
2026-06-10T16:28:20,4.0031,1.9804,0.6826,1.3,simulated
2026-06-10T16:28:30,3.9919,1.9641,0.6802,1.3,simulated
2026-06-10T16:28:40,4.0858,2.0085,0.6815,1.3,simulated
2026-06-10T16:28:50,3.8905,1.9746,0.6759,1.3,simulated
2026-06-10T16:29:00,3.9064,1.9654,0.672,1.3,simulated
2026-06-10T16:29:10,4.1305,2.0027,0.6764,1.3,simulated
2026-06-10T16:29:20,4.2065,1.9979,0.6824,1.3,simulated
2026-06-10T16:29:30,4.4183,1.9915,0.6944,1.3,simulated
2026-06-10T16:29:40,4.3541,2.0084,0.7018,1.3,simulated
2026-06-10T16:29:50,4.5969,2.0109,0.7159,1.3,simulated
2026-06-10T16:30:00,4.6345,2.023,0.7284,1.3,simulated
2026-06-10T16:30:10,4.5782,2.0333,0.7366,1.3,simulated
2026-06-10T16:30:20,4.5505,2.0466,0.7422,1.3,simulated
2026-06-10T16:30:30,4.5046,2.0615,0.7451,1.3,simulated
2026-06-10T16:30:40,4.62,2.081,0.7513,1.3,simulated
2026-06-10T16:30:50,4.6947,2.0262,0.7588,1.3,simulated
2026-06-10T16:31:00,4.6405,2.0978,0.7629,1.3,simulated
2026-06-10T16:31:10,4.67,2.0826,0.7673,1.3,simulated
2026-06-10T16:31:20,4.9505,2.0804,0.7802,1.3,simulated
2026-06-10T16:31:30,5.0517,2.0874,0.7939,1.3,simulated
2026-06-10T16:31:40,4.9477,2.0733,0.8013,1.3,simulated
2026-06-10T16:31:50,5.2683,2.136,0.8181,1.3,simulated
2026-06-10T16:32:00,5.3113,2.1165,0.8329,1.3,simulated
2026-06-10T16:32:10,5.337,2.1554,0.8457,1.3,simulated
2026-06-10T16:32:20,5.1901,2.1447,0.8509,1.3,simulated
2026-06-10T16:32:30,4.9231,2.1218,0.8462,1.3,simulated
2026-06-10T16:32:40,5.2234,2.1587,0.8524,1.3,simulated
2026-06-10T16:32:50,5.4241,2.1715,0.8642,1.3,simulated
2026-06-10T16:33:00,5.1891,2.1517,0.8657,1.3,simulated
2026-06-10T16:33:10,5.3213,2.1843,0.8714,1.3,simulated
2026-06-10T16:33:20,5.3826,2.205,0.8779,1.3,simulated
2026-06-10T16:33:30,5.2835,2.1872,0.8799,1.3,simulated
2026-06-10T16:33:40,5.1815,2.1845,0.878,1.3,simulated
2026-06-10T16:33:50,5.3194,2.1701,0.8811,1.3,simulated
2026-06-10T16:34:00,5.1232,2.1615,0.877,1.3,simulated
2026-06-10T16:34:10,5.0607,2.1656,0.8717,1.3,simulated
2026-06-10T16:34:20,5.0577,2.1683,0.8673,1.3,simulated
2026-06-10T16:34:30,5.0336,2.1631,0.863,1.3,simulated
2026-06-10T16:34:40,4.8148,2.1492,0.8521,1.3,simulated
2026-06-10T16:34:50,4.7793,2.1797,0.8423,1.3,simulated
2026-06-10T16:35:00,4.7783,2.143,0.8344,1.3,simulated
2026-06-10T16:35:10,4.5468,2.1056,0.8203,1.3,simulated
2026-06-10T16:35:20,4.4119,2.0865,0.8045,1.3,simulated
2026-06-10T16:35:30,4.4977,2.0686,0.7947,1.3,simulated
2026-06-10T16:35:40,4.3388,2.0664,0.7815,1.3,simulated
2026-06-10T16:35:50,4.2223,2.0758,0.7671,1.3,simulated
2026-06-10T16:36:00,4.1556,2.049,0.7533,1.3,simulated
2026-06-10T16:36:10,4.1192,2.0307,0.7411,1.3,simulated
2026-06-10T16:36:20,3.9868,2.0356,0.7268,1.3,simulated
2026-06-10T16:36:30,3.7484,2.0156,0.7074,1.3,simulated
2026-06-10T16:36:40,3.7568,1.9977,0.6921,1.3,simulated
2026-06-10T16:36:50,3.6536,1.9763,0.6765,1.3,simulated
2026-06-10T16:37:00,3.5347,1.9594,0.6599,1.3,simulated
2026-06-10T16:37:10,3.4904,1.9255,0.6452,1.3,simulated
2026-06-10T16:37:20,3.3656,1.9016,0.6293,1.3,simulated
2026-06-10T16:37:30,3.2411,1.9002,0.6123,1.3,simulated
2026-06-10T16:37:40,3.2538,1.8874,0.5992,1.3,simulated
2026-06-10T16:37:50,3.2798,1.8773,0.5895,1.3,simulated
2026-06-10T16:38:00,3.5134,1.8871,0.5897,1.3,simulated
2026-06-10T16:38:10,3.4302,1.8799,0.587,1.3,simulated
2026-06-10T16:38:20,3.4536,1.8661,0.5856,1.3,simulated
2026-06-10T16:38:30,3.7117,1.8917,0.5932,1.3,simulated
2026-06-10T16:38:40,3.7273,1.9049,0.5998,1.3,simulated
2026-06-10T16:38:50,3.8768,1.9027,0.6101,1.3,simulated
2026-06-10T16:39:00,3.9805,1.9341,0.6218,1.3,simulated
2026-06-10T16:39:10,3.9759,1.9358,0.6311,1.3,simulated
2026-06-10T16:39:20,3.9976,1.945,0.6392,1.3,simulated
2026-06-10T16:39:30,3.8417,1.9348,0.6404,1.3,simulated
2026-06-10T16:39:40,3.7163,1.9434,0.6372,1.3,simulated
2026-06-10T16:39:50,3.9176,1.9516,0.6414,1.3,simulated
2026-06-10T16:40:00,3.8348,1.913,0.642,1.3,simulated
2026-06-10T16:40:10,3.9927,1.9637,0.6477,1.3,simulated
2026-06-10T16:40:20,4.026,1.9458,0.6535,1.3,simulated
2026-06-10T16:40:30,4.2572,1.9756,0.6658,1.3,simulated
2026-06-10T16:40:40,4.175,1.9383,0.6729,1.3,simulated
2026-06-10T16:40:50,4.0831,1.969,0.6755,1.3,simulated
2026-06-10T16:41:00,4.0063,1.9496,0.675,1.3,simulated
2026-06-10T16:41:10,4.0719,1.9746,0.6768,1.3,simulated
2026-06-10T16:41:20,4.1597,1.984,0.6812,1.3,simulated
2026-06-10T16:41:30,3.9022,1.9822,0.6761,1.3,simulated
2026-06-10T16:41:40,3.8802,1.9716,0.6713,1.3,simulated
2026-06-10T16:41:50,3.9407,1.9506,0.6694,1.3,simulated
2026-06-10T16:42:00,3.8944,1.9859,0.6664,1.3,simulated
2026-06-10T16:42:10,3.7472,1.9388,0.659,1.3,simulated
2026-06-10T16:42:20,3.6053,1.9433,0.6483,1.3,simulated
2026-06-10T16:42:30,3.7403,1.9327,0.6444,1.3,simulated
2026-06-10T16:42:40,3.5444,1.9255,0.6346,1.3,simulated
2026-06-10T16:42:50,3.4194,1.9015,0.6226,1.3,simulated
2026-06-10T16:43:00,3.4157,1.9291,0.6128,1.3,simulated
2026-06-10T16:43:10,3.2942,1.9121,0.6009,1.3,simulated
2026-06-10T16:43:20,3.5781,1.902,0.601,1.3,simulated
2026-06-10T16:43:30,3.7886,1.9059,0.6081,1.3,simulated
2026-06-10T16:43:40,3.7549,1.8982,0.6126,1.3,simulated
2026-06-10T16:43:50,3.9234,1.9203,0.6219,1.3,simulated
2026-06-10T16:44:00,3.8935,1.9147,0.6284,1.3,simulated
2026-06-10T16:44:10,3.9116,1.9354,0.6341,1.3,simulated
2026-06-10T16:44:20,3.8943,1.944,0.6381,1.3,simulated
2026-06-10T16:44:30,4.0439,1.9427,0.6464,1.3,simulated
2026-06-10T16:44:40,4.0443,1.959,0.653,1.3,simulated
2026-06-10T16:44:50,4.1315,1.97,0.6612,1.3,simulated
2026-06-10T16:45:00,4.2181,1.9828,0.6707,1.3,simulated
2026-06-10T16:45:10,4.2145,2.0078,0.6782,1.3,simulated
2026-06-10T16:45:20,4.2716,1.9646,0.6861,1.3,simulated
2026-06-10T16:45:30,4.1479,1.9697,0.6882,1.3,simulated
2026-06-10T16:45:40,3.9338,1.9645,0.6828,1.3,simulated
2026-06-10T16:45:50,4.0641,1.9798,0.6828,1.3,simulated
2026-06-10T16:46:00,4.3269,1.9677,0.6916,1.3,simulated
2026-06-10T16:46:10,4.0866,1.9826,0.6906,1.3,simulated
2026-06-10T16:46:20,4.3062,2.0097,0.6972,1.3,simulated
2026-06-10T16:46:30,4.2654,2.012,0.701,1.3,simulated
2026-06-10T16:46:40,4.4899,2.0363,0.7117,1.3,simulated
2026-06-10T16:46:50,4.2928,2.0264,0.7136,1.3,simulated
2026-06-10T16:47:00,4.343,2.032,0.7168,1.3,simulated
2026-06-10T16:47:10,4.3084,2.0103,0.7182,1.3,simulated
2026-06-10T16:47:20,4.296,2.0135,0.7189,1.3,simulated
2026-06-10T16:47:30,4.4365,2.0374,0.7242,1.3,simulated
2026-06-10T16:47:40,4.4464,2.0416,0.7288,1.3,simulated
2026-06-10T16:47:50,4.2788,1.998,0.7268,1.3,simulated
2026-06-10T16:48:00,4.3248,2.0059,0.7267,1.3,simulated
2026-06-10T16:48:10,4.1492,2.0061,0.7208,1.3,simulated
2026-06-10T16:48:20,4.0444,1.9996,0.7125,1.3,simulated
2026-06-10T16:48:30,3.9167,2.0214,0.7016,1.3,simulated
2026-06-10T16:48:40,3.8839,2.0189,0.6918,1.3,simulated
2026-06-10T16:48:50,3.8711,1.9885,0.6835,1.3,simulated
2026-06-10T16:49:00,3.5928,1.9726,0.6675,1.3,simulated
2026-06-10T16:49:10,3.7339,1.9886,0.6595,1.3,simulated
2026-06-10T16:49:20,3.7071,1.9589,0.6521,1.3,simulated
2026-06-10T16:49:30,3.7061,1.9546,0.6462,1.3,simulated
2026-06-10T16:49:40,3.8341,1.9514,0.6458,1.3,simulated
2026-06-10T16:49:50,3.994,1.9565,0.6509,1.3,simulated
2026-06-10T16:50:00,3.7196,1.9659,0.6457,1.3,simulated
2026-06-10T16:50:10,3.6049,1.9485,0.6377,1.3,simulated
2026-06-10T16:50:20,3.4299,1.9266,0.6254,1.3,simulated
2026-06-10T16:50:30,3.4696,1.911,0.6169,1.3,simulated
2026-06-10T16:50:40,3.5259,1.9159,0.612,1.3,simulated
2026-06-10T16:50:50,3.6835,1.8884,0.6133,1.3,simulated
2026-06-10T16:51:00,3.6206,1.9192,0.6123,1.3,simulated
2026-06-10T16:51:10,3.7816,1.9188,0.6169,1.3,simulated
2026-06-10T16:51:20,3.8885,1.929,0.6242,1.3,simulated
2026-06-10T16:51:30,4.0167,1.917,0.6343,1.3,simulated
2026-06-10T16:51:40,4.1871,1.9552,0.6481,1.3,simulated
2026-06-10T16:51:50,4.1851,1.9619,0.6591,1.3,simulated
2026-06-10T16:52:00,4.4271,1.9759,0.6761,1.3,simulated
2026-06-10T16:52:10,4.6407,2.0023,0.6968,1.3,simulated
2026-06-10T16:52:20,4.5837,1.999,0.7114,1.3,simulated
2026-06-10T16:52:30,4.3531,1.9936,0.7154,1.3,simulated
2026-06-10T16:52:40,4.3398,2.025,0.7181,1.3,simulated
2026-06-10T16:52:50,4.2443,1.9841,0.7171,1.3,simulated
2026-06-10T16:53:00,4.1691,2.0227,0.7138,1.3,simulated
2026-06-10T16:53:10,4.1626,2.0419,0.7109,1.3,simulated
2026-06-10T16:53:20,3.8819,2.0047,0.6991,1.3,simulated
2026-06-10T16:53:30,3.751,1.9982,0.6853,1.3,simulated
2026-06-10T16:53:40,3.7409,1.9984,0.674,1.3,simulated
2026-06-10T16:53:50,3.6894,1.9788,0.6631,1.3,simulated
2026-06-10T16:54:00,3.5847,1.9851,0.651,1.3,simulated
2026-06-10T16:54:10,3.7602,1.934,0.6471,1.3,simulated
2026-06-10T16:54:20,3.8228,1.941,0.6461,1.3,simulated
2026-06-10T16:54:30,3.9477,1.9568,0.6496,1.3,simulated
2026-06-10T16:54:40,3.874,1.9256,0.6498,1.3,simulated
2026-06-10T16:54:50,3.7958,1.9473,0.6474,1.3,simulated
2026-06-10T16:55:00,3.9752,1.9525,0.6515,1.3,simulated
2026-06-10T16:55:10,3.9983,1.975,0.6555,1.3,simulated
2026-06-10T16:55:20,3.9453,1.973,0.657,1.3,simulated
2026-06-10T16:55:30,4.0024,1.9716,0.6601,1.3,simulated
2026-06-10T16:55:40,4.1254,1.9771,0.6667,1.3,simulated
2026-06-10T16:55:50,4.1227,1.9728,0.6719,1.3,simulated
2026-06-10T16:56:00,3.8884,1.9725,0.6681,1.3,simulated
2026-06-10T16:56:10,3.798,1.9735,0.6621,1.3,simulated
2026-06-10T16:56:20,3.7507,1.9709,0.6557,1.3,simulated
2026-06-10T16:56:30,3.7086,1.9384,0.6492,1.3,simulated
2026-06-10T16:56:40,3.9147,1.9576,0.6509,1.3,simulated
2026-06-10T16:56:50,3.7203,1.9446,0.6457,1.3,simulated
2026-06-10T16:57:00,3.8862,1.9511,0.6471,1.3,simulated
2026-06-10T16:57:10,3.7685,1.9617,0.6443,1.3,simulated
2026-06-10T16:57:20,3.9173,1.9433,0.6471,1.3,simulated
2026-06-10T16:57:30,4.1074,1.9419,0.6557,1.3,simulated
2026-06-10T16:57:40,3.796,1.9384,0.6521,1.3,simulated
2026-06-10T16:57:50,3.7325,1.9385,0.6471,1.3,simulated
2026-06-10T16:58:00,3.7067,1.9514,0.6422,1.3,simulated
2026-06-10T16:58:10,3.8174,1.9396,0.642,1.3,simulated
2026-06-10T16:58:20,3.56,1.9243,0.6332,1.3,simulated
2026-06-10T16:58:30,3.5509,1.9375,0.6259,1.3,simulated
2026-06-10T16:58:40,3.8542,1.9326,0.6302,1.3,simulated
2026-06-10T16:58:50,3.8568,1.9443,0.6338,1.3,simulated
2026-06-10T16:59:00,3.7455,1.9658,0.6329,1.3,simulated
2026-06-10T16:59:10,3.7214,1.9596,0.6313,1.3,simulated
2026-06-10T16:59:20,3.6283,1.9322,0.627,1.3,simulated
2026-06-10T16:59:30,3.6088,1.9279,0.6228,1.3,simulated
2026-06-10T16:59:40,3.6616,1.938,0.6213,1.3,simulated
2026-06-10T16:59:50,3.605,1.9373,0.6182,1.3,simulated
2026-06-10T17:00:00,3.8687,1.9192,0.6245,1.3,simulated
2026-06-10T17:00:10,3.7343,1.9067,0.6251,1.3,simulated
2026-06-10T17:00:20,3.6847,1.9368,0.6239,1.3,simulated
2026-06-10T17:00:30,3.47,1.9191,0.6157,1.3,simulated
2026-06-10T17:00:40,3.4396,1.9173,0.6081,1.3,simulated
2026-06-10T17:00:50,3.3736,1.908,0.5999,1.3,simulated
2026-06-10T17:01:00,3.2823,1.8797,0.5902,1.3,simulated
2026-06-10T17:01:10,3.2932,1.8751,0.5828,1.3,simulated
2026-06-10T17:01:20,3.2703,1.8922,0.5761,1.3,simulated
2026-06-10T17:01:30,3.43,1.8737,0.5761,1.3,simulated
2026-06-10T17:01:40,3.3389,1.8614,0.5731,1.3,simulated
2026-06-10T17:01:50,3.4316,1.8697,0.5738,1.3,simulated
2026-06-10T17:02:00,3.5873,1.8855,0.5796,1.3,simulated
2026-06-10T17:02:10,3.7057,1.8805,0.5882,1.3,simulated
2026-06-10T17:02:20,3.9347,1.9288,0.6027,1.3,simulated
2026-06-10T17:02:30,3.9276,1.9263,0.6142,1.3,simulated
2026-06-10T17:02:40,3.8953,1.8998,0.6222,1.3,simulated
2026-06-10T17:02:50,3.8942,1.9321,0.6286,1.3,simulated
2026-06-10T17:03:00,3.6707,1.9498,0.6262,1.3,simulated
2026-06-10T17:03:10,3.5469,1.9696,0.6202,1.3,simulated
2026-06-10T17:03:20,3.5592,1.9086,0.6157,1.3,simulated
2026-06-10T17:03:30,3.427,1.9081,0.6077,1.3,simulated
2026-06-10T17:03:40,3.5777,1.886,0.6064,1.3,simulated
2026-06-10T17:03:50,3.8974,1.9244,0.6161,1.3,simulated
2026-06-10T17:04:00,4.0461,1.936,0.6288,1.3,simulated
2026-06-10T17:04:10,3.8979,1.9383,0.634,1.3,simulated
2026-06-10T17:04:20,3.7696,1.9176,0.6339,1.3,simulated
2026-06-10T17:04:30,3.9217,1.9506,0.6389,1.3,simulated
2026-06-10T17:04:40,4.1766,1.9788,0.6514,1.3,simulated
2026-06-10T17:04:50,4.0861,1.9788,0.6584,1.3,simulated
2026-06-10T17:05:00,4.1063,1.9702,0.6647,1.3,simulated
2026-06-10T17:05:10,4.1825,1.9715,0.6723,1.3,simulated
2026-06-10T17:05:20,4.2483,1.9941,0.6806,1.3,simulated
2026-06-10T17:05:30,4.1959,1.9833,0.6855,1.3,simulated
2026-06-10T17:05:40,4.2788,1.9542,0.6921,1.3,simulated
2026-06-10T17:05:50,4.2676,1.9713,0.6971,1.3,simulated
2026-06-10T17:06:00,4.6211,2.0335,0.7129,1.3,simulated
2026-06-10T17:06:10,4.554,2.0433,0.7234,1.3,simulated
2026-06-10T17:06:20,4.5461,2.0296,0.7314,1.3,simulated
2026-06-10T17:06:30,4.4866,2.0239,0.7359,1.3,simulated
2026-06-10T17:06:40,4.3357,2.0299,0.7344,1.3,simulated
2026-06-10T17:06:50,4.0936,2.0058,0.7251,1.3,simulated
2026-06-10T17:07:00,4.2039,2.0175,0.7213,1.3,simulated
2026-06-10T17:07:10,4.0612,2.0397,0.7135,1.3,simulated
2026-06-10T17:07:20,4.0498,1.9975,0.7069,1.3,simulated
2026-06-10T17:07:30,3.9479,1.9862,0.6982,1.3,simulated
2026-06-10T17:07:40,3.8641,1.9682,0.6884,1.3,simulated
2026-06-10T17:07:50,3.923,1.9856,0.6825,1.3,simulated
2026-06-10T17:08:00,3.7581,1.958,0.6723,1.3,simulated
2026-06-10T17:08:10,3.7827,1.9747,0.6649,1.3,simulated
2026-06-10T17:08:20,3.7481,1.9532,0.6579,1.3,simulated
2026-06-10T17:08:30,3.632,1.9736,0.6483,1.3,simulated
2026-06-10T17:08:40,3.6103,1.9488,0.64,1.3,simulated
2026-06-10T17:08:50,3.5827,1.9395,0.6324,1.3,simulated
2026-06-10T17:09:00,3.6488,1.9074,0.6285,1.3,simulated
2026-06-10T17:09:10,3.7681,1.9298,0.6294,1.3,simulated
2026-06-10T17:09:20,3.6582,1.931,0.6264,1.3,simulated
2026-06-10T17:09:30,3.4133,1.921,0.6158,1.3,simulated
2026-06-10T17:09:40,3.4075,1.9125,0.6072,1.3,simulated
2026-06-10T17:09:50,3.5957,1.9084,0.6065,1.3,simulated
2026-06-10T17:10:00,3.7306,1.8931,0.6106,1.3,simulated
2026-06-10T17:10:10,3.5114,1.8703,0.6065,1.3,simulated
2026-06-10T17:10:20,3.4706,1.885,0.6018,1.3,simulated
2026-06-10T17:10:30,3.4979,1.9142,0.5989,1.3,simulated
2026-06-10T17:10:40,3.5927,1.9119,0.5999,1.3,simulated
2026-06-10T17:10:50,3.6702,1.9204,0.6032,1.3,simulated
2026-06-10T17:11:00,3.7045,1.912,0.607,1.3,simulated
2026-06-10T17:11:10,3.4934,1.9064,0.603,1.3,simulated
2026-06-10T17:11:20,3.4546,1.8987,0.5985,1.3,simulated
2026-06-10T17:11:30,3.5081,1.871,0.5967,1.3,simulated
2026-06-10T17:11:40,3.7277,1.9053,0.6026,1.3,simulated
2026-06-10T17:11:50,3.655,1.8952,0.6049,1.3,simulated
2026-06-10T17:12:00,3.6051,1.8959,0.605,1.3,simulated
2026-06-10T17:12:10,3.7724,1.896,0.6108,1.3,simulated
2026-06-10T17:12:20,4.0525,1.9238,0.6248,1.3,simulated
2026-06-10T17:12:30,3.9633,1.9467,0.633,1.3,simulated
2026-06-10T17:12:40,3.8883,1.949,0.637,1.3,simulated
2026-06-10T17:12:50,3.7959,1.9226,0.6372,1.3,simulated
2026-06-10T17:13:00,3.8795,1.9437,0.6401,1.3,simulated
2026-06-10T17:13:10,3.9165,1.9426,0.6437,1.3,simulated
2026-06-10T17:13:20,3.686,1.9086,0.6388,1.3,simulated
2026-06-10T17:13:30,3.7966,1.9527,0.6386,1.3,simulated
2026-06-10T17:13:40,3.6498,1.9238,0.6335,1.3,simulated
2026-06-10T17:13:50,3.6389,1.9378,0.6291,1.3,simulated
2026-06-10T17:14:00,3.8349,1.9202,0.6321,1.3,simulated
2026-06-10T17:14:10,3.9094,1.9487,0.637,1.3,simulated
2026-06-10T17:14:20,3.8579,1.958,0.6393,1.3,simulated
2026-06-10T17:14:30,3.8133,1.9435,0.6395,1.3,simulated
2026-06-10T17:14:40,3.8589,1.9494,0.6413,1.3,simulated
2026-06-10T17:14:50,3.9119,1.9347,0.6445,1.3,simulated
2026-06-10T17:15:00,3.7047,1.9353,0.6401,1.3,simulated
2026-06-10T17:15:10,3.6315,1.9173,0.6341,1.3,simulated
2026-06-10T17:15:20,3.6779,1.9466,0.6308,1.3,simulated
2026-06-10T17:15:30,3.8676,1.9524,0.6346,1.3,simulated
2026-06-10T17:15:40,3.7111,1.9252,0.6324,1.3,simulated
2026-06-10T17:15:50,3.5044,1.9242,0.6237,1.3,simulated
2026-06-10T17:16:00,3.4941,1.9063,0.6163,1.3,simulated
2026-06-10T17:16:10,3.6888,1.8974,0.617,1.3,simulated
2026-06-10T17:16:20,3.6339,1.908,0.6157,1.3,simulated
2026-06-10T17:16:30,3.4951,1.892,0.61,1.3,simulated
2026-06-10T17:16:40,3.251,1.8681,0.5972,1.3,simulated
2026-06-10T17:16:50,3.3667,1.8953,0.5909,1.3,simulated
2026-06-10T17:17:00,3.3538,1.8705,0.5854,1.3,simulated
2026-06-10T17:17:10,3.4399,1.8833,0.5839,1.3,simulated
2026-06-10T17:17:20,3.9278,1.8592,0.5991,1.3,simulated
2026-06-10T17:17:30,3.8357,1.9095,0.6082,1.3,simulated
2026-06-10T17:17:40,4.0682,1.9128,0.6232,1.3,simulated
2026-06-10T17:17:50,4.0944,1.9268,0.6362,1.3,simulated
2026-06-10T17:18:00,4.0516,1.9581,0.6451,1.3,simulated
2026-06-10T17:18:10,3.8976,1.9452,0.647,1.3,simulated
2026-06-10T17:18:20,3.9653,1.9553,0.6508,1.3,simulated
2026-06-10T17:18:30,3.8686,1.9515,0.6507,1.3,simulated
2026-06-10T17:18:40,3.6985,1.952,0.6448,1.3,simulated
2026-06-10T17:18:50,3.814,1.9321,0.644,1.3,simulated
2026-06-10T17:19:00,3.7506,1.941,0.6412,1.3,simulated
2026-06-10T17:19:10,3.8471,1.9387,0.6422,1.3,simulated
2026-06-10T17:19:20,3.8786,1.9547,0.6441,1.3,simulated
2026-06-10T17:19:30,3.9688,1.94,0.6486,1.3,simulated
2026-06-10T17:19:40,4.0989,1.9679,0.6566,1.3,simulated
2026-06-10T17:19:50,3.9631,1.9664,0.6585,1.3,simulated
2026-06-10T17:20:00,3.7622,1.9445,0.6532,1.3,simulated
2026-06-10T17:20:10,3.7108,1.9581,0.6472,1.3,simulated
2026-06-10T17:20:20,3.7409,1.9375,0.6435,1.3,simulated
2026-06-10T17:20:30,3.821,1.9336,0.6432,1.3,simulated
2026-06-10T17:20:40,3.7565,1.9287,0.6408,1.3,simulated
2026-06-10T17:20:50,3.9934,1.9307,0.6468,1.3,simulated
2026-06-10T17:21:00,4.0768,1.9591,0.6544,1.3,simulated
2026-06-10T17:21:10,4.1004,1.9583,0.6613,1.3,simulated
2026-06-10T17:21:20,3.9826,1.9582,0.6629,1.3,simulated
2026-06-10T17:21:30,4.0838,1.9803,0.6675,1.3,simulated
2026-06-10T17:21:40,4.037,1.9829,0.6696,1.3,simulated
2026-06-10T17:21:50,3.9193,1.9691,0.6674,1.3,simulated
2026-06-10T17:22:00,3.9193,1.9366,0.6656,1.3,simulated
2026-06-10T17:22:10,3.7624,1.9662,0.6589,1.3,simulated
2026-06-10T17:22:20,3.7908,1.9251,0.6545,1.3,simulated
2026-06-10T17:22:30,3.7199,1.9352,0.6486,1.3,simulated
2026-06-10T17:22:40,3.7786,1.9434,0.6458,1.3,simulated
2026-06-10T17:22:50,3.7409,1.9654,0.6424,1.3,simulated
2026-06-10T17:23:00,3.9109,1.9081,0.6453,1.3,simulated
2026-06-10T17:23:10,3.8451,1.9225,0.6454,1.3,simulated
2026-06-10T17:23:20,3.7545,1.9318,0.6425,1.3,simulated
2026-06-10T17:23:30,3.5702,1.9443,0.634,1.3,simulated
2026-06-10T17:23:40,3.6184,1.9043,0.6287,1.3,simulated
2026-06-10T17:23:50,3.6061,1.9122,0.6242,1.3,simulated
2026-06-10T17:24:00,3.6945,1.9417,0.6235,1.3,simulated
2026-06-10T17:24:10,3.661,1.935,0.6218,1.3,simulated
2026-06-10T17:24:20,3.742,1.914,0.6232,1.3,simulated
2026-06-10T17:24:30,3.655,1.9365,0.6213,1.3,simulated
2026-06-10T17:24:40,3.7392,1.924,0.6227,1.3,simulated
2026-06-10T17:24:50,3.6271,1.9064,0.62,1.3,simulated
2026-06-10T17:25:00,3.7748,1.9122,0.6229,1.3,simulated
2026-06-10T17:25:10,3.8817,1.9193,0.6287,1.3,simulated
2026-06-10T17:25:20,3.7549,1.913,0.6291,1.3,simulated
2026-06-10T17:25:30,3.8454,1.9394,0.6325,1.3,simulated
2026-06-10T17:25:40,3.7199,1.9461,0.631,1.3,simulated
2026-06-10T17:25:50,3.6885,1.9071,0.6287,1.3,simulated
2026-06-10T17:26:00,3.985,1.9469,0.6369,1.3,simulated
2026-06-10T17:26:10,3.7913,1.9212,0.6369,1.3,simulated
2026-06-10T17:26:20,3.6043,1.9295,0.6306,1.3,simulated
2026-06-10T17:26:30,3.6953,1.9332,0.6287,1.3,simulated
2026-06-10T17:26:40,3.6551,1.9409,0.6257,1.3,simulated
2026-06-10T17:26:50,3.7248,1.9254,0.6257,1.3,simulated
2026-06-10T17:27:00,3.8583,1.934,0.6302,1.3,simulated
2026-06-10T17:27:10,3.6023,1.9497,0.6252,1.3,simulated
2026-06-10T17:27:20,3.8828,1.9549,0.6306,1.3,simulated
2026-06-10T17:27:30,3.6838,1.9441,0.6283,1.3,simulated
2026-06-10T17:27:40,3.979,1.9476,0.6363,1.3,simulated
2026-06-10T17:27:50,3.7356,1.9422,0.6346,1.3,simulated
2026-06-10T17:28:00,3.8187,1.9606,0.636,1.3,simulated
2026-06-10T17:28:10,3.907,1.9511,0.6401,1.3,simulated
2026-06-10T17:28:20,4.1326,1.9407,0.6509,1.3,simulated
2026-06-10T17:28:30,4.1161,1.9606,0.659,1.3,simulated
2026-06-10T17:28:40,4.0256,1.9686,0.6625,1.3,simulated
2026-06-10T17:28:50,4.2022,1.9503,0.6712,1.3,simulated
2026-06-10T17:29:00,4.0132,1.9631,0.6718,1.3,simulated
2026-06-10T17:29:10,3.8777,1.9934,0.6677,1.3,simulated
2026-06-10T17:29:20,3.8177,1.9454,0.6624,1.3,simulated
2026-06-10T17:29:30,3.8644,1.9675,0.6598,1.3,simulated
2026-06-10T17:29:40,3.8426,1.9616,0.657,1.3,simulated
2026-06-10T17:29:50,3.9992,1.9744,0.6599,1.3,simulated
2026-06-10T17:30:00,4.0332,1.9518,0.6635,1.3,simulated
2026-06-10T17:30:10,4.0087,1.9538,0.6655,1.3,simulated
2026-06-10T17:30:20,3.882,1.9636,0.6628,1.3,simulated
2026-06-10T17:30:30,3.9298,1.9529,0.6623,1.3,simulated
2026-06-10T17:30:40,3.9418,1.9855,0.6623,1.3,simulated
2026-06-10T17:30:50,3.8066,1.9605,0.6577,1.3,simulated
2026-06-10T17:31:00,4.052,1.9751,0.6623,1.3,simulated
2026-06-10T17:31:10,4.3025,1.9595,0.6744,1.3,simulated
2026-06-10T17:31:20,4.4089,1.9965,0.6877,1.3,simulated
2026-06-10T17:31:30,4.4032,2.0354,0.6981,1.3,simulated
2026-06-10T17:31:40,4.5649,2.011,0.7119,1.3,simulated
2026-06-10T17:31:50,4.5785,2.0065,0.7233,1.3,simulated
2026-06-10T17:32:00,4.6299,2.0513,0.7342,1.3,simulated
2026-06-10T17:32:10,4.3669,2.027,0.7341,1.3,simulated
2026-06-10T17:32:20,4.1849,2.0086,0.7279,1.3,simulated
2026-06-10T17:32:30,4.426,2.0141,0.731,1.3,simulated
2026-06-10T17:32:40,4.3065,2.0118,0.7295,1.3,simulated
2026-06-10T17:32:50,4.2981,2.0359,0.728,1.3,simulated
2026-06-10T17:33:00,4.4427,2.019,0.7317,1.3,simulated
2026-06-10T17:33:10,4.5146,2.024,0.7371,1.3,simulated
2026-06-10T17:33:20,4.6614,2.0407,0.7463,1.3,simulated
2026-06-10T17:33:30,4.7775,2.0639,0.7575,1.3,simulated
2026-06-10T17:33:40,4.8465,2.0822,0.7689,1.3,simulated
2026-06-10T17:33:50,4.8587,2.0968,0.7784,1.3,simulated
2026-06-10T17:34:00,4.8608,2.081,0.786,1.3,simulated
2026-06-10T17:34:10,4.5723,2.0977,0.7824,1.3,simulated
2026-06-10T17:34:20,4.6322,2.0698,0.7816,1.3,simulated
2026-06-10T17:34:30,4.364,2.0976,0.7719,1.3,simulated
2026-06-10T17:34:40,4.1681,2.0669,0.7576,1.3,simulated
2026-06-10T17:34:50,3.9794,2.0437,0.7398,1.3,simulated
2026-06-10T17:35:00,3.9938,2.0022,0.726,1.3,simulated
2026-06-10T17:35:10,3.9365,2.0277,0.7131,1.3,simulated
2026-06-10T17:35:20,4.0042,1.998,0.705,1.3,simulated
2026-06-10T17:35:30,4.2006,1.996,0.7051,1.3,simulated
2026-06-10T17:35:40,4.2011,1.993,0.7053,1.3,simulated
2026-06-10T17:35:50,4.1877,1.9958,0.7049,1.3,simulated
2026-06-10T17:36:00,4.2267,2.0134,0.706,1.3,simulated
2026-06-10T17:36:10,4.2311,2.0133,0.7069,1.3,simulated
2026-06-10T17:36:20,4.1376,2.0053,0.7046,1.3,simulated
2026-06-10T17:36:30,4.1431,2.031,0.7029,1.3,simulated
2026-06-10T17:36:40,4.1762,1.9839,0.7026,1.3,simulated
2026-06-10T17:36:50,4.2623,2.0096,0.7053,1.3,simulated
2026-06-10T17:37:00,4.3232,1.9896,0.7095,1.3,simulated
2026-06-10T17:37:10,4.3574,2.0225,0.714,1.3,simulated
2026-06-10T17:37:20,4.4361,2.0289,0.7203,1.3,simulated
2026-06-10T17:37:30,4.5371,2.0307,0.7287,1.3,simulated
2026-06-10T17:37:40,4.4957,2.0416,0.734,1.3,simulated
2026-06-10T17:37:50,4.4235,2.0446,0.7358,1.3,simulated
2026-06-10T17:38:00,4.4766,2.0463,0.7391,1.3,simulated
2026-06-10T17:38:10,4.4491,2.02,0.7407,1.3,simulated
2026-06-10T17:38:20,4.3073,2.0505,0.7373,1.3,simulated
2026-06-10T17:38:30,4.2034,2.0573,0.7311,1.3,simulated
2026-06-10T17:38:40,4.2852,2.0457,0.7289,1.3,simulated
2026-06-10T17:38:50,4.089,2.0166,0.7205,1.3,simulated
2026-06-10T17:39:00,4.1778,2.0462,0.7167,1.3,simulated
2026-06-10T17:39:10,4.15,2.0165,0.7128,1.3,simulated
2026-06-10T17:39:20,4.2485,2.0306,0.713,1.3,simulated
2026-06-10T17:39:30,4.2802,2.0245,0.7142,1.3,simulated
2026-06-10T17:39:40,4.2872,2.0371,0.7154,1.3,simulated
2026-06-10T17:39:50,4.2264,1.9905,0.7144,1.3,simulated
2026-06-10T17:40:00,4.4209,2.0081,0.72,1.3,simulated
2026-06-10T17:40:10,4.4154,2.0322,0.7244,1.3,simulated
2026-06-10T17:40:20,4.4971,2.027,0.7306,1.3,simulated
2026-06-10T17:40:30,4.4128,2.0273,0.7328,1.3,simulated
2026-06-10T17:40:40,4.4815,2.0593,0.7368,1.3,simulated
2026-06-10T17:40:50,4.4966,2.0321,0.7405,1.3,simulated
2026-06-10T17:41:00,4.4648,2.0471,0.7424,1.3,simulated
2026-06-10T17:41:10,4.2987,2.044,0.7384,1.3,simulated
2026-06-10T17:41:20,4.102,2.0251,0.7285,1.3,simulated
2026-06-10T17:41:30,4.5282,2.0003,0.735,1.3,simulated
2026-06-10T17:41:40,4.6142,2.0151,0.743,1.3,simulated
2026-06-10T17:41:50,4.6144,2.0456,0.7495,1.3,simulated
2026-06-10T17:42:00,4.7982,2.0938,0.7608,1.3,simulated
2026-06-10T17:42:10,4.6464,2.0539,0.7647,1.3,simulated
2026-06-10T17:42:20,4.7245,2.0702,0.7705,1.3,simulated
2026-06-10T17:42:30,4.6071,2.1024,0.7712,1.3,simulated
2026-06-10T17:42:40,4.5524,2.0705,0.7699,1.3,simulated
2026-06-10T17:42:50,4.5382,2.0761,0.7684,1.3,simulated
2026-06-10T17:43:00,4.6877,2.0769,0.7723,1.3,simulated
2026-06-10T17:43:10,4.642,2.0612,0.7738,1.3,simulated
2026-06-10T17:43:20,4.6572,2.0626,0.7755,1.3,simulated
2026-06-10T17:43:30,4.4465,2.0623,0.7698,1.3,simulated
2026-06-10T17:43:40,4.4466,2.0651,0.7653,1.3,simulated
2026-06-10T17:43:50,4.4754,2.0516,0.7626,1.3,simulated
2026-06-10T17:44:00,4.438,2.0518,0.7592,1.3,simulated
2026-06-10T17:44:10,4.4384,2.0604,0.7565,1.3,simulated
2026-06-10T17:44:20,4.5681,2.0767,0.7587,1.3,simulated
2026-06-10T17:44:30,4.4958,2.0934,0.758,1.3,simulated
2026-06-10T17:44:40,4.4492,2.0452,0.7559,1.3,simulated
2026-06-10T17:44:50,4.2954,2.0533,0.749,1.3,simulated
2026-06-10T17:45:00,4.3237,2.0298,0.7445,1.3,simulated
2026-06-10T17:45:10,4.299,2.0308,0.74,1.3,simulated
2026-06-10T17:45:20,4.2209,2.0081,0.7339,1.3,simulated
2026-06-10T17:45:30,4.3373,2.0587,0.7328,1.3,simulated
2026-06-10T17:45:40,4.5318,2.0321,0.7385,1.3,simulated
2026-06-10T17:45:50,4.4266,2.0539,0.7396,1.3,simulated
2026-06-10T17:46:00,4.3791,2.023,0.7388,1.3,simulated
2026-06-10T17:46:10,4.4288,2.0047,0.7398,1.3,simulated
2026-06-10T17:46:20,4.3498,2.0636,0.738,1.3,simulated
2026-06-10T17:46:30,4.3598,2.0127,0.7369,1.3,simulated
2026-06-10T17:46:40,4.306,2.0187,0.7342,1.3,simulated
2026-06-10T17:46:50,4.0668,2.0421,0.724,1.3,simulated
2026-06-10T17:47:00,4.1078,2.0186,0.7172,1.3,simulated
2026-06-10T17:47:10,4.0941,2.0086,0.7113,1.3,simulated
2026-06-10T17:47:20,4.1174,2.0274,0.7074,1.3,simulated
2026-06-10T17:47:30,4.219,2.0035,0.7077,1.3,simulated
2026-06-10T17:47:40,4.1016,2.016,0.704,1.3,simulated
2026-06-10T17:47:50,4.3534,1.9909,0.7094,1.3,simulated
2026-06-10T17:48:00,4.1814,2.0295,0.7081,1.3,simulated
2026-06-10T17:48:10,4.1167,1.9964,0.7048,1.3,simulated
2026-06-10T17:48:20,4.1878,2.0072,0.7045,1.3,simulated
2026-06-10T17:48:30,4.2573,1.9959,0.7067,1.3,simulated
2026-06-10T17:48:40,4.2666,1.9965,0.7087,1.3,simulated
2026-06-10T17:48:50,4.4193,2.0112,0.7154,1.3,simulated
2026-06-10T17:49:00,4.2579,2.0292,0.7154,1.3,simulated
2026-06-10T17:49:10,4.2551,2.0116,0.7153,1.3,simulated
2026-06-10T17:49:20,4.4141,2.0235,0.7206,1.3,simulated
2026-06-10T17:49:30,4.5111,2.0209,0.728,1.3,simulated
2026-06-10T17:49:40,4.316,2.0473,0.7274,1.3,simulated
2026-06-10T17:49:50,4.3098,2.0048,0.7268,1.3,simulated
2026-06-10T17:50:00,4.2806,2.0001,0.7252,1.3,simulated
2026-06-10T17:50:10,4.4025,2.0493,0.7281,1.3,simulated
2026-06-10T17:50:20,4.371,1.9969,0.7294,1.3,simulated
2026-06-10T17:50:30,4.421,2.0578,0.732,1.3,simulated
2026-06-10T17:50:40,4.4037,2.0334,0.7336,1.3,simulated
2026-06-10T17:50:50,4.5605,2.0466,0.7401,1.3,simulated
2026-06-10T17:51:00,4.4626,2.0469,0.742,1.3,simulated
2026-06-10T17:51:10,4.4472,2.0332,0.743,1.3,simulated
2026-06-10T17:51:20,4.5944,2.0566,0.7488,1.3,simulated
2026-06-10T17:51:30,4.549,2.0825,0.7519,1.3,simulated
2026-06-10T17:51:40,4.3301,2.0653,0.747,1.3,simulated
2026-06-10T17:51:50,4.0642,2.0235,0.7342,1.3,simulated
2026-06-10T17:52:00,4.0397,2.0417,0.7231,1.3,simulated
2026-06-10T17:52:10,3.835,1.9897,0.7073,1.3,simulated
2026-06-10T17:52:20,3.7985,1.9902,0.6935,1.3,simulated
2026-06-10T17:52:30,4.0251,1.9922,0.69,1.3,simulated
2026-06-10T17:52:40,4.1208,2.0091,0.6905,1.3,simulated
2026-06-10T17:52:50,4.1214,1.9701,0.6909,1.3,simulated
2026-06-10T17:53:00,3.9926,2.0026,0.6868,1.3,simulated
2026-06-10T17:53:10,3.8202,1.9716,0.6778,1.3,simulated
2026-06-10T17:53:20,3.8888,1.9483,0.6729,1.3,simulated
2026-06-10T17:53:30,3.8564,1.9829,0.6679,1.3,simulated
2026-06-10T17:53:40,3.6885,1.952,0.6583,1.3,simulated
2026-06-10T17:53:50,3.5869,1.9171,0.6471,1.3,simulated
2026-06-10T17:54:00,3.5758,1.9498,0.6379,1.3,simulated
2026-06-10T17:54:10,3.7901,1.9123,0.6376,1.3,simulated
2026-06-10T17:54:20,4.0166,1.9394,0.6451,1.3,simulated
2026-06-10T17:54:30,4.2416,1.9417,0.6586,1.3,simulated
2026-06-10T17:54:40,4.1161,1.953,0.6652,1.3,simulated
2026-06-10T17:54:50,4.0714,1.9853,0.6689,1.3,simulated
2026-06-10T17:55:00,3.9005,1.9757,0.6662,1.3,simulated
2026-06-10T17:55:10,3.851,1.9397,0.6623,1.3,simulated
2026-06-10T17:55:20,3.7484,1.9524,0.6558,1.3,simulated
2026-06-10T17:55:30,3.9716,1.9591,0.6581,1.3,simulated
2026-06-10T17:55:40,3.8246,1.9753,0.655,1.3,simulated
2026-06-10T17:55:50,3.7684,1.9575,0.6506,1.3,simulated
2026-06-10T17:56:00,3.7664,1.9289,0.647,1.3,simulated
2026-06-10T17:56:10,3.713,1.923,0.6424,1.3,simulated
2026-06-10T17:56:20,3.8155,1.9521,0.6421,1.3,simulated
2026-06-10T17:56:30,3.9486,1.9578,0.6464,1.3,simulated
2026-06-10T17:56:40,3.961,1.9412,0.6502,1.3,simulated
2026-06-10T17:56:50,3.6283,1.9327,0.6421,1.3,simulated
2026-06-10T17:57:00,3.6476,1.9438,0.6362,1.3,simulated
2026-06-10T17:57:10,3.5197,1.9316,0.6272,1.3,simulated
2026-06-10T17:57:20,3.4648,1.8787,0.6182,1.3,simulated
2026-06-10T17:57:30,3.3939,1.9045,0.6086,1.3,simulated
2026-06-10T17:57:40,3.4779,1.9161,0.6037,1.3,simulated
2026-06-10T17:57:50,3.3786,1.8742,0.5965,1.3,simulated
2026-06-10T17:58:00,3.4035,1.9046,0.5916,1.3,simulated
2026-06-10T17:58:10,3.5255,1.873,0.5917,1.3,simulated
2026-06-10T17:58:20,3.7768,1.9037,0.6003,1.3,simulated
2026-06-10T17:58:30,3.8658,1.8974,0.6101,1.3,simulated
2026-06-10T17:58:40,3.8901,1.8946,0.6188,1.3,simulated
2026-06-10T17:58:50,3.9849,1.9322,0.6289,1.3,simulated
2026-06-10T17:59:00,3.8752,1.9318,0.6333,1.3,simulated
2026-06-10T17:59:10,3.8811,1.9599,0.6371,1.3,simulated
2026-06-10T17:59:20,4.0984,1.9598,0.6474,1.3,simulated
2026-06-10T17:59:30,4.1191,1.9325,0.6563,1.3,simulated
2026-06-10T17:59:40,4.0617,1.9664,0.6615,1.3,simulated
2026-06-10T17:59:50,3.9092,1.9753,0.6606,1.3,simulated
2026-06-10T18:00:00,3.9561,1.9741,0.6614,1.3,simulated
2026-06-10T18:00:10,4.31,2.0018,0.6739,1.3,simulated
2026-06-10T18:00:20,4.1138,2.0067,0.6774,1.3,simulated
2026-06-10T18:00:30,4.3052,1.9759,0.6865,1.3,simulated
2026-06-10T18:00:40,4.0194,1.9901,0.6843,1.3,simulated
2026-06-10T18:00:50,3.9558,2.0164,0.6803,1.3,simulated
2026-06-10T18:01:00,3.8177,1.9917,0.6725,1.3,simulated
2026-06-10T18:01:10,3.7751,1.9548,0.6649,1.3,simulated
2026-06-10T18:01:20,3.6984,1.9333,0.6562,1.3,simulated
2026-06-10T18:01:30,3.6428,1.924,0.6473,1.3,simulated
2026-06-10T18:01:40,3.7358,1.9532,0.6434,1.3,simulated
2026-06-10T18:01:50,3.8187,1.9414,0.643,1.3,simulated
2026-06-10T18:02:00,3.7409,1.9374,0.6401,1.3,simulated
2026-06-10T18:02:10,3.632,1.9254,0.6341,1.3,simulated
2026-06-10T18:02:20,3.8686,1.9244,0.6373,1.3,simulated
2026-06-10T18:02:30,3.9336,1.9512,0.642,1.3,simulated
2026-06-10T18:02:40,3.987,1.9471,0.6476,1.3,simulated
2026-06-10T18:02:50,4.1422,1.9637,0.6572,1.3,simulated
2026-06-10T18:03:00,4.0155,1.9361,0.6607,1.3,simulated
2026-06-10T18:03:10,3.7829,1.9825,0.6557,1.3,simulated
2026-06-10T18:03:20,3.9589,1.9752,0.6576,1.3,simulated
2026-06-10T18:03:30,4.0197,1.9772,0.6611,1.3,simulated
2026-06-10T18:03:40,4.0166,1.9329,0.6638,1.3,simulated
2026-06-10T18:03:50,4.1653,1.9844,0.671,1.3,simulated
2026-06-10T18:04:00,4.2044,1.9566,0.6781,1.3,simulated
2026-06-10T18:04:10,4.2964,1.9933,0.6868,1.3,simulated
2026-06-10T18:04:20,4.2556,2.0099,0.6925,1.3,simulated
2026-06-10T18:04:30,4.107,2.008,0.692,1.3,simulated
2026-06-10T18:04:40,4.2273,2.0065,0.6956,1.3,simulated
2026-06-10T18:04:50,4.1477,2.0236,0.6958,1.3,simulated
2026-06-10T18:05:00,3.9936,1.9933,0.6909,1.3,simulated
2026-06-10T18:05:10,3.7384,1.9662,0.6783,1.3,simulated
2026-06-10T18:05:20,3.783,1.9618,0.6697,1.3,simulated
2026-06-10T18:05:30,3.7939,1.9636,0.6633,1.3,simulated
2026-06-10T18:05:40,3.8041,1.971,0.6584,1.3,simulated
2026-06-10T18:05:50,3.8144,1.939,0.6549,1.3,simulated
2026-06-10T18:06:00,3.8786,1.9665,0.6542,1.3,simulated
2026-06-10T18:06:10,3.871,1.9531,0.6535,1.3,simulated
2026-06-10T18:06:20,4.0797,1.953,0.6599,1.3,simulated
2026-06-10T18:06:30,4.0384,1.9496,0.6636,1.3,simulated
2026-06-10T18:06:40,3.9767,1.9574,0.6645,1.3,simulated
2026-06-10T18:06:50,3.8915,1.9669,0.6623,1.3,simulated
2026-06-10T18:07:00,3.9837,1.9608,0.6637,1.3,simulated
2026-06-10T18:07:10,4.092,1.9798,0.6685,1.3,simulated
2026-06-10T18:07:20,4.1418,1.9498,0.6739,1.3,simulated
2026-06-10T18:07:30,4.1023,1.9549,0.677,1.3,simulated
2026-06-10T18:07:40,4.1656,1.966,0.6816,1.3,simulated
2026-06-10T18:07:50,3.909,1.9932,0.6766,1.3,simulated
2026-06-10T18:08:00,4.0661,1.9758,0.6779,1.3,simulated
2026-06-10T18:08:10,4.1933,1.9838,0.6832,1.3,simulated
2026-06-10T18:08:20,4.1498,1.9949,0.686,1.3,simulated
2026-06-10T18:08:30,4.0484,1.9947,0.6848,1.3,simulated
2026-06-10T18:08:40,4.2228,1.9817,0.6897,1.3,simulated
2026-06-10T18:08:50,4.2859,1.9744,0.6958,1.3,simulated
2026-06-10T18:09:00,4.2469,1.994,0.6993,1.3,simulated
2026-06-10T18:09:10,4.2585,1.9796,0.7026,1.3,simulated
2026-06-10T18:09:20,4.2549,2.004,0.705,1.3,simulated
2026-06-10T18:09:30,4.2603,1.9957,0.7072,1.3,simulated
2026-06-10T18:09:40,4.4947,2.0211,0.7167,1.3,simulated
2026-06-10T18:09:50,4.4055,2.0244,0.7214,1.3,simulated
2026-06-10T18:10:00,4.4141,2.02,0.7254,1.3,simulated
2026-06-10T18:10:10,4.4876,2.0407,0.7311,1.3,simulated
2026-06-10T18:10:20,4.5358,2.0799,0.7373,1.3,simulated
2026-06-10T18:10:30,4.6859,2.0196,0.7473,1.3,simulated
2026-06-10T18:10:40,4.8064,2.0957,0.7593,1.3,simulated
2026-06-10T18:10:50,4.8101,2.0545,0.7691,1.3,simulated
2026-06-10T18:11:00,4.7051,2.053,0.7734,1.3,simulated
2026-06-10T18:11:10,4.4579,2.0541,0.7685,1.3,simulated
2026-06-10T18:11:20,4.4228,2.0744,0.7634,1.3,simulated
2026-06-10T18:11:30,4.454,2.0636,0.7604,1.3,simulated
2026-06-10T18:11:40,4.3152,2.044,0.7533,1.3,simulated
2026-06-10T18:11:50,4.266,2.0373,0.746,1.3,simulated
2026-06-10T18:12:00,4.1464,2.0247,0.7361,1.3,simulated
2026-06-10T18:12:10,4.1112,2.0359,0.727,1.3,simulated
2026-06-10T18:12:20,4.0,2.0348,0.716,1.3,simulated
2026-06-10T18:12:30,3.9418,2.0014,0.7052,1.3,simulated
2026-06-10T18:12:40,4.0568,1.9903,0.7005,1.3,simulated
2026-06-10T18:12:50,4.2034,1.996,0.7016,1.3,simulated
2026-06-10T18:13:00,3.9263,1.9586,0.6932,1.3,simulated
2026-06-10T18:13:10,4.1046,1.9917,0.6925,1.3,simulated
2026-06-10T18:13:20,4.2838,2.0037,0.6979,1.3,simulated
2026-06-10T18:13:30,4.4859,2.0035,0.7091,1.3,simulated
2026-06-10T18:13:40,4.2786,2.0035,0.711,1.3,simulated
2026-06-10T18:13:50,4.2186,2.0274,0.7106,1.3,simulated
2026-06-10T18:14:00,4.5179,2.0249,0.7202,1.3,simulated
2026-06-10T18:14:10,4.3171,2.0271,0.7213,1.3,simulated
2026-06-10T18:14:20,4.1624,2.0244,0.7169,1.3,simulated
2026-06-10T18:14:30,4.0013,2.0101,0.7079,1.3,simulated
2026-06-10T18:14:40,4.2206,2.0279,0.7082,1.3,simulated
2026-06-10T18:14:50,4.178,1.9864,0.7069,1.3,simulated
2026-06-10T18:15:00,4.2838,2.009,0.7095,1.3,simulated
2026-06-10T18:15:10,4.0388,1.969,0.7033,1.3,simulated
2026-06-10T18:15:20,3.8745,1.9865,0.6928,1.3,simulated
2026-06-10T18:15:30,3.8607,2.014,0.684,1.3,simulated
2026-06-10T18:15:40,4.0594,1.9643,0.6836,1.3,simulated
2026-06-10T18:15:50,3.9837,1.9642,0.6807,1.3,simulated
2026-06-10T18:16:00,3.8738,1.9736,0.6747,1.3,simulated
2026-06-10T18:16:10,3.8877,1.9834,0.6704,1.3,simulated
2026-06-10T18:16:20,4.0336,1.9821,0.6719,1.3,simulated
2026-06-10T18:16:30,3.9732,1.9628,0.671,1.3,simulated
2026-06-10T18:16:40,3.8986,1.9932,0.6678,1.3,simulated
2026-06-10T18:16:50,4.0067,1.968,0.6688,1.3,simulated
2026-06-10T18:17:00,3.9191,1.9838,0.6668,1.3,simulated
2026-06-10T18:17:10,3.8169,1.9856,0.6617,1.3,simulated
2026-06-10T18:17:20,3.8277,1.9432,0.6579,1.3,simulated
2026-06-10T18:17:30,3.8403,1.933,0.6554,1.3,simulated
2026-06-10T18:17:40,3.9027,1.9635,0.6554,1.3,simulated
2026-06-10T18:17:50,3.9513,1.9599,0.6571,1.3,simulated
2026-06-10T18:18:00,3.9603,1.9593,0.6588,1.3,simulated
2026-06-10T18:18:10,4.0897,1.9684,0.6644,1.3,simulated
2026-06-10T18:18:20,4.2737,1.9736,0.6751,1.3,simulated
2026-06-10T18:18:30,4.3909,2.0111,0.6876,1.3,simulated
2026-06-10T18:18:40,4.4294,1.9538,0.6989,1.3,simulated
2026-06-10T18:18:50,4.4631,2.0282,0.7091,1.3,simulated
2026-06-10T18:19:00,4.4334,2.0201,0.7163,1.3,simulated
2026-06-10T18:19:10,4.7186,2.0296,0.7315,1.3,simulated
2026-06-10T18:19:20,4.5241,2.0226,0.7372,1.3,simulated
2026-06-10T18:19:30,4.6086,2.0631,0.7446,1.3,simulated
2026-06-10T18:19:40,4.6123,2.0333,0.7507,1.3,simulated
2026-06-10T18:19:50,4.7095,2.0604,0.7588,1.3,simulated
2026-06-10T18:20:00,4.6465,2.0802,0.7632,1.3,simulated
2026-06-10T18:20:10,4.5901,2.0399,0.7648,1.3,simulated
2026-06-10T18:20:20,4.5473,2.0693,0.7646,1.3,simulated
2026-06-10T18:20:30,4.5483,2.0692,0.7645,1.3,simulated
2026-06-10T18:20:40,4.405,2.066,0.7596,1.3,simulated
2026-06-10T18:20:50,4.4886,2.0515,0.7585,1.3,simulated
2026-06-10T18:21:00,4.3795,2.0627,0.754,1.3,simulated
2026-06-10T18:21:10,4.2808,2.0626,0.747,1.3,simulated
2026-06-10T18:21:20,4.3014,2.0376,0.7421,1.3,simulated
2026-06-10T18:21:30,4.2923,2.0692,0.7379,1.3,simulated
2026-06-10T18:21:40,4.1231,2.0118,0.7289,1.3,simulated
2026-06-10T18:21:50,4.1415,2.0121,0.7223,1.3,simulated
2026-06-10T18:22:00,4.0739,2.0327,0.7147,1.3,simulated
2026-06-10T18:22:10,3.7942,1.996,0.6992,1.3,simulated
2026-06-10T18:22:20,3.8239,1.9738,0.6879,1.3,simulated
2026-06-10T18:22:30,4.1917,1.9844,0.6911,1.3,simulated
2026-06-10T18:22:40,4.2238,2.0175,0.6948,1.3,simulated
2026-06-10T18:22:50,3.9707,2.0012,0.6893,1.3,simulated
2026-06-10T18:23:00,4.0375,1.9732,0.6871,1.3,simulated
2026-06-10T18:23:10,4.0399,1.9573,0.6854,1.3,simulated
2026-06-10T18:23:20,4.1625,2.0106,0.6882,1.3,simulated
2026-06-10T18:23:30,4.1009,1.992,0.6883,1.3,simulated
2026-06-10T18:23:40,4.0555,1.9806,0.6869,1.3,simulated
2026-06-10T18:23:50,3.9356,1.9682,0.6818,1.3,simulated
2026-06-10T18:24:00,4.097,1.952,0.6831,1.3,simulated
2026-06-10T18:24:10,4.1422,1.9658,0.6856,1.3,simulated
2026-06-10T18:24:20,4.2202,1.9948,0.6903,1.3,simulated
2026-06-10T18:24:30,4.1492,1.9843,0.6917,1.3,simulated
2026-06-10T18:24:40,4.1122,2.0162,0.6915,1.3,simulated
2026-06-10T18:24:50,4.1591,2.0067,0.6929,1.3,simulated
2026-06-10T18:25:00,4.1965,1.9865,0.6954,1.3,simulated
2026-06-10T18:25:10,4.4984,1.9935,0.7074,1.3,simulated
2026-06-10T18:25:20,4.6517,2.0416,0.7222,1.3,simulated
2026-06-10T18:25:30,4.4986,2.0234,0.7289,1.3,simulated
2026-06-10T18:25:40,4.3721,2.0697,0.7301,1.3,simulated
2026-06-10T18:25:50,4.5134,2.0371,0.7357,1.3,simulated
2026-06-10T18:26:00,4.3052,2.0127,0.7332,1.3,simulated
2026-06-10T18:26:10,4.3561,2.0023,0.7329,1.3,simulated
2026-06-10T18:26:20,4.4699,2.0255,0.7365,1.3,simulated
2026-06-10T18:26:30,4.604,2.0656,0.7439,1.3,simulated
2026-06-10T18:26:40,4.4632,2.0414,0.7451,1.3,simulated
2026-06-10T18:26:50,4.4854,2.0093,0.7468,1.3,simulated
2026-06-10T18:27:00,4.2712,2.0316,0.7409,1.3,simulated
2026-06-10T18:27:10,4.2273,2.0304,0.7348,1.3,simulated
2026-06-10T18:27:20,4.1162,2.0467,0.7261,1.3,simulated
2026-06-10T18:27:30,4.1271,2.0261,0.7196,1.3,simulated
2026-06-10T18:27:40,4.2103,2.0149,0.7171,1.3,simulated
2026-06-10T18:27:50,4.2386,2.0207,0.7161,1.3,simulated
2026-06-10T18:28:00,3.9984,2.0406,0.7072,1.3,simulated
2026-06-10T18:28:10,4.1615,2.0215,0.7056,1.3,simulated
2026-06-10T18:28:20,4.2072,1.9947,0.7059,1.3,simulated
2026-06-10T18:28:30,4.2481,2.0177,0.7074,1.3,simulated
2026-06-10T18:28:40,3.839,2.0119,0.6949,1.3,simulated
2026-06-10T18:28:50,3.9868,2.0248,0.6899,1.3,simulated
2026-06-10T18:29:00,4.1891,1.997,0.6927,1.3,simulated
2026-06-10T18:29:10,4.2696,1.9927,0.6976,1.3,simulated
2026-06-10T18:29:20,4.1716,2.0036,0.6982,1.3,simulated
2026-06-10T18:29:30,4.1297,1.9902,0.6974,1.3,simulated
2026-06-10T18:29:40,4.1176,1.9985,0.6962,1.3,simulated
2026-06-10T18:29:50,4.0938,1.9825,0.6945,1.3,simulated
2026-06-10T18:30:00,4.2297,1.9981,0.6978,1.3,simulated
2026-06-10T18:30:10,4.3387,1.9821,0.704,1.3,simulated
2026-06-10T18:30:20,4.3713,2.0227,0.7101,1.3,simulated
2026-06-10T18:30:30,4.3064,2.0247,0.7127,1.3,simulated
2026-06-10T18:30:40,4.3167,1.9905,0.7152,1.3,simulated
2026-06-10T18:30:50,4.2241,2.0253,0.7141,1.3,simulated
2026-06-10T18:31:00,4.3136,2.0078,0.7162,1.3,simulated
2026-06-10T18:31:10,4.3701,2.041,0.7198,1.3,simulated
2026-06-10T18:31:20,4.3749,2.0379,0.7229,1.3,simulated
2026-06-10T18:31:30,4.2899,2.0387,0.7224,1.3,simulated
2026-06-10T18:31:40,4.3056,2.0315,0.7226,1.3,simulated
2026-06-10T18:31:50,4.2544,2.0054,0.721,1.3,simulated
2026-06-10T18:32:00,4.1555,1.9853,0.7164,1.3,simulated
2026-06-10T18:32:10,4.1097,2.0133,0.7112,1.3,simulated
2026-06-10T18:32:20,4.0465,1.9859,0.705,1.3,simulated
2026-06-10T18:32:30,4.1124,2.005,0.7021,1.3,simulated
2026-06-10T18:32:40,3.8768,1.9697,0.692,1.3,simulated
2026-06-10T18:32:50,3.9879,1.9993,0.6876,1.3,simulated
2026-06-10T18:33:00,3.852,1.9872,0.6795,1.3,simulated
2026-06-10T18:33:10,3.6048,1.9455,0.6647,1.3,simulated
2026-06-10T18:33:20,3.7638,1.9438,0.6582,1.3,simulated
2026-06-10T18:33:30,3.6215,1.9546,0.6483,1.3,simulated
2026-06-10T18:33:40,3.7063,1.9564,0.6431,1.3,simulated
2026-06-10T18:33:50,3.4674,1.9345,0.631,1.3,simulated
2026-06-10T18:34:00,3.587,1.9149,0.6253,1.3,simulated
2026-06-10T18:34:10,3.7488,1.9287,0.6262,1.3,simulated
2026-06-10T18:34:20,3.7328,1.923,0.6264,1.3,simulated
2026-06-10T18:34:30,3.759,1.9194,0.6274,1.3,simulated
2026-06-10T18:34:40,3.8255,1.9093,0.6305,1.3,simulated
2026-06-10T18:34:50,3.7901,1.9324,0.6317,1.3,simulated
2026-06-10T18:35:00,3.6912,1.9171,0.6294,1.3,simulated
2026-06-10T18:35:10,3.7934,1.9291,0.631,1.3,simulated
2026-06-10T18:35:20,3.7527,1.9007,0.6309,1.3,simulated
2026-06-10T18:35:30,3.9112,1.9487,0.6361,1.3,simulated
2026-06-10T18:35:40,4.0575,1.9368,0.6452,1.3,simulated
2026-06-10T18:35:50,4.007,1.952,0.6508,1.3,simulated
2026-06-10T18:36:00,3.934,1.9753,0.6528,1.3,simulated
2026-06-10T18:36:10,3.7588,1.9719,0.6486,1.3,simulated
2026-06-10T18:36:20,3.6843,1.9526,0.6426,1.3,simulated
2026-06-10T18:36:30,3.5616,1.9185,0.6338,1.3,simulated
2026-06-10T18:36:40,3.4693,1.9223,0.6236,1.3,simulated
2026-06-10T18:36:50,3.5033,1.9211,0.6166,1.3,simulated
2026-06-10T18:37:00,3.5271,1.9158,0.6118,1.3,simulated
2026-06-10T18:37:10,3.6495,1.9142,0.612,1.3,simulated
2026-06-10T18:37:20,3.5591,1.9215,0.6092,1.3,simulated
2026-06-10T18:37:30,3.572,1.9173,0.6074,1.3,simulated
2026-06-10T18:37:40,3.4875,1.9214,0.6031,1.3,simulated
2026-06-10T18:37:50,3.4665,1.9113,0.599,1.3,simulated
2026-06-10T18:38:00,3.3652,1.8818,0.5922,1.3,simulated
2026-06-10T18:38:10,3.3827,1.8827,0.5874,1.3,simulated
2026-06-10T18:38:20,3.298,1.8806,0.5808,1.3,simulated
2026-06-10T18:38:30,3.1533,1.8768,0.5706,1.3,simulated
2026-06-10T18:38:40,3.2086,1.8569,0.5643,1.3,simulated
2026-06-10T18:38:50,3.1445,1.8569,0.5571,1.3,simulated
2026-06-10T18:39:00,3.0812,1.8442,0.5492,1.3,simulated
2026-06-10T18:39:10,3.0979,1.8354,0.5434,1.3,simulated
2026-06-10T18:39:20,3.2359,1.8497,0.5435,1.3,simulated
2026-06-10T18:39:30,3.4521,1.8644,0.5508,1.3,simulated
2026-06-10T18:39:40,3.5401,1.8862,0.5596,1.3,simulated
2026-06-10T18:39:50,3.7754,1.8898,0.5745,1.3,simulated
2026-06-10T18:40:00,3.6987,1.878,0.5839,1.3,simulated
2026-06-10T18:40:10,3.5966,1.907,0.5879,1.3,simulated
2026-06-10T18:40:20,3.5957,1.8697,0.5912,1.3,simulated
2026-06-10T18:40:30,3.7765,1.9061,0.5998,1.3,simulated
2026-06-10T18:40:40,3.7127,1.8962,0.6046,1.3,simulated
2026-06-10T18:40:50,3.6682,1.8987,0.6069,1.3,simulated
2026-06-10T18:41:00,3.6948,1.9394,0.6097,1.3,simulated
2026-06-10T18:41:10,3.709,1.9061,0.6124,1.3,simulated
2026-06-10T18:41:20,3.8473,1.9229,0.6192,1.3,simulated
2026-06-10T18:41:30,3.7946,1.9317,0.6228,1.3,simulated
2026-06-10T18:41:40,3.7775,1.9248,0.6252,1.3,simulated
2026-06-10T18:41:50,3.9481,1.9124,0.6328,1.3,simulated
2026-06-10T18:42:00,3.633,1.9332,0.6283,1.3,simulated
2026-06-10T18:42:10,3.8065,1.9254,0.6306,1.3,simulated
2026-06-10T18:42:20,3.7684,1.9295,0.6311,1.3,simulated
2026-06-10T18:42:30,3.8211,1.9329,0.6332,1.3,simulated
2026-06-10T18:42:40,3.8433,1.9426,0.6357,1.3,simulated
2026-06-10T18:42:50,3.8114,1.9428,0.6366,1.3,simulated
2026-06-10T18:43:00,3.7266,1.9117,0.6345,1.3,simulated
2026-06-10T18:43:10,3.7106,1.9356,0.6323,1.3,simulated
2026-06-10T18:43:20,3.6923,1.9564,0.6299,1.3,simulated
2026-06-10T18:43:30,3.6296,1.8973,0.6259,1.3,simulated
2026-06-10T18:43:40,3.7614,1.9132,0.6271,1.3,simulated
2026-06-10T18:43:50,3.7803,1.9183,0.6287,1.3,simulated
2026-06-10T18:44:00,3.7095,1.8978,0.6276,1.3,simulated
2026-06-10T18:44:10,3.7627,1.901,0.6285,1.3,simulated
2026-06-10T18:44:20,3.7579,1.9147,0.6291,1.3,simulated
2026-06-10T18:44:30,3.9277,1.9525,0.6352,1.3,simulated
2026-06-10T18:44:40,3.8283,1.9313,0.6368,1.3,simulated
2026-06-10T18:44:50,3.8008,1.9232,0.6372,1.3,simulated
2026-06-10T18:45:00,3.8491,1.9365,0.639,1.3,simulated
2026-06-10T18:45:10,3.7816,1.9456,0.6383,1.3,simulated
2026-06-10T18:45:20,3.965,1.9511,0.6439,1.3,simulated
2026-06-10T18:45:30,4.0781,1.9528,0.6521,1.3,simulated
2026-06-10T18:45:40,4.0183,1.9963,0.6567,1.3,simulated
2026-06-10T18:45:50,4.0222,1.9645,0.6605,1.3,simulated
2026-06-10T18:46:00,3.9483,1.9676,0.6611,1.3,simulated
2026-06-10T18:46:10,3.9698,1.9543,0.6622,1.3,simulated
2026-06-10T18:46:20,4.0434,1.9527,0.6657,1.3,simulated
2026-06-10T18:46:30,4.0989,1.9528,0.6702,1.3,simulated
2026-06-10T18:46:40,3.9939,1.951,0.6704,1.3,simulated
2026-06-10T18:46:50,3.9217,1.9763,0.6681,1.3,simulated
2026-06-10T18:47:00,4.0973,1.9746,0.6721,1.3,simulated
2026-06-10T18:47:10,4.1897,1.969,0.6785,1.3,simulated
2026-06-10T18:47:20,4.051,1.9736,0.6789,1.3,simulated
2026-06-10T18:47:30,4.1631,1.9989,0.683,1.3,simulated
2026-06-10T18:47:40,4.1198,1.9817,0.6848,1.3,simulated
2026-06-10T18:47:50,4.3698,1.9952,0.6947,1.3,simulated
2026-06-10T18:48:00,4.2423,2.0026,0.6983,1.3,simulated
2026-06-10T18:48:10,4.2137,2.0077,0.7002,1.3,simulated
2026-06-10T18:48:20,4.2929,1.9931,0.7044,1.3,simulated
2026-06-10T18:48:30,4.133,1.9654,0.7024,1.3,simulated
2026-06-10T18:48:40,3.9704,1.9661,0.6953,1.3,simulated
2026-06-10T18:48:50,3.8571,1.9912,0.6859,1.3,simulated
2026-06-10T18:49:00,3.8931,1.9708,0.6795,1.3,simulated
2026-06-10T18:49:10,4.0031,1.973,0.6781,1.3,simulated
2026-06-10T18:49:20,3.9801,1.9505,0.6762,1.3,simulated
2026-06-10T18:49:30,4.0687,1.9657,0.6777,1.3,simulated
2026-06-10T18:49:40,4.3543,1.9902,0.6884,1.3,simulated
2026-06-10T18:49:50,4.3811,1.9986,0.698,1.3,simulated
2026-06-10T18:50:00,4.1477,1.9816,0.6977,1.3,simulated
2026-06-10T18:50:10,4.2066,1.9822,0.6995,1.3,simulated
2026-06-10T18:50:20,4.0898,2.0259,0.697,1.3,simulated
2026-06-10T18:50:30,4.1841,1.9945,0.6982,1.3,simulated
2026-06-10T18:50:40,4.2561,1.9999,0.7016,1.3,simulated
2026-06-10T18:50:50,4.2944,1.9854,0.7056,1.3,simulated
2026-06-10T18:51:00,4.4223,2.0013,0.713,1.3,simulated
2026-06-10T18:51:10,4.3985,2.0141,0.7182,1.3,simulated
2026-06-10T18:51:20,4.275,2.001,0.7182,1.3,simulated
2026-06-10T18:51:30,4.1277,2.0146,0.7133,1.3,simulated
2026-06-10T18:51:40,4.2394,1.9957,0.7131,1.3,simulated
2026-06-10T18:51:50,4.2119,2.0008,0.712,1.3,simulated
2026-06-10T18:52:00,4.2488,2.0004,0.7123,1.3,simulated
2026-06-10T18:52:10,4.2086,1.9864,0.7113,1.3,simulated
2026-06-10T18:52:20,4.4528,1.995,0.7186,1.3,simulated
2026-06-10T18:52:30,4.5686,2.0302,0.7284,1.3,simulated
2026-06-10T18:52:40,4.6038,2.022,0.7374,1.3,simulated
2026-06-10T18:52:50,4.4952,2.0382,0.741,1.3,simulated
2026-06-10T18:53:00,4.4132,2.0389,0.7411,1.3,simulated
2026-06-10T18:53:10,4.5329,2.0501,0.7452,1.3,simulated
2026-06-10T18:53:20,4.6789,2.0655,0.7533,1.3,simulated
2026-06-10T18:53:30,4.7036,2.051,0.7607,1.3,simulated
2026-06-10T18:53:40,4.741,2.0506,0.7679,1.3,simulated
2026-06-10T18:53:50,4.676,2.0743,0.7714,1.3,simulated
2026-06-10T18:54:00,4.7147,2.0884,0.7755,1.3,simulated
2026-06-10T18:54:10,4.6226,2.0706,0.7757,1.3,simulated
2026-06-10T18:54:20,4.5806,2.0735,0.7745,1.3,simulated
2026-06-10T18:54:30,4.5062,2.0681,0.771,1.3,simulated
2026-06-10T18:54:40,4.5087,2.066,0.7683,1.3,simulated
2026-06-10T18:54:50,4.5413,2.0768,0.7672,1.3,simulated
2026-06-10T18:55:00,4.5022,2.059,0.7651,1.3,simulated
2026-06-10T18:55:10,4.4061,2.0692,0.7601,1.3,simulated
2026-06-10T18:55:20,4.6313,2.0699,0.7637,1.3,simulated
2026-06-10T18:55:30,4.6132,2.0982,0.766,1.3,simulated
2026-06-10T18:55:40,4.7295,2.0609,0.7717,1.3,simulated
2026-06-10T18:55:50,4.7122,2.0929,0.7757,1.3,simulated
2026-06-10T18:56:00,4.746,2.092,0.78,1.3,simulated
2026-06-10T18:56:10,4.7305,2.0646,0.7829,1.3,simulated
2026-06-10T18:56:20,4.7765,2.0953,0.7868,1.3,simulated
2026-06-10T18:56:30,4.5967,2.0931,0.7839,1.3,simulated
2026-06-10T18:56:40,4.5942,2.0724,0.7815,1.3,simulated
2026-06-10T18:56:50,4.6183,2.0435,0.7804,1.3,simulated
2026-06-10T18:57:00,4.5887,2.0897,0.7785,1.3,simulated
2026-06-10T18:57:10,4.5127,2.055,0.7744,1.3,simulated
2026-06-10T18:57:20,4.5984,2.0715,0.774,1.3,simulated
2026-06-10T18:57:30,4.3892,2.0401,0.7667,1.3,simulated
2026-06-10T18:57:40,4.2442,2.0649,0.756,1.3,simulated
2026-06-10T18:57:50,4.3186,2.0223,0.7499,1.3,simulated
2026-06-10T18:58:00,4.1991,2.0322,0.741,1.3,simulated
2026-06-10T18:58:10,4.3245,2.0296,0.7381,1.3,simulated
2026-06-10T18:58:20,4.3099,2.0352,0.7353,1.3,simulated
2026-06-10T18:58:30,4.1422,2.0052,0.7274,1.3,simulated
2026-06-10T18:58:40,3.9091,2.0202,0.7133,1.3,simulated
2026-06-10T18:58:50,3.9141,2.0094,0.7021,1.3,simulated
2026-06-10T18:59:00,3.8475,1.9855,0.691,1.3,simulated
2026-06-10T18:59:10,3.933,1.9807,0.6849,1.3,simulated
2026-06-10T18:59:20,3.8503,1.936,0.6773,1.3,simulated
2026-06-10T18:59:30,3.9428,1.9984,0.6743,1.3,simulated
2026-06-10T18:59:40,4.0787,1.9731,0.6765,1.3,simulated
2026-06-10T18:59:50,4.0882,1.9883,0.6786,1.3,simulated
2026-06-10T19:00:00,4.2301,1.9877,0.685,1.3,simulated
2026-06-10T19:00:10,4.053,1.985,0.6842,1.3,simulated
2026-06-10T19:00:20,4.0204,1.9928,0.6824,1.3,simulated
2026-06-10T19:00:30,4.108,1.9744,0.684,1.3,simulated
2026-06-10T19:00:40,3.9687,1.9958,0.6805,1.3,simulated
2026-06-10T19:00:50,4.0242,2.0033,0.6796,1.3,simulated
2026-06-10T19:01:00,4.1261,1.9854,0.6823,1.3,simulated
2026-06-10T19:01:10,4.0258,1.9788,0.6811,1.3,simulated
2026-06-10T19:01:20,4.2768,2.0033,0.6886,1.3,simulated
2026-06-10T19:01:30,4.177,1.9974,0.6912,1.3,simulated
2026-06-10T19:01:40,4.3003,1.9919,0.6975,1.3,simulated
2026-06-10T19:01:50,4.3311,1.9984,0.7035,1.3,simulated
2026-06-10T19:02:00,4.1603,2.0045,0.7026,1.3,simulated
2026-06-10T19:02:10,4.2209,2.0153,0.7039,1.3,simulated
2026-06-10T19:02:20,3.9214,1.9873,0.6949,1.3,simulated
2026-06-10T19:02:30,3.9671,2.001,0.6892,1.3,simulated
2026-06-10T19:02:40,3.9196,2.0125,0.6831,1.3,simulated
2026-06-10T19:02:50,3.9891,1.9894,0.6805,1.3,simulated
2026-06-10T19:03:00,4.0598,1.9799,0.6808,1.3,simulated
2026-06-10T19:03:10,4.0533,1.9894,0.6808,1.3,simulated
2026-06-10T19:03:20,4.1374,1.977,0.6837,1.3,simulated
2026-06-10T19:03:30,4.1441,1.9694,0.6862,1.3,simulated
2026-06-10T19:03:40,3.9531,1.9704,0.6818,1.3,simulated
2026-06-10T19:03:50,4.0831,1.9621,0.6826,1.3,simulated
2026-06-10T19:04:00,4.0701,1.9973,0.6828,1.3,simulated
2026-06-10T19:04:10,4.1061,1.9771,0.6842,1.3,simulated
2026-06-10T19:04:20,3.9669,1.9529,0.6807,1.3,simulated
2026-06-10T19:04:30,4.0231,1.9874,0.6797,1.3,simulated
2026-06-10T19:04:40,4.0589,1.9856,0.6802,1.3,simulated
2026-06-10T19:04:50,3.8575,1.9783,0.6737,1.3,simulated
2026-06-10T19:05:00,4.1494,1.9583,0.6784,1.3,simulated
2026-06-10T19:05:10,4.0841,1.9632,0.68,1.3,simulated
2026-06-10T19:05:20,3.8939,2.0012,0.6748,1.3,simulated
2026-06-10T19:05:30,3.973,1.9643,0.6733,1.3,simulated
2026-06-10T19:05:40,4.022,1.9806,0.6738,1.3,simulated
2026-06-10T19:05:50,3.9927,1.975,0.6732,1.3,simulated
2026-06-10T19:06:00,4.0956,1.9554,0.6762,1.3,simulated
2026-06-10T19:06:10,4.1185,1.9572,0.6793,1.3,simulated
2026-06-10T19:06:20,3.9947,1.9851,0.6777,1.3,simulated
2026-06-10T19:06:30,3.9402,1.9699,0.6745,1.3,simulated
2026-06-10T19:06:40,3.8514,1.9648,0.669,1.3,simulated
2026-06-10T19:06:50,3.8308,1.9796,0.6639,1.3,simulated
2026-06-10T19:07:00,3.9365,1.9391,0.6634,1.3,simulated
2026-06-10T19:07:10,3.8635,1.9596,0.6605,1.3,simulated
2026-06-10T19:07:20,3.5249,1.9644,0.6469,1.3,simulated
2026-06-10T19:07:30,3.6184,1.9517,0.6391,1.3,simulated
2026-06-10T19:07:40,3.759,1.9334,0.6376,1.3,simulated
2026-06-10T19:07:50,3.8379,1.946,0.639,1.3,simulated
2026-06-10T19:08:00,4.0877,1.9579,0.6485,1.3,simulated
2026-06-10T19:08:10,4.0519,1.9419,0.655,1.3,simulated
2026-06-10T19:08:20,3.8047,1.9297,0.6518,1.3,simulated
2026-06-10T19:08:30,3.7201,1.9594,0.6465,1.3,simulated
2026-06-10T19:08:40,3.6562,1.9408,0.64,1.3,simulated
2026-06-10T19:08:50,3.5419,1.9583,0.631,1.3,simulated
2026-06-10T19:09:00,3.4047,1.9096,0.6192,1.3,simulated
2026-06-10T19:09:10,3.3332,1.9223,0.6074,1.3,simulated
2026-06-10T19:09:20,3.3734,1.9117,0.5992,1.3,simulated
2026-06-10T19:09:30,3.6342,1.9089,0.6015,1.3,simulated
2026-06-10T19:09:40,3.7508,1.9077,0.6072,1.3,simulated
2026-06-10T19:09:50,3.7243,1.8967,0.6109,1.3,simulated
2026-06-10T19:10:00,3.8968,1.9153,0.6197,1.3,simulated
2026-06-10T19:10:10,3.9549,1.9212,0.6286,1.3,simulated
2026-06-10T19:10:20,4.0285,1.9386,0.6383,1.3,simulated
2026-06-10T19:10:30,3.885,1.9254,0.6411,1.3,simulated
2026-06-10T19:10:40,4.0251,1.9518,0.6482,1.3,simulated
2026-06-10T19:10:50,3.9859,1.9792,0.6524,1.3,simulated
2026-06-10T19:11:00,3.872,1.9389,0.6521,1.3,simulated
2026-06-10T19:11:10,3.8473,1.9589,0.6509,1.3,simulated
2026-06-10T19:11:20,3.8298,1.9211,0.6494,1.3,simulated
2026-06-10T19:11:30,3.8832,1.9575,0.65,1.3,simulated
2026-06-10T19:11:40,3.9308,1.956,0.6521,1.3,simulated
2026-06-10T19:11:50,3.9141,1.9395,0.6532,1.3,simulated
2026-06-10T19:12:00,3.7073,1.9554,0.6471,1.3,simulated
2026-06-10T19:12:10,3.8123,1.9473,0.6458,1.3,simulated
2026-06-10T19:12:20,4.1107,1.9819,0.6547,1.3,simulated
2026-06-10T19:12:30,4.1614,1.9653,0.6636,1.3,simulated
2026-06-10T19:12:40,4.2588,1.9799,0.674,1.3,simulated
2026-06-10T19:12:50,4.1457,1.9763,0.6785,1.3,simulated
2026-06-10T19:13:00,3.9369,1.9582,0.6751,1.3,simulated
2026-06-10T19:13:10,4.0764,2.0161,0.677,1.3,simulated
2026-06-10T19:13:20,4.1101,1.9825,0.6797,1.3,simulated
2026-06-10T19:13:30,4.1679,1.9884,0.6838,1.3,simulated
2026-06-10T19:13:40,4.2044,1.9896,0.6883,1.3,simulated
2026-06-10T19:13:50,4.2199,1.9704,0.6924,1.3,simulated
2026-06-10T19:14:00,4.068,1.9702,0.6906,1.3,simulated
2026-06-10T19:14:10,4.028,1.9627,0.6879,1.3,simulated
2026-06-10T19:14:20,4.0911,2.0076,0.6877,1.3,simulated
2026-06-10T19:14:30,3.9178,1.9894,0.6818,1.3,simulated
2026-06-10T19:14:40,4.3241,1.9857,0.6908,1.3,simulated
2026-06-10T19:14:50,4.5747,1.9849,0.7063,1.3,simulated
2026-06-10T19:15:00,4.6005,2.0072,0.7196,1.3,simulated
2026-06-10T19:15:10,4.4663,2.0242,0.7258,1.3,simulated
2026-06-10T19:15:20,4.5305,2.0143,0.7328,1.3,simulated
2026-06-10T19:15:30,4.4342,2.0484,0.7353,1.3,simulated
2026-06-10T19:15:40,4.5846,2.0302,0.7423,1.3,simulated
2026-06-10T19:15:50,4.5426,2.0422,0.7464,1.3,simulated
2026-06-10T19:16:00,4.5755,2.0494,0.7509,1.3,simulated
2026-06-10T19:16:10,4.6557,2.0243,0.7571,1.3,simulated
2026-06-10T19:16:20,4.479,2.0683,0.7562,1.3,simulated
2026-06-10T19:16:30,4.3594,2.052,0.7514,1.3,simulated
2026-06-10T19:16:40,4.3316,2.0135,0.7467,1.3,simulated
2026-06-10T19:16:50,4.3598,2.038,0.7438,1.3,simulated
2026-06-10T19:17:00,4.2214,2.0319,0.7369,1.3,simulated
2026-06-10T19:17:10,4.0583,2.0104,0.7259,1.3,simulated
2026-06-10T19:17:20,4.0434,2.0218,0.7166,1.3,simulated
2026-06-10T19:17:30,4.0117,2.0261,0.708,1.3,simulated
2026-06-10T19:17:40,3.9338,2.0038,0.6986,1.3,simulated
2026-06-10T19:17:50,3.7227,1.9628,0.684,1.3,simulated
2026-06-10T19:18:00,3.6836,1.9608,0.6709,1.3,simulated
2026-06-10T19:18:10,3.8876,1.9377,0.6674,1.3,simulated
2026-06-10T19:18:20,3.9269,1.9689,0.6658,1.3,simulated
2026-06-10T19:18:30,4.2901,1.9619,0.6768,1.3,simulated
2026-06-10T19:18:40,4.2798,1.9894,0.6853,1.3,simulated
2026-06-10T19:18:50,4.3366,2.0059,0.6939,1.3,simulated
2026-06-10T19:19:00,4.2665,2.0117,0.6985,1.3,simulated
2026-06-10T19:19:10,4.2204,2.0037,0.7006,1.3,simulated
2026-06-10T19:19:20,4.2382,1.999,0.7029,1.3,simulated
2026-06-10T19:19:30,4.2657,1.9813,0.7056,1.3,simulated
2026-06-10T19:19:40,4.0775,2.0342,0.7015,1.3,simulated
2026-06-10T19:19:50,3.9786,2.028,0.6949,1.3,simulated
2026-06-10T19:20:00,3.7955,1.982,0.6834,1.3,simulated
2026-06-10T19:20:10,3.5704,1.9732,0.6667,1.3,simulated
2026-06-10T19:20:20,3.6711,1.9395,0.6567,1.3,simulated
2026-06-10T19:20:30,3.6547,1.9424,0.6482,1.3,simulated
2026-06-10T19:20:40,3.7171,1.9438,0.6434,1.3,simulated
2026-06-10T19:20:50,3.7991,1.9335,0.6424,1.3,simulated
2026-06-10T19:21:00,3.8666,1.9702,0.6438,1.3,simulated
2026-06-10T19:21:10,3.7973,1.9473,0.6427,1.3,simulated
2026-06-10T19:21:20,3.7389,1.9304,0.6398,1.3,simulated
2026-06-10T19:21:30,3.6464,1.9282,0.6343,1.3,simulated
2026-06-10T19:21:40,3.7387,1.9367,0.6331,1.3,simulated
2026-06-10T19:21:50,3.8343,1.9114,0.6353,1.3,simulated
2026-06-10T19:22:00,3.7325,1.9409,0.6336,1.3,simulated
2026-06-10T19:22:10,4.0011,1.9408,0.6414,1.3,simulated
2026-06-10T19:22:20,4.2194,1.9683,0.6549,1.3,simulated
2026-06-10T19:22:30,4.2186,1.971,0.6656,1.3,simulated
2026-06-10T19:22:40,3.8359,1.9516,0.6614,1.3,simulated
2026-06-10T19:22:50,3.8748,1.9493,0.6593,1.3,simulated
2026-06-10T19:23:00,3.8917,1.979,0.6582,1.3,simulated
2026-06-10T19:23:10,4.0669,1.9696,0.6632,1.3,simulated
2026-06-10T19:23:20,4.0398,1.9752,0.6663,1.3,simulated
2026-06-10T19:23:30,3.91,1.9733,0.6644,1.3,simulated
2026-06-10T19:23:40,3.8605,1.9599,0.6612,1.3,simulated
2026-06-10T19:23:50,3.6498,1.9352,0.6516,1.3,simulated
2026-06-10T19:24:00,3.7988,1.9759,0.6489,1.3,simulated
2026-06-10T19:24:10,3.6773,1.9398,0.6427,1.3,simulated
2026-06-10T19:24:20,3.5826,1.9539,0.6345,1.3,simulated
2026-06-10T19:24:30,3.432,1.9216,0.623,1.3,simulated
2026-06-10T19:24:40,3.766,1.9415,0.6249,1.3,simulated
2026-06-10T19:24:50,3.5235,1.9053,0.6183,1.3,simulated
2026-06-10T19:25:00,3.2668,1.8847,0.6044,1.3,simulated
2026-06-10T19:25:10,3.425,1.8944,0.5986,1.3,simulated
2026-06-10T19:25:20,3.4234,1.8867,0.5939,1.3,simulated
2026-06-10T19:25:30,3.2978,1.8959,0.5859,1.3,simulated
2026-06-10T19:25:40,3.441,1.8895,0.5844,1.3,simulated
2026-06-10T19:25:50,3.5,1.8619,0.5851,1.3,simulated
2026-06-10T19:26:00,3.5618,1.8766,0.5878,1.3,simulated
2026-06-10T19:26:10,3.4468,1.865,0.586,1.3,simulated
2026-06-10T19:26:20,3.6214,1.8793,0.5905,1.3,simulated
2026-06-10T19:26:30,3.5523,1.8904,0.5917,1.3,simulated
2026-06-10T19:26:40,3.4598,1.8803,0.5896,1.3,simulated
2026-06-10T19:26:50,3.413,1.9039,0.5864,1.3,simulated
2026-06-10T19:27:00,3.53,1.894,0.5877,1.3,simulated
2026-06-10T19:27:10,3.5752,1.8776,0.5903,1.3,simulated
2026-06-10T19:27:20,3.5816,1.9119,0.5926,1.3,simulated
2026-06-10T19:27:30,3.7556,1.9139,0.6003,1.3,simulated
2026-06-10T19:27:40,3.6484,1.9057,0.6028,1.3,simulated
2026-06-10T19:27:50,3.7054,1.9013,0.6067,1.3,simulated
2026-06-10T19:28:00,3.7525,1.9405,0.6115,1.3,simulated
2026-06-10T19:28:10,3.6703,1.9245,0.6125,1.3,simulated
2026-06-10T19:28:20,3.5589,1.8935,0.6096,1.3,simulated
2026-06-10T19:28:30,3.6547,1.9129,0.6105,1.3,simulated
2026-06-10T19:28:40,3.6038,1.897,0.6095,1.3,simulated
2026-06-10T19:28:50,3.5413,1.92,0.6066,1.3,simulated
2026-06-10T19:29:00,3.6506,1.8925,0.6079,1.3,simulated
2026-06-10T19:29:10,3.662,1.8998,0.6094,1.3,simulated
2026-06-10T19:29:20,3.7472,1.9041,0.6134,1.3,simulated
2026-06-10T19:29:30,3.8207,1.9263,0.6191,1.3,simulated
2026-06-10T19:29:40,3.7553,1.9057,0.6215,1.3,simulated
2026-06-10T19:29:50,3.9057,1.9285,0.6284,1.3,simulated
2026-06-10T19:30:00,4.0686,1.9072,0.6394,1.3,simulated
2026-06-10T19:30:10,4.1517,1.9638,0.651,1.3,simulated
2026-06-10T19:30:20,4.2866,1.9246,0.6649,1.3,simulated
2026-06-10T19:30:30,4.4238,1.9832,0.6805,1.3,simulated
2026-06-10T19:30:40,4.3415,1.994,0.6903,1.3,simulated
2026-06-10T19:30:50,4.2102,1.9862,0.6937,1.3,simulated
2026-06-10T19:31:00,4.2288,2.0135,0.697,1.3,simulated
2026-06-10T19:31:10,4.266,2.0179,0.701,1.3,simulated
2026-06-10T19:31:20,4.1005,2.0147,0.6986,1.3,simulated
2026-06-10T19:31:30,4.0541,2.0121,0.6951,1.3,simulated
2026-06-10T19:31:40,4.2225,2.0028,0.6979,1.3,simulated
2026-06-10T19:31:50,3.9069,1.9839,0.6896,1.3,simulated
2026-06-10T19:32:00,3.9944,1.9899,0.6859,1.3,simulated
2026-06-10T19:32:10,3.7058,1.9898,0.6732,1.3,simulated
2026-06-10T19:32:20,3.6599,1.9608,0.6616,1.3,simulated
2026-06-10T19:32:30,3.696,1.9174,0.6534,1.3,simulated
2026-06-10T19:32:40,3.649,1.9202,0.6454,1.3,simulated
2026-06-10T19:32:50,3.6803,1.967,0.6399,1.3,simulated
2026-06-10T19:33:00,3.8873,1.9302,0.6426,1.3,simulated
2026-06-10T19:33:10,4.0031,1.9394,0.6486,1.3,simulated
2026-06-10T19:33:20,4.115,1.9713,0.6571,1.3,simulated
2026-06-10T19:33:30,4.3886,1.9866,0.6731,1.3,simulated
2026-06-10T19:33:40,4.129,1.9856,0.6773,1.3,simulated
2026-06-10T19:33:50,3.8961,1.9749,0.6727,1.3,simulated
2026-06-10T19:34:00,3.9612,1.9394,0.6713,1.3,simulated
2026-06-10T19:34:10,4.0606,2.0067,0.6734,1.3,simulated
2026-06-10T19:34:20,4.1896,1.9738,0.6795,1.3,simulated
2026-06-10T19:34:30,4.5409,2.0125,0.6962,1.3,simulated
2026-06-10T19:34:40,4.4472,2.0085,0.7064,1.3,simulated
2026-06-10T19:34:50,4.5296,2.0093,0.7173,1.3,simulated
2026-06-10T19:35:00,4.2753,2.0135,0.7175,1.3,simulated
2026-06-10T19:35:10,4.2437,2.0141,0.7166,1.3,simulated
2026-06-10T19:35:20,4.0916,2.0355,0.7107,1.3,simulated
2026-06-10T19:35:30,3.9233,1.981,0.7004,1.3,simulated
2026-06-10T19:35:40,4.0167,2.0012,0.6953,1.3,simulated
2026-06-10T19:35:50,4.0119,2.0181,0.691,1.3,simulated
2026-06-10T19:36:00,3.7969,1.9728,0.6804,1.3,simulated
2026-06-10T19:36:10,3.8146,1.973,0.6725,1.3,simulated
2026-06-10T19:36:20,3.8354,1.9492,0.6669,1.3,simulated
2026-06-10T19:36:30,3.8784,1.9885,0.6638,1.3,simulated
2026-06-10T19:36:40,4.4235,1.9627,0.6797,1.3,simulated
2026-06-10T19:36:50,4.3797,2.0006,0.6909,1.3,simulated
2026-06-10T19:37:00,4.5334,1.9755,0.705,1.3,simulated
2026-06-10T19:37:10,4.225,1.9931,0.706,1.3,simulated
2026-06-10T19:37:20,4.3065,2.0128,0.7095,1.3,simulated
2026-06-10T19:37:30,4.1511,1.9904,0.7071,1.3,simulated
2026-06-10T19:37:40,4.2395,2.0043,0.7081,1.3,simulated
2026-06-10T19:37:50,4.3375,1.9921,0.7122,1.3,simulated
2026-06-10T19:38:00,4.2262,2.0131,0.7118,1.3,simulated
2026-06-10T19:38:10,4.3623,1.9983,0.716,1.3,simulated
2026-06-10T19:38:20,4.2999,2.0014,0.7173,1.3,simulated
2026-06-10T19:38:30,4.3836,2.0251,0.7211,1.3,simulated
2026-06-10T19:38:40,4.3909,1.9959,0.7244,1.3,simulated
2026-06-10T19:38:50,4.3388,2.0348,0.7253,1.3,simulated
2026-06-10T19:39:00,4.3848,2.0153,0.7276,1.3,simulated
2026-06-10T19:39:10,4.4389,2.0552,0.7312,1.3,simulated
2026-06-10T19:39:20,4.3479,2.0232,0.7311,1.3,simulated
2026-06-10T19:39:30,4.4393,2.0208,0.734,1.3,simulated
2026-06-10T19:39:40,4.513,2.0405,0.7388,1.3,simulated
2026-06-10T19:39:50,4.5361,2.0584,0.7435,1.3,simulated
2026-06-10T19:40:00,4.6199,2.0135,0.75,1.3,simulated
2026-06-10T19:40:10,4.5759,2.0441,0.7538,1.3,simulated
2026-06-10T19:40:20,4.7014,2.0798,0.761,1.3,simulated
2026-06-10T19:40:30,4.5954,2.0476,0.7632,1.3,simulated
2026-06-10T19:40:40,4.6465,2.0484,0.7667,1.3,simulated
2026-06-10T19:40:50,4.6693,2.0464,0.7702,1.3,simulated
2026-06-10T19:41:00,4.6713,2.0679,0.7731,1.3,simulated
2026-06-10T19:41:10,4.7165,2.0581,0.777,1.3,simulated
2026-06-10T19:41:20,4.6409,2.0842,0.7775,1.3,simulated
2026-06-10T19:41:30,4.8454,2.0623,0.7848,1.3,simulated
2026-06-10T19:41:40,4.9479,2.087,0.7941,1.3,simulated
2026-06-10T19:41:50,4.7239,2.0911,0.794,1.3,simulated
2026-06-10T19:42:00,4.6493,2.0823,0.7914,1.3,simulated
2026-06-10T19:42:10,4.5191,2.0814,0.785,1.3,simulated
2026-06-10T19:42:20,4.6584,2.0701,0.7845,1.3,simulated
2026-06-10T19:42:30,4.4979,2.0654,0.7787,1.3,simulated
2026-06-10T19:42:40,4.3124,2.0863,0.7679,1.3,simulated
2026-06-10T19:42:50,4.3848,2.068,0.7616,1.3,simulated
2026-06-10T19:43:00,4.6425,2.0716,0.7653,1.3,simulated
2026-06-10T19:43:10,4.7381,2.0873,0.7714,1.3,simulated
2026-06-10T19:43:20,4.5619,2.0765,0.7704,1.3,simulated
2026-06-10T19:43:30,4.5541,2.0648,0.7694,1.3,simulated
2026-06-10T19:43:40,4.5114,2.0758,0.7671,1.3,simulated
2026-06-10T19:43:50,4.6523,2.0663,0.77,1.3,simulated
2026-06-10T19:44:00,4.6857,2.0996,0.7734,1.3,simulated
2026-06-10T19:44:10,4.6889,2.0794,0.7763,1.3,simulated
2026-06-10T19:44:20,4.7725,2.0821,0.7814,1.3,simulated
2026-06-10T19:44:30,4.6028,2.1032,0.7798,1.3,simulated
2026-06-10T19:44:40,4.5528,2.0892,0.7768,1.3,simulated
2026-06-10T19:44:50,4.4517,2.0605,0.771,1.3,simulated
2026-06-10T19:45:00,4.0519,2.0601,0.7529,1.3,simulated
2026-06-10T19:45:10,4.0028,2.0177,0.7368,1.3,simulated
2026-06-10T19:45:20,4.0625,2.0223,0.726,1.3,simulated
2026-06-10T19:45:30,3.8516,2.0128,0.7102,1.3,simulated
2026-06-10T19:45:40,3.9391,2.0026,0.7005,1.3,simulated
2026-06-10T19:45:50,3.9735,1.9914,0.6939,1.3,simulated
2026-06-10T19:46:00,3.8618,1.9706,0.6849,1.3,simulated
2026-06-10T19:46:10,3.8487,1.9832,0.6772,1.3,simulated
2026-06-10T19:46:20,3.9435,1.9826,0.6743,1.3,simulated
2026-06-10T19:46:30,3.8916,1.9601,0.6702,1.3,simulated
2026-06-10T19:46:40,3.9895,1.9699,0.6702,1.3,simulated
2026-06-10T19:46:50,4.0821,1.9807,0.6733,1.3,simulated
2026-06-10T19:47:00,4.2042,1.9873,0.6799,1.3,simulated
2026-06-10T19:47:10,4.1763,1.9896,0.6843,1.3,simulated
2026-06-10T19:47:20,4.2228,1.9964,0.6893,1.3,simulated
2026-06-10T19:47:30,4.2692,2.0039,0.6949,1.3,simulated
2026-06-10T19:47:40,4.224,2.0087,0.6978,1.3,simulated
2026-06-10T19:47:50,4.1542,2.0047,0.6978,1.3,simulated
2026-06-10T19:48:00,4.14,1.9898,0.6974,1.3,simulated
2026-06-10T19:48:10,3.9304,1.995,0.69,1.3,simulated
2026-06-10T19:48:20,3.9969,1.9763,0.6863,1.3,simulated
2026-06-10T19:48:30,4.3071,1.985,0.6937,1.3,simulated
2026-06-10T19:48:40,4.2437,2.0027,0.6976,1.3,simulated
2026-06-10T19:48:50,4.0011,1.9934,0.6925,1.3,simulated
2026-06-10T19:49:00,4.02,1.9789,0.6891,1.3,simulated
2026-06-10T19:49:10,4.0862,1.997,0.6886,1.3,simulated
2026-06-10T19:49:20,4.1572,1.9792,0.6905,1.3,simulated
2026-06-10T19:49:30,4.0679,1.996,0.6891,1.3,simulated
2026-06-10T19:49:40,4.0072,1.966,0.6859,1.3,simulated
2026-06-10T19:49:50,3.8842,1.9991,0.6792,1.3,simulated
2026-06-10T19:50:00,3.9213,1.9825,0.6752,1.3,simulated
2026-06-10T19:50:10,4.0377,1.9827,0.6758,1.3,simulated
2026-06-10T19:50:20,3.9599,1.9739,0.6737,1.3,simulated
2026-06-10T19:50:30,3.8383,1.948,0.6679,1.3,simulated
2026-06-10T19:50:40,3.8446,1.9385,0.6635,1.3,simulated
2026-06-10T19:50:50,3.9856,1.9658,0.6647,1.3,simulated
2026-06-10T19:51:00,4.0905,1.9637,0.6692,1.3,simulated
2026-06-10T19:51:10,3.9064,1.9715,0.6666,1.3,simulated
2026-06-10T19:51:20,3.9902,1.9829,0.6674,1.3,simulated
2026-06-10T19:51:30,4.0564,1.9764,0.6702,1.3,simulated
2026-06-10T19:51:40,4.0705,1.9585,0.6729,1.3,simulated
2026-06-10T19:51:50,3.9265,1.9798,0.6703,1.3,simulated
2026-06-10T19:52:00,3.8282,1.9557,0.6648,1.3,simulated
2026-06-10T19:52:10,3.8668,1.9678,0.6618,1.3,simulated
2026-06-10T19:52:20,4.0303,1.9738,0.6649,1.3,simulated
2026-06-10T19:52:30,3.8483,1.9534,0.6612,1.3,simulated
2026-06-10T19:52:40,3.7227,1.9759,0.654,1.3,simulated
2026-06-10T19:52:50,3.7531,1.9442,0.6493,1.3,simulated
2026-06-10T19:53:00,3.6901,1.9439,0.6435,1.3,simulated
2026-06-10T19:53:10,3.6081,1.9551,0.636,1.3,simulated
2026-06-10T19:53:20,3.5838,1.932,0.6292,1.3,simulated
2026-06-10T19:53:30,3.5503,1.9102,0.6227,1.3,simulated
2026-06-10T19:53:40,3.571,1.9129,0.6181,1.3,simulated
2026-06-10T19:53:50,3.6495,1.9206,0.6171,1.3,simulated
2026-06-10T19:54:00,3.62,1.9087,0.6153,1.3,simulated
2026-06-10T19:54:10,3.7572,1.9109,0.6185,1.3,simulated
2026-06-10T19:54:20,3.9785,1.9427,0.6285,1.3,simulated
2026-06-10T19:54:30,4.1463,1.9392,0.6421,1.3,simulated
2026-06-10T19:54:40,4.4182,1.9882,0.6621,1.3,simulated
2026-06-10T19:54:50,4.3213,1.9725,0.6749,1.3,simulated
2026-06-10T19:55:00,4.5562,1.9777,0.693,1.3,simulated
2026-06-10T19:55:10,4.3994,1.9985,0.7022,1.3,simulated
2026-06-10T19:55:20,4.6948,2.0335,0.7195,1.3,simulated
2026-06-10T19:55:30,4.6668,2.0237,0.7324,1.3,simulated
2026-06-10T19:55:40,4.4807,2.0533,0.7365,1.3,simulated
2026-06-10T19:55:50,4.3656,2.036,0.7359,1.3,simulated
2026-06-10T19:56:00,4.2736,2.0382,0.7323,1.3,simulated
2026-06-10T19:56:10,4.4593,2.0248,0.7357,1.3,simulated
2026-06-10T19:56:20,4.2855,2.033,0.7325,1.3,simulated
2026-06-10T19:56:30,4.1805,2.0264,0.7265,1.3,simulated
2026-06-10T19:56:40,4.0637,2.0335,0.7177,1.3,simulated
2026-06-10T19:56:50,4.0138,2.0021,0.709,1.3,simulated
2026-06-10T19:57:00,4.0985,1.9815,0.7049,1.3,simulated
2026-06-10T19:57:10,4.0231,1.9826,0.6991,1.3,simulated
2026-06-10T19:57:20,4.0306,1.9846,0.6947,1.3,simulated
2026-06-10T19:57:30,3.8752,1.9955,0.686,1.3,simulated
2026-06-10T19:57:40,3.7047,1.9599,0.6733,1.3,simulated
2026-06-10T19:57:50,3.6464,1.9464,0.6611,1.3,simulated
2026-06-10T19:58:00,3.6935,1.9484,0.653,1.3,simulated
2026-06-10T19:58:10,3.9579,1.9551,0.6554,1.3,simulated
2026-06-10T19:58:20,4.0085,1.9577,0.659,1.3,simulated
2026-06-10T19:58:30,4.0069,1.9426,0.6618,1.3,simulated
2026-06-10T19:58:40,3.9436,1.9573,0.662,1.3,simulated
2026-06-10T19:58:50,3.9707,1.9773,0.663,1.3,simulated
2026-06-10T19:59:00,4.0512,1.9724,0.6665,1.3,simulated
2026-06-10T19:59:10,4.1036,1.9768,0.6711,1.3,simulated
2026-06-10T19:59:20,4.2776,1.9692,0.6806,1.3,simulated
2026-06-10T19:59:30,4.2539,1.9832,0.6874,1.3,simulated
2026-06-10T19:59:40,4.4772,1.9816,0.7004,1.3,simulated
2026-06-10T19:59:50,4.6104,2.0237,0.7152,1.3,simulated
2026-06-10T20:00:00,4.5796,2.0387,0.726,1.3,simulated
2026-06-10T20:00:10,4.7194,2.0359,0.7394,1.3,simulated
2026-06-10T20:00:20,4.6913,2.0435,0.7491,1.3,simulated
2026-06-10T20:00:30,4.7986,2.048,0.7606,1.3,simulated
2026-06-10T20:00:40,4.768,2.0669,0.7686,1.3,simulated
2026-06-10T20:00:50,4.5279,2.0921,0.7671,1.3,simulated
2026-06-10T20:01:00,4.724,2.0616,0.7724,1.3,simulated
2026-06-10T20:01:10,4.677,2.0783,0.775,1.3,simulated
2026-06-10T20:01:20,4.5529,2.0866,0.773,1.3,simulated
2026-06-10T20:01:30,4.5232,2.0689,0.7704,1.3,simulated
2026-06-10T20:01:40,4.9182,2.0619,0.7816,1.3,simulated
2026-06-10T20:01:50,4.7888,2.0912,0.7862,1.3,simulated
2026-06-10T20:02:00,4.7249,2.1106,0.7877,1.3,simulated
2026-06-10T20:02:10,4.3383,2.0782,0.7759,1.3,simulated
2026-06-10T20:02:20,4.4034,2.0681,0.7687,1.3,simulated
2026-06-10T20:02:30,4.6006,2.0688,0.7695,1.3,simulated
2026-06-10T20:02:40,4.6712,2.0406,0.7726,1.3,simulated
2026-06-10T20:02:50,4.8492,2.0857,0.781,1.3,simulated
2026-06-10T20:03:00,4.9333,2.0833,0.7906,1.3,simulated
2026-06-10T20:03:10,4.9379,2.0847,0.7984,1.3,simulated
2026-06-10T20:03:20,4.8606,2.1205,0.802,1.3,simulated
2026-06-10T20:03:30,4.6193,2.0825,0.7968,1.3,simulated
2026-06-10T20:03:40,4.6048,2.0936,0.7922,1.3,simulated
2026-06-10T20:03:50,4.338,2.0609,0.7795,1.3,simulated
2026-06-10T20:04:00,4.358,2.0751,0.77,1.3,simulated
2026-06-10T20:04:10,4.2764,2.0386,0.7597,1.3,simulated
2026-06-10T20:04:20,4.3383,2.0569,0.7535,1.3,simulated
2026-06-10T20:04:30,4.3384,2.0504,0.7486,1.3,simulated
2026-06-10T20:04:40,4.3845,2.0572,0.7462,1.3,simulated
2026-06-10T20:04:50,4.4024,2.0254,0.7449,1.3,simulated
2026-06-10T20:05:00,4.2046,2.0306,0.7372,1.3,simulated
2026-06-10T20:05:10,4.2718,2.0209,0.7333,1.3,simulated
2026-06-10T20:05:20,4.1996,2.0385,0.7277,1.3,simulated
2026-06-10T20:05:30,3.9369,1.9885,0.7145,1.3,simulated
2026-06-10T20:05:40,3.6721,1.9891,0.6949,1.3,simulated
2026-06-10T20:05:50,3.5144,1.9813,0.674,1.3,simulated
2026-06-10T20:06:00,3.314,1.9532,0.6506,1.3,simulated
2026-06-10T20:06:10,3.4166,1.9122,0.6353,1.3,simulated
2026-06-10T20:06:20,3.475,1.9417,0.625,1.3,simulated
2026-06-10T20:06:30,3.6346,1.923,0.6221,1.3,simulated
2026-06-10T20:06:40,3.5504,1.932,0.617,1.3,simulated
2026-06-10T20:06:50,3.6097,1.9085,0.6149,1.3,simulated
2026-06-10T20:07:00,3.7002,1.9168,0.6162,1.3,simulated
2026-06-10T20:07:10,3.4885,1.9131,0.6102,1.3,simulated
2026-06-10T20:07:20,3.5339,1.9003,0.6069,1.3,simulated
2026-06-10T20:07:30,3.4188,1.9336,0.6004,1.3,simulated
2026-06-10T20:07:40,3.4666,1.8927,0.5968,1.3,simulated
2026-06-10T20:07:50,3.431,1.8978,0.5927,1.3,simulated
2026-06-10T20:08:00,3.2183,1.8727,0.5823,1.3,simulated
2026-06-10T20:08:10,3.2058,1.8652,0.5736,1.3,simulated
2026-06-10T20:08:20,3.1291,1.8618,0.564,1.3,simulated
2026-06-10T20:08:30,3.0133,1.8417,0.5524,1.3,simulated
2026-06-10T20:08:40,3.1716,1.8343,0.5485,1.3,simulated
2026-06-10T20:08:50,3.4439,1.8551,0.5545,1.3,simulated
2026-06-10T20:09:00,3.7064,1.8619,0.5682,1.3,simulated
2026-06-10T20:09:10,3.7985,1.9141,0.5822,1.3,simulated
2026-06-10T20:09:20,3.7579,1.8892,0.592,1.3,simulated
2026-06-10T20:09:30,3.7574,1.8899,0.5998,1.3,simulated
2026-06-10T20:09:40,3.7585,1.9154,0.6062,1.3,simulated
2026-06-10T20:09:50,3.9279,1.9431,0.6169,1.3,simulated
2026-06-10T20:10:00,3.6935,1.8936,0.6176,1.3,simulated
2026-06-10T20:10:10,3.723,1.9376,0.6192,1.3,simulated
2026-06-10T20:10:20,3.7197,1.9045,0.6203,1.3,simulated
2026-06-10T20:10:30,3.6824,1.9126,0.62,1.3,simulated
2026-06-10T20:10:40,3.5419,1.8941,0.615,1.3,simulated
2026-06-10T20:10:50,3.6481,1.9075,0.6146,1.3,simulated
2026-06-10T20:11:00,3.4823,1.8879,0.6087,1.3,simulated
2026-06-10T20:11:10,3.5542,1.8972,0.6064,1.3,simulated
2026-06-10T20:11:20,3.5951,1.9008,0.6059,1.3,simulated
2026-06-10T20:11:30,3.6193,1.9041,0.6063,1.3,simulated
2026-06-10T20:11:40,3.8634,1.9187,0.6149,1.3,simulated
2026-06-10T20:11:50,3.9047,1.9271,0.6231,1.3,simulated
2026-06-10T20:12:00,3.9202,1.929,0.6302,1.3,simulated
2026-06-10T20:12:10,3.6974,1.9478,0.6284,1.3,simulated
2026-06-10T20:12:20,3.8256,1.9338,0.6312,1.3,simulated
2026-06-10T20:12:30,4.1221,1.9616,0.6435,1.3,simulated
2026-06-10T20:12:40,3.9991,1.9511,0.6492,1.3,simulated
2026-06-10T20:12:50,3.9699,1.9431,0.6527,1.3,simulated
2026-06-10T20:13:00,3.8139,1.93,0.6503,1.3,simulated
2026-06-10T20:13:10,3.7012,1.9027,0.6446,1.3,simulated
2026-06-10T20:13:20,3.6117,1.9306,0.6371,1.3,simulated
2026-06-10T20:13:30,3.4347,1.9077,0.625,1.3,simulated
2026-06-10T20:13:40,3.4437,1.9154,0.6157,1.3,simulated
2026-06-10T20:13:50,3.5426,1.9308,0.6116,1.3,simulated
2026-06-10T20:14:00,3.4888,1.8726,0.6065,1.3,simulated
2026-06-10T20:14:10,3.3788,1.9088,0.5987,1.3,simulated
2026-06-10T20:14:20,3.4179,1.8711,0.5938,1.3,simulated
2026-06-10T20:14:30,3.376,1.8607,0.5885,1.3,simulated
2026-06-10T20:14:40,3.3807,1.918,0.5844,1.3,simulated
2026-06-10T20:14:50,3.3861,1.8926,0.5813,1.3,simulated
2026-06-10T20:15:00,3.3904,1.8344,0.5789,1.3,simulated
2026-06-10T20:15:10,3.4324,1.8986,0.5785,1.3,simulated
2026-06-10T20:15:20,3.4663,1.8759,0.5793,1.3,simulated
2026-06-10T20:15:30,3.608,1.907,0.5846,1.3,simulated
2026-06-10T20:15:40,3.4748,1.8706,0.5845,1.3,simulated
2026-06-10T20:15:50,3.4857,1.8877,0.5847,1.3,simulated
2026-06-10T20:16:00,3.5178,1.8877,0.586,1.3,simulated
2026-06-10T20:16:10,3.6127,1.8591,0.5901,1.3,simulated
2026-06-10T20:16:20,3.552,1.8934,0.5915,1.3,simulated
2026-06-10T20:16:30,3.74,1.9108,0.5988,1.3,simulated
2026-06-10T20:16:40,3.7796,1.8917,0.6061,1.3,simulated
2026-06-10T20:16:50,3.6723,1.9161,0.6082,1.3,simulated
2026-06-10T20:17:00,3.6595,1.9194,0.6096,1.3,simulated
2026-06-10T20:17:10,3.6474,1.9105,0.6102,1.3,simulated
2026-06-10T20:17:20,3.7637,1.9316,0.6146,1.3,simulated
2026-06-10T20:17:30,3.6499,1.9239,0.6143,1.3,simulated
2026-06-10T20:17:40,3.8414,1.9448,0.6205,1.3,simulated
2026-06-10T20:17:50,3.8679,1.9303,0.6264,1.3,simulated
2026-06-10T20:18:00,3.9456,1.9493,0.6337,1.3,simulated
2026-06-10T20:18:10,3.9119,1.9362,0.6384,1.3,simulated
2026-06-10T20:18:20,3.9774,1.9545,0.6444,1.3,simulated
2026-06-10T20:18:30,3.9972,1.9549,0.6498,1.3,simulated
2026-06-10T20:18:40,4.1104,1.9646,0.6579,1.3,simulated
2026-06-10T20:18:50,4.217,1.9792,0.668,1.3,simulated
2026-06-10T20:19:00,4.1776,1.97,0.6748,1.3,simulated
2026-06-10T20:19:10,4.4149,1.9834,0.6882,1.3,simulated
2026-06-10T20:19:20,4.1052,1.9614,0.6885,1.3,simulated
2026-06-10T20:19:30,4.1027,1.9921,0.6886,1.3,simulated
2026-06-10T20:19:40,4.1109,1.9714,0.689,1.3,simulated
2026-06-10T20:19:50,3.9527,1.9725,0.684,1.3,simulated
2026-06-10T20:20:00,3.981,1.9752,0.681,1.3,simulated
2026-06-10T20:20:10,4.02,1.9897,0.6799,1.3,simulated
2026-06-10T20:20:20,3.9976,1.9868,0.6782,1.3,simulated
2026-06-10T20:20:30,4.0711,1.9863,0.6794,1.3,simulated
2026-06-10T20:20:40,4.052,1.9769,0.6796,1.3,simulated
2026-06-10T20:20:50,3.9224,1.9797,0.6755,1.3,simulated
2026-06-10T20:21:00,3.7524,1.9531,0.6665,1.3,simulated
2026-06-10T20:21:10,3.8607,1.986,0.6629,1.3,simulated
2026-06-10T20:21:20,3.7823,1.9817,0.6574,1.3,simulated
2026-06-10T20:21:30,3.7778,1.9439,0.6529,1.3,simulated
2026-06-10T20:21:40,4.01,1.9384,0.657,1.3,simulated
2026-06-10T20:21:50,4.1349,1.9472,0.6646,1.3,simulated
2026-06-10T20:22:00,4.2517,1.9606,0.6745,1.3,simulated
2026-06-10T20:22:10,4.2252,1.9676,0.6816,1.3,simulated
2026-06-10T20:22:20,4.226,1.9918,0.6872,1.3,simulated
2026-06-10T20:22:30,3.9643,1.9857,0.683,1.3,simulated
2026-06-10T20:22:40,3.9906,1.9932,0.6805,1.3,simulated
2026-06-10T20:22:50,4.1771,1.9874,0.6847,1.3,simulated
2026-06-10T20:23:00,4.0822,1.9881,0.685,1.3,simulated
2026-06-10T20:23:10,4.3824,1.9907,0.6952,1.3,simulated
2026-06-10T20:23:20,4.4682,2.0297,0.7063,1.3,simulated
2026-06-10T20:23:30,4.5064,2.0406,0.7165,1.3,simulated
2026-06-10T20:23:40,4.4398,2.0105,0.7223,1.3,simulated
2026-06-10T20:23:50,4.5762,2.0362,0.7316,1.3,simulated
2026-06-10T20:24:00,4.7345,2.0405,0.7444,1.3,simulated
2026-06-10T20:24:10,4.5919,2.0459,0.7498,1.3,simulated
2026-06-10T20:24:20,4.424,2.04,0.7485,1.3,simulated
2026-06-10T20:24:30,4.3519,2.0278,0.745,1.3,simulated
2026-06-10T20:24:40,4.17,2.032,0.7361,1.3,simulated
2026-06-10T20:24:50,4.4536,2.0527,0.7385,1.3,simulated
2026-06-10T20:25:00,4.6077,2.0663,0.7456,1.3,simulated
2026-06-10T20:25:10,4.6492,2.0669,0.7527,1.3,simulated
2026-06-10T20:25:20,4.8457,2.0672,0.765,1.3,simulated
2026-06-10T20:25:30,4.89,2.0965,0.7763,1.3,simulated
2026-06-10T20:25:40,4.8998,2.0845,0.7857,1.3,simulated
2026-06-10T20:25:50,5.0605,2.0967,0.7986,1.3,simulated
2026-06-10T20:26:00,5.0022,2.087,0.8069,1.3,simulated
2026-06-10T20:26:10,5.0607,2.1334,0.8156,1.3,simulated
2026-06-10T20:26:20,5.0198,2.1363,0.8211,1.3,simulated
2026-06-10T20:26:30,5.0368,2.1119,0.8261,1.3,simulated
2026-06-10T20:26:40,4.8612,2.1054,0.8243,1.3,simulated
2026-06-10T20:26:50,4.7285,2.1482,0.8183,1.3,simulated
2026-06-10T20:27:00,4.5279,2.1102,0.8068,1.3,simulated
2026-06-10T20:27:10,4.4546,2.0789,0.7951,1.3,simulated
2026-06-10T20:27:20,4.3753,2.0784,0.7831,1.3,simulated
2026-06-10T20:27:30,4.2957,2.0794,0.7708,1.3,simulated
2026-06-10T20:27:40,4.2413,2.0753,0.7591,1.3,simulated
2026-06-10T20:27:50,4.3094,2.0642,0.7521,1.3,simulated
2026-06-10T20:28:00,4.2419,2.0683,0.7442,1.3,simulated
2026-06-10T20:28:10,3.9215,2.038,0.7271,1.3,simulated
2026-06-10T20:28:20,3.7148,2.0133,0.7065,1.3,simulated
2026-06-10T20:28:30,3.7226,2.0087,0.6903,1.3,simulated
2026-06-10T20:28:40,3.5934,1.9655,0.673,1.3,simulated
2026-06-10T20:28:50,3.6488,1.9522,0.661,1.3,simulated
2026-06-10T20:29:00,3.8395,1.9366,0.6578,1.3,simulated
2026-06-10T20:29:10,3.6487,1.9603,0.6488,1.3,simulated
2026-06-10T20:29:20,3.85,1.9379,0.6484,1.3,simulated
2026-06-10T20:29:30,3.4693,1.9391,0.6353,1.3,simulated
2026-06-10T20:29:40,3.5067,1.9276,0.6261,1.3,simulated
2026-06-10T20:29:50,3.4715,1.9124,0.6175,1.3,simulated
2026-06-10T20:30:00,3.5811,1.9083,0.6143,1.3,simulated
2026-06-10T20:30:10,3.5592,1.9259,0.611,1.3,simulated
2026-06-10T20:30:20,3.5527,1.9325,0.6082,1.3,simulated
2026-06-10T20:30:30,3.4814,1.8973,0.6035,1.3,simulated
2026-06-10T20:30:40,3.654,1.8939,0.6056,1.3,simulated
2026-06-10T20:30:50,3.8085,1.9414,0.6125,1.3,simulated
2026-06-10T20:31:00,3.8755,1.9215,0.6202,1.3,simulated
2026-06-10T20:31:10,3.9983,1.9221,0.6305,1.3,simulated
2026-06-10T20:31:20,4.0993,1.9372,0.6421,1.3,simulated
2026-06-10T20:31:30,4.1328,1.9654,0.6526,1.3,simulated
2026-06-10T20:31:40,3.9141,1.9523,0.6536,1.3,simulated
2026-06-10T20:31:50,3.8835,1.9547,0.6533,1.3,simulated
2026-06-10T20:32:00,3.9083,1.9346,0.654,1.3,simulated
2026-06-10T20:32:10,4.0372,1.9472,0.6588,1.3,simulated
2026-06-10T20:32:20,3.8555,1.9733,0.6566,1.3,simulated
2026-06-10T20:32:30,3.754,1.9577,0.6514,1.3,simulated
2026-06-10T20:32:40,3.7159,1.9611,0.646,1.3,simulated
2026-06-10T20:32:50,3.4365,1.9067,0.6323,1.3,simulated
2026-06-10T20:33:00,3.5873,1.9176,0.6263,1.3,simulated
2026-06-10T20:33:10,3.6689,1.929,0.6244,1.3,simulated
2026-06-10T20:33:20,3.9292,1.9416,0.6315,1.3,simulated
2026-06-10T20:33:30,4.0922,1.9739,0.6427,1.3,simulated
2026-06-10T20:33:40,4.0463,1.9531,0.6501,1.3,simulated
2026-06-10T20:33:50,4.1897,1.9475,0.6609,1.3,simulated
2026-06-10T20:34:00,4.2648,1.9606,0.672,1.3,simulated
2026-06-10T20:34:10,4.0967,1.9551,0.6752,1.3,simulated
2026-06-10T20:34:20,3.9666,1.9936,0.6735,1.3,simulated
2026-06-10T20:34:30,3.9743,1.97,0.6723,1.3,simulated
2026-06-10T20:34:40,4.1598,1.968,0.6776,1.3,simulated
2026-06-10T20:34:50,4.207,2.0007,0.6835,1.3,simulated
2026-06-10T20:35:00,4.2012,2.0081,0.6879,1.3,simulated
2026-06-10T20:35:10,4.1677,1.9856,0.6904,1.3,simulated
2026-06-10T20:35:20,4.3106,1.9893,0.6971,1.3,simulated
2026-06-10T20:35:30,4.2858,2.0061,0.7017,1.3,simulated
2026-06-10T20:35:40,4.3117,1.9809,0.7062,1.3,simulated
2026-06-10T20:35:50,4.2604,2.0156,0.7081,1.3,simulated
2026-06-10T20:36:00,4.3256,2.022,0.7119,1.3,simulated
2026-06-10T20:36:10,4.4229,2.0209,0.7181,1.3,simulated
2026-06-10T20:36:20,4.4646,2.0351,0.7245,1.3,simulated
2026-06-10T20:36:30,4.487,2.0306,0.7303,1.3,simulated
2026-06-10T20:36:40,4.3204,2.032,0.7294,1.3,simulated
2026-06-10T20:36:50,4.4858,2.0551,0.7343,1.3,simulated
2026-06-10T20:37:00,4.332,2.0347,0.733,1.3,simulated
2026-06-10T20:37:10,4.2524,2.0536,0.7293,1.3,simulated
2026-06-10T20:37:20,3.9899,2.0303,0.7175,1.3,simulated
2026-06-10T20:37:30,3.889,2.0007,0.7046,1.3,simulated
2026-06-10T20:37:40,3.9452,1.9956,0.6963,1.3,simulated
2026-06-10T20:37:50,3.8576,1.9765,0.6866,1.3,simulated
2026-06-10T20:38:00,3.8118,1.9956,0.6774,1.3,simulated
2026-06-10T20:38:10,3.9711,2.017,0.6753,1.3,simulated
2026-06-10T20:38:20,3.9942,1.9707,0.6745,1.3,simulated
2026-06-10T20:38:30,3.8821,1.9745,0.67,1.3,simulated
2026-06-10T20:38:40,4.0622,1.9798,0.6725,1.3,simulated
2026-06-10T20:38:50,3.9527,1.9722,0.6708,1.3,simulated
2026-06-10T20:39:00,3.9976,1.9685,0.671,1.3,simulated
2026-06-10T20:39:10,4.1726,1.9865,0.677,1.3,simulated
2026-06-10T20:39:20,4.2601,1.9628,0.6847,1.3,simulated
2026-06-10T20:39:30,4.3193,1.9798,0.6929,1.3,simulated
2026-06-10T20:39:40,4.3686,2.0047,0.7011,1.3,simulated
2026-06-10T20:39:50,4.2165,2.0036,0.7026,1.3,simulated
2026-06-10T20:40:00,4.3005,2.0095,0.7065,1.3,simulated
2026-06-10T20:40:10,4.3264,2.0194,0.7106,1.3,simulated
2026-06-10T20:40:20,4.2799,2.0302,0.7123,1.3,simulated
2026-06-10T20:40:30,4.1319,1.9929,0.7087,1.3,simulated
2026-06-10T20:40:40,3.9871,1.9907,0.7009,1.3,simulated
2026-06-10T20:40:50,4.0844,2.0141,0.698,1.3,simulated
2026-06-10T20:41:00,3.9265,1.9916,0.6903,1.3,simulated
2026-06-10T20:41:10,4.0137,1.9899,0.6871,1.3,simulated
2026-06-10T20:41:20,3.8829,1.9983,0.6801,1.3,simulated
2026-06-10T20:41:30,3.6926,1.9407,0.6682,1.3,simulated
2026-06-10T20:41:40,3.7033,1.9813,0.659,1.3,simulated
2026-06-10T20:41:50,3.5305,1.9488,0.6458,1.3,simulated
2026-06-10T20:42:00,3.6824,1.9213,0.6404,1.3,simulated
2026-06-10T20:42:10,3.7794,1.9575,0.6393,1.3,simulated
2026-06-10T20:42:20,3.6342,1.9605,0.6335,1.3,simulated
2026-06-10T20:42:30,3.5675,1.9493,0.6267,1.3,simulated
2026-06-10T20:42:40,3.4934,1.915,0.6187,1.3,simulated
2026-06-10T20:42:50,3.4771,1.9223,0.6118,1.3,simulated
2026-06-10T20:43:00,3.3024,1.9085,0.6004,1.3,simulated
2026-06-10T20:43:10,3.2435,1.8688,0.5893,1.3,simulated
2026-06-10T20:43:20,3.3276,1.9217,0.5833,1.3,simulated
2026-06-10T20:43:30,3.3232,1.8634,0.5783,1.3,simulated
2026-06-10T20:43:40,3.3938,1.9076,0.5766,1.3,simulated
2026-06-10T20:43:50,3.6387,1.8831,0.5836,1.3,simulated
2026-06-10T20:44:00,3.3641,1.8839,0.5799,1.3,simulated
2026-06-10T20:44:10,3.2716,1.87,0.5738,1.3,simulated
2026-06-10T20:44:20,3.4661,1.8965,0.5755,1.3,simulated
2026-06-10T20:44:30,3.5158,1.9054,0.5786,1.3,simulated
2026-06-10T20:44:40,3.4146,1.8803,0.5776,1.3,simulated
2026-06-10T20:44:50,3.4785,1.8695,0.5789,1.3,simulated
2026-06-10T20:45:00,3.5446,1.8718,0.5823,1.3,simulated
2026-06-10T20:45:10,3.6448,1.8983,0.5883,1.3,simulated
2026-06-10T20:45:20,3.686,1.8611,0.5945,1.3,simulated
2026-06-10T20:45:30,3.8709,1.8815,0.6056,1.3,simulated
2026-06-10T20:45:40,4.029,1.92,0.6199,1.3,simulated
2026-06-10T20:45:50,3.9284,1.9325,0.6279,1.3,simulated
2026-06-10T20:46:00,3.8437,1.9242,0.6315,1.3,simulated
2026-06-10T20:46:10,3.7176,1.9236,0.6301,1.3,simulated
2026-06-10T20:46:20,3.7296,1.9035,0.6294,1.3,simulated
2026-06-10T20:46:30,3.7527,1.9237,0.6296,1.3,simulated
2026-06-10T20:46:40,3.5825,1.9217,0.624,1.3,simulated
2026-06-10T20:46:50,3.3008,1.9145,0.6101,1.3,simulated
2026-06-10T20:47:00,3.3075,1.9079,0.5992,1.3,simulated
2026-06-10T20:47:10,3.3546,1.8629,0.5921,1.3,simulated
2026-06-10T20:47:20,3.2105,1.905,0.5816,1.3,simulated
2026-06-10T20:47:30,3.3678,1.8467,0.5784,1.3,simulated
2026-06-10T20:47:40,3.37,1.8837,0.576,1.3,simulated
2026-06-10T20:47:50,3.3546,1.8667,0.5735,1.3,simulated
2026-06-10T20:48:00,3.288,1.884,0.5693,1.3,simulated
2026-06-10T20:48:10,3.4696,1.8803,0.572,1.3,simulated
2026-06-10T20:48:20,3.2857,1.8651,0.568,1.3,simulated
2026-06-10T20:48:30,3.2353,1.8584,0.5631,1.3,simulated
2026-06-10T20:48:40,3.4311,1.8408,0.5658,1.3,simulated
2026-06-10T20:48:50,3.3158,1.8627,0.564,1.3,simulated
2026-06-10T20:49:00,3.2028,1.8479,0.5588,1.3,simulated
2026-06-10T20:49:10,3.4851,1.85,0.5642,1.3,simulated
2026-06-10T20:49:20,3.5323,1.8533,0.57,1.3,simulated
2026-06-10T20:49:30,3.4315,1.8715,0.5713,1.3,simulated
2026-06-10T20:49:40,3.4952,1.8682,0.5745,1.3,simulated
2026-06-10T20:49:50,3.2796,1.8828,0.5698,1.3,simulated
2026-06-10T20:50:00,3.46,1.864,0.5721,1.3,simulated
2026-06-10T20:50:10,3.3,1.8462,0.5685,1.3,simulated
2026-06-10T20:50:20,3.5205,1.8613,0.5731,1.3,simulated
2026-06-10T20:50:30,3.5456,1.878,0.5776,1.3,simulated
2026-06-10T20:50:40,3.672,1.858,0.5855,1.3,simulated
2026-06-10T20:50:50,3.6202,1.9097,0.59,1.3,simulated
2026-06-10T20:51:00,3.7619,1.8949,0.5984,1.3,simulated
2026-06-10T20:51:10,3.758,1.9029,0.605,1.3,simulated
2026-06-10T20:51:20,3.83,1.9146,0.6127,1.3,simulated
2026-06-10T20:51:30,3.9997,1.9345,0.6245,1.3,simulated
2026-06-10T20:51:40,4.2973,1.9539,0.644,1.3,simulated
2026-06-10T20:51:50,4.3305,1.9493,0.6607,1.3,simulated
2026-06-10T20:52:00,4.2835,1.9617,0.6725,1.3,simulated
2026-06-10T20:52:10,4.2283,2.0096,0.6801,1.3,simulated
2026-06-10T20:52:20,4.2137,1.954,0.6856,1.3,simulated
2026-06-10T20:52:30,4.1613,1.9731,0.6883,1.3,simulated
2026-06-10T20:52:40,4.0966,1.975,0.6883,1.3,simulated
2026-06-10T20:52:50,4.0318,1.9996,0.6861,1.3,simulated
2026-06-10T20:53:00,3.9711,1.9865,0.6823,1.3,simulated
2026-06-10T20:53:10,4.0095,1.9853,0.6806,1.3,simulated
2026-06-10T20:53:20,4.0047,1.9659,0.679,1.3,simulated
2026-06-10T20:53:30,4.0271,1.9833,0.6785,1.3,simulated
2026-06-10T20:53:40,4.0111,1.9631,0.6776,1.3,simulated
2026-06-10T20:53:50,4.0835,1.9708,0.6793,1.3,simulated
2026-06-10T20:54:00,4.1604,1.9718,0.6832,1.3,simulated
2026-06-10T20:54:10,4.2501,1.9785,0.6894,1.3,simulated
2026-06-10T20:54:20,4.1431,1.9756,0.6907,1.3,simulated
2026-06-10T20:54:30,4.0706,1.9925,0.6893,1.3,simulated
2026-06-10T20:54:40,4.2068,1.9972,0.6928,1.3,simulated
2026-06-10T20:54:50,4.0522,1.9781,0.6904,1.3,simulated
2026-06-10T20:55:00,4.3633,1.992,0.6989,1.3,simulated
2026-06-10T20:55:10,4.1805,2.006,0.6996,1.3,simulated
2026-06-10T20:55:20,4.3695,2.0087,0.7065,1.3,simulated
2026-06-10T20:55:30,4.4393,2.0359,0.7144,1.3,simulated
2026-06-10T20:55:40,4.3728,2.0145,0.7184,1.3,simulated
2026-06-10T20:55:50,4.2673,2.0229,0.7181,1.3,simulated
2026-06-10T20:56:00,4.2022,2.0256,0.7157,1.3,simulated
2026-06-10T20:56:10,4.2075,1.9989,0.7139,1.3,simulated
2026-06-10T20:56:20,4.0161,1.9898,0.7061,1.3,simulated
2026-06-10T20:56:30,4.2402,1.9867,0.7073,1.3,simulated
2026-06-10T20:56:40,4.114,2.0102,0.7041,1.3,simulated
2026-06-10T20:56:50,4.1898,2.001,0.7041,1.3,simulated
2026-06-10T20:57:00,4.2967,2.0114,0.7076,1.3,simulated
2026-06-10T20:57:10,4.6817,2.0252,0.7234,1.3,simulated
2026-06-10T20:57:20,4.7134,2.0401,0.7371,1.3,simulated
2026-06-10T20:57:30,4.7131,2.0575,0.748,1.3,simulated
2026-06-10T20:57:40,4.4716,2.0426,0.7487,1.3,simulated
2026-06-10T20:57:50,4.558,2.0633,0.7521,1.3,simulated
2026-06-10T20:58:00,4.3762,2.0578,0.7487,1.3,simulated
2026-06-10T20:58:10,4.389,2.0256,0.7464,1.3,simulated
2026-06-10T20:58:20,4.4194,2.0421,0.7456,1.3,simulated
2026-06-10T20:58:30,4.5252,2.0717,0.7486,1.3,simulated
2026-06-10T20:58:40,4.4401,2.1019,0.748,1.3,simulated
2026-06-10T20:58:50,4.5749,2.0515,0.7521,1.3,simulated
2026-06-10T20:59:00,4.5118,2.0537,0.7533,1.3,simulated
2026-06-10T20:59:10,4.4676,2.0281,0.7528,1.3,simulated
2026-06-10T20:59:20,4.6664,2.0607,0.759,1.3,simulated
2026-06-10T20:59:30,4.6946,2.0639,0.7649,1.3,simulated
2026-06-10T20:59:40,4.7894,2.0643,0.7729,1.3,simulated
2026-06-10T20:59:50,4.7947,2.1059,0.7794,1.3,simulated
2026-06-10T21:00:00,4.6309,2.0823,0.7791,1.3,simulated
2026-06-10T21:00:10,4.6914,2.066,0.7809,1.3,simulated
2026-06-10T21:00:20,4.6485,2.0645,0.7809,1.3,simulated
2026-06-10T21:00:30,4.4692,2.0859,0.7749,1.3,simulated
2026-06-10T21:00:40,4.6566,2.0669,0.7764,1.3,simulated
2026-06-10T21:00:50,4.7316,2.0661,0.7801,1.3,simulated
2026-06-10T21:01:00,4.8263,2.0609,0.7862,1.3,simulated
2026-06-10T21:01:10,4.6822,2.0843,0.7863,1.3,simulated
2026-06-10T21:01:20,4.7008,2.0959,0.787,1.3,simulated
2026-06-10T21:01:30,4.8076,2.1033,0.7911,1.3,simulated
2026-06-10T21:01:40,4.5721,2.0901,0.7865,1.3,simulated
2026-06-10T21:01:50,4.4853,2.1046,0.7799,1.3,simulated
2026-06-10T21:02:00,4.3895,2.0536,0.7714,1.3,simulated
2026-06-10T21:02:10,4.3134,2.065,0.7621,1.3,simulated
2026-06-10T21:02:20,4.4076,2.0634,0.7578,1.3,simulated
2026-06-10T21:02:30,4.277,2.0253,0.7499,1.3,simulated
2026-06-10T21:02:40,4.3466,2.0431,0.746,1.3,simulated
2026-06-10T21:02:50,4.499,2.0315,0.7479,1.3,simulated
2026-06-10T21:03:00,4.5015,2.053,0.7496,1.3,simulated
2026-06-10T21:03:10,4.6829,2.0445,0.757,1.3,simulated
2026-06-10T21:03:20,4.6857,2.0729,0.7631,1.3,simulated
2026-06-10T21:03:30,4.4889,2.0851,0.7613,1.3,simulated
2026-06-10T21:03:40,4.2946,2.05,0.7533,1.3,simulated
2026-06-10T21:03:50,3.9144,2.0244,0.7342,1.3,simulated
2026-06-10T21:04:00,3.6772,1.9927,0.7109,1.3,simulated
2026-06-10T21:04:10,3.8627,2.0044,0.6985,1.3,simulated
2026-06-10T21:04:20,3.8827,1.9754,0.6893,1.3,simulated
2026-06-10T21:04:30,3.8195,1.9937,0.6797,1.3,simulated
2026-06-10T21:04:40,3.9844,2.0025,0.6777,1.3,simulated
2026-06-10T21:04:50,3.9874,2.0021,0.6761,1.3,simulated
2026-06-10T21:05:00,4.0625,2.0047,0.6774,1.3,simulated
2026-06-10T21:05:10,4.2189,1.9853,0.6837,1.3,simulated
2026-06-10T21:05:20,4.3961,2.0016,0.6946,1.3,simulated
2026-06-10T21:05:30,4.367,1.9907,0.7024,1.3,simulated
2026-06-10T21:05:40,4.1577,1.9817,0.7017,1.3,simulated
2026-06-10T21:05:50,4.4725,2.0227,0.7116,1.3,simulated
2026-06-10T21:06:00,4.3899,1.9954,0.7168,1.3,simulated
2026-06-10T21:06:10,4.4105,2.0365,0.7216,1.3,simulated
2026-06-10T21:06:20,4.4348,2.0133,0.7263,1.3,simulated
2026-06-10T21:06:30,4.3944,2.0256,0.7287,1.3,simulated
2026-06-10T21:06:40,4.264,2.0523,0.7262,1.3,simulated
2026-06-10T21:06:50,4.3334,2.0304,0.7266,1.3,simulated
2026-06-10T21:07:00,4.1356,2.0279,0.7202,1.3,simulated
2026-06-10T21:07:10,4.0128,2.0069,0.711,1.3,simulated
2026-06-10T21:07:20,3.9322,2.0138,0.7009,1.3,simulated
2026-06-10T21:07:30,3.8703,1.9868,0.6908,1.3,simulated
2026-06-10T21:07:40,4.0205,1.9737,0.6877,1.3,simulated
2026-06-10T21:07:50,4.2407,1.9778,0.6927,1.3,simulated
2026-06-10T21:08:00,4.3953,1.9783,0.7018,1.3,simulated
2026-06-10T21:08:10,4.4115,1.9908,0.7097,1.3,simulated
2026-06-10T21:08:20,4.0633,2.0143,0.7043,1.3,simulated
2026-06-10T21:08:30,3.971,1.9956,0.6968,1.3,simulated
2026-06-10T21:08:40,3.8687,1.9731,0.6875,1.3,simulated
2026-06-10T21:08:50,3.8705,1.9918,0.68,1.3,simulated
2026-06-10T21:09:00,3.7702,1.9734,0.6707,1.3,simulated
2026-06-10T21:09:10,3.9554,1.9761,0.6695,1.3,simulated
2026-06-10T21:09:20,3.8962,1.9516,0.6665,1.3,simulated
2026-06-10T21:09:30,3.8198,1.9546,0.6615,1.3,simulated
2026-06-10T21:09:40,3.6089,1.9557,0.6505,1.3,simulated
2026-06-10T21:09:50,3.688,1.9402,0.6443,1.3,simulated
2026-06-10T21:10:00,3.594,1.9513,0.6362,1.3,simulated
2026-06-10T21:10:10,3.6566,1.9434,0.6318,1.3,simulated
2026-06-10T21:10:20,3.5724,1.948,0.6255,1.3,simulated
2026-06-10T21:10:30,3.6658,1.9282,0.6236,1.3,simulated
2026-06-10T21:10:40,3.6666,1.9124,0.622,1.3,simulated
2026-06-10T21:10:50,3.6593,1.9213,0.6206,1.3,simulated
2026-06-10T21:11:00,3.7371,1.9569,0.622,1.3,simulated
2026-06-10T21:11:10,3.4343,1.9293,0.613,1.3,simulated
2026-06-10T21:11:20,3.6067,1.9093,0.6116,1.3,simulated
2026-06-10T21:11:30,3.602,1.921,0.6103,1.3,simulated
2026-06-10T21:11:40,3.7247,1.9103,0.6134,1.3,simulated
2026-06-10T21:11:50,3.8798,1.9163,0.6211,1.3,simulated
2026-06-10T21:12:00,3.8716,1.9439,0.6269,1.3,simulated
2026-06-10T21:12:10,3.8072,1.9359,0.6295,1.3,simulated
2026-06-10T21:12:20,3.6876,1.9415,0.6275,1.3,simulated
2026-06-10T21:12:30,3.6355,1.9504,0.6241,1.3,simulated
2026-06-10T21:12:40,3.4685,1.9084,0.6159,1.3,simulated
2026-06-10T21:12:50,3.4137,1.912,0.6074,1.3,simulated
2026-06-10T21:13:00,3.4746,1.9169,0.6027,1.3,simulated
2026-06-10T21:13:10,3.3852,1.9078,0.5959,1.3,simulated
2026-06-10T21:13:20,3.286,1.8815,0.5871,1.3,simulated
2026-06-10T21:13:30,3.1064,1.8748,0.5741,1.3,simulated
2026-06-10T21:13:40,3.1354,1.8935,0.5646,1.3,simulated
2026-06-10T21:13:50,3.0675,1.8464,0.5547,1.3,simulated
2026-06-10T21:14:00,3.0789,1.8542,0.5472,1.3,simulated
2026-06-10T21:14:10,3.0578,1.848,0.5405,1.3,simulated
2026-06-10T21:14:20,3.0995,1.8151,0.5366,1.3,simulated
2026-06-10T21:14:30,2.9001,1.8365,0.5267,1.3,simulated
2026-06-10T21:14:40,2.8177,1.7959,0.516,1.3,simulated
2026-06-10T21:14:50,2.8563,1.812,0.5088,1.3,simulated
2026-06-10T21:15:00,2.9929,1.8261,0.5076,1.3,simulated
2026-06-10T21:15:10,2.8908,1.7958,0.5032,1.3,simulated
2026-06-10T21:15:20,3.1272,1.7849,0.5076,1.3,simulated
2026-06-10T21:15:30,3.1141,1.8104,0.5108,1.3,simulated
2026-06-10T21:15:40,3.2163,1.8164,0.5167,1.3,simulated
2026-06-10T21:15:50,3.0273,1.8169,0.5151,1.3,simulated
2026-06-10T21:16:00,2.818,1.8101,0.5067,1.3,simulated
2026-06-10T21:16:10,2.8001,1.8037,0.4995,1.3,simulated
2026-06-10T21:16:20,2.7798,1.771,0.493,1.3,simulated
2026-06-10T21:16:30,2.8955,1.8078,0.4917,1.3,simulated
2026-06-10T21:16:40,3.0328,1.7627,0.4952,1.3,simulated
2026-06-10T21:16:50,3.2762,1.8009,0.5063,1.3,simulated
2026-06-10T21:17:00,3.4442,1.8328,0.5207,1.3,simulated
2026-06-10T21:17:10,3.7427,1.8309,0.5423,1.3,simulated
2026-06-10T21:17:20,3.898,1.8431,0.5649,1.3,simulated
2026-06-10T21:17:30,4.1695,1.8807,0.592,1.3,simulated
2026-06-10T21:17:40,4.0664,1.9029,0.6102,1.3,simulated
2026-06-10T21:17:50,4.2055,1.9595,0.6295,1.3,simulated
2026-06-10T21:18:00,4.3847,1.9285,0.6509,1.3,simulated
2026-06-10T21:18:10,4.1378,1.9661,0.6598,1.3,simulated
2026-06-10T21:18:20,4.1115,1.9629,0.6659,1.3,simulated
2026-06-10T21:18:30,4.1268,1.9592,0.6714,1.3,simulated
2026-06-10T21:18:40,4.4145,1.9647,0.6855,1.3,simulated
2026-06-10T21:18:50,4.3109,1.9754,0.6932,1.3,simulated
2026-06-10T21:19:00,4.2334,2.002,0.6968,1.3,simulated
2026-06-10T21:19:10,4.3524,2.0138,0.7037,1.3,simulated
2026-06-10T21:19:20,4.348,2.0288,0.709,1.3,simulated
2026-06-10T21:19:30,4.4117,2.0011,0.7155,1.3,simulated
2026-06-10T21:19:40,4.3234,1.9858,0.7176,1.3,simulated
2026-06-10T21:19:50,4.1736,2.023,0.7143,1.3,simulated
2026-06-10T21:20:00,4.2734,2.023,0.7151,1.3,simulated
2026-06-10T21:20:10,4.3532,2.0361,0.7183,1.3,simulated
2026-06-10T21:20:20,4.1421,1.9854,0.7138,1.3,simulated
2026-06-10T21:20:30,4.1087,2.0316,0.7091,1.3,simulated
2026-06-10T21:20:40,4.3353,2.0149,0.713,1.3,simulated
2026-06-10T21:20:50,4.3745,2.0476,0.7174,1.3,simulated
2026-06-10T21:21:00,4.2932,2.015,0.7181,1.3,simulated
2026-06-10T21:21:10,4.4009,2.0432,0.7224,1.3,simulated
2026-06-10T21:21:20,4.5387,2.0217,0.7304,1.3,simulated
2026-06-10T21:21:30,4.6378,2.0724,0.7402,1.3,simulated
2026-06-10T21:21:40,4.6644,2.0411,0.7488,1.3,simulated
2026-06-10T21:21:50,4.5017,2.0276,0.7503,1.3,simulated
2026-06-10T21:22:00,4.4864,2.0546,0.751,1.3,simulated
2026-06-10T21:22:10,4.5935,2.0723,0.7552,1.3,simulated
2026-06-10T21:22:20,4.659,2.0797,0.7607,1.3,simulated
2026-06-10T21:22:30,4.6015,2.0622,0.7631,1.3,simulated
2026-06-10T21:22:40,4.5341,2.0688,0.7629,1.3,simulated
2026-06-10T21:22:50,4.4603,2.06,0.7601,1.3,simulated
2026-06-10T21:23:00,4.5512,2.0812,0.761,1.3,simulated
2026-06-10T21:23:10,4.5493,2.0774,0.7617,1.3,simulated
2026-06-10T21:23:20,4.5822,2.0558,0.7633,1.3,simulated
2026-06-10T21:23:30,4.5326,2.0775,0.7629,1.3,simulated
2026-06-10T21:23:40,4.6947,2.0678,0.7681,1.3,simulated
2026-06-10T21:23:50,4.7348,2.0914,0.7736,1.3,simulated
2026-06-10T21:24:00,4.6892,2.0707,0.7764,1.3,simulated
2026-06-10T21:24:10,4.72,2.0811,0.7797,1.3,simulated
2026-06-10T21:24:20,4.7557,2.075,0.7836,1.3,simulated
2026-06-10T21:24:30,4.6272,2.0589,0.7823,1.3,simulated
2026-06-10T21:24:40,4.4851,2.0583,0.7766,1.3,simulated
2026-06-10T21:24:50,4.6596,2.0947,0.7778,1.3,simulated
2026-06-10T21:25:00,4.73,2.0905,0.7812,1.3,simulated
2026-06-10T21:25:10,4.7332,2.0721,0.784,1.3,simulated
2026-06-10T21:25:20,4.7324,2.0936,0.7862,1.3,simulated
2026-06-10T21:25:30,4.5639,2.0828,0.7823,1.3,simulated
2026-06-10T21:25:40,4.6078,2.0922,0.7807,1.3,simulated
2026-06-10T21:25:50,4.704,2.0759,0.7826,1.3,simulated
2026-06-10T21:26:00,4.658,2.0824,0.7826,1.3,simulated
2026-06-10T21:26:10,4.4395,2.058,0.7752,1.3,simulated
2026-06-10T21:26:20,4.1429,2.0766,0.7594,1.3,simulated
2026-06-10T21:26:30,3.9656,2.0486,0.7408,1.3,simulated
2026-06-10T21:26:40,3.9273,2.0263,0.7246,1.3,simulated
2026-06-10T21:26:50,3.7632,2.0428,0.7061,1.3,simulated
2026-06-10T21:27:00,4.0402,2.0183,0.7006,1.3,simulated
2026-06-10T21:27:10,3.9665,2.0152,0.6938,1.3,simulated
2026-06-10T21:27:20,3.8671,1.9899,0.685,1.3,simulated
2026-06-10T21:27:30,3.9228,1.9721,0.6798,1.3,simulated
2026-06-10T21:27:40,3.9541,1.9835,0.6767,1.3,simulated
2026-06-10T21:27:50,3.9314,1.9742,0.6734,1.3,simulated
2026-06-10T21:28:00,3.958,1.9667,0.6717,1.3,simulated
2026-06-10T21:28:10,4.1391,1.9943,0.6765,1.3,simulated
2026-06-10T21:28:20,4.3061,1.9812,0.6859,1.3,simulated
2026-06-10T21:28:30,4.4787,2.003,0.6992,1.3,simulated
2026-06-10T21:28:40,4.5315,2.0135,0.7116,1.3,simulated
2026-06-10T21:28:50,4.2652,1.9901,0.7126,1.3,simulated
2026-06-10T21:29:00,4.4038,2.0261,0.718,1.3,simulated
2026-06-10T21:29:10,4.4014,2.0339,0.7223,1.3,simulated
2026-06-10T21:29:20,4.4051,2.0267,0.7259,1.3,simulated
2026-06-10T21:29:30,4.4372,2.0337,0.7298,1.3,simulated
2026-06-10T21:29:40,4.294,2.0234,0.7281,1.3,simulated
2026-06-10T21:29:50,4.2602,2.0163,0.7256,1.3,simulated
2026-06-10T21:30:00,4.1004,2.0089,0.7183,1.3,simulated
2026-06-10T21:30:10,4.104,1.9856,0.7125,1.3,simulated
2026-06-10T21:30:20,4.1226,2.0166,0.7085,1.3,simulated
2026-06-10T21:30:30,4.2509,1.9898,0.7097,1.3,simulated
2026-06-10T21:30:40,4.4088,2.0092,0.7159,1.3,simulated
2026-06-10T21:30:50,4.3323,1.987,0.7183,1.3,simulated
2026-06-10T21:31:00,3.9353,1.9969,0.7068,1.3,simulated
2026-06-10T21:31:10,3.9188,2.0053,0.6971,1.3,simulated
2026-06-10T21:31:20,4.003,1.9936,0.6922,1.3,simulated
2026-06-10T21:31:30,4.3081,1.999,0.6985,1.3,simulated
2026-06-10T21:31:40,4.3656,2.0091,0.7055,1.3,simulated
2026-06-10T21:31:50,4.4858,1.9898,0.7151,1.3,simulated
2026-06-10T21:32:00,4.478,2.0357,0.7226,1.3,simulated
2026-06-10T21:32:10,4.496,2.0228,0.7291,1.3,simulated
2026-06-10T21:32:20,4.4793,2.0343,0.7338,1.3,simulated
2026-06-10T21:32:30,4.4428,2.0429,0.7363,1.3,simulated
2026-06-10T21:32:40,4.4092,1.9974,0.7372,1.3,simulated
2026-06-10T21:32:50,4.3999,2.0589,0.7376,1.3,simulated
2026-06-10T21:33:00,4.3742,2.0319,0.737,1.3,simulated
2026-06-10T21:33:10,4.4291,2.0468,0.7385,1.3,simulated
2026-06-10T21:33:20,4.4818,2.0362,0.7414,1.3,simulated
2026-06-10T21:33:30,4.4691,2.034,0.7432,1.3,simulated
2026-06-10T21:33:40,4.5635,2.0677,0.7479,1.3,simulated
2026-06-10T21:33:50,4.6071,2.0351,0.7531,1.3,simulated
2026-06-10T21:34:00,4.4676,2.057,0.7526,1.3,simulated
2026-06-10T21:34:10,4.458,2.0439,0.7519,1.3,simulated
2026-06-10T21:34:20,4.3352,2.0549,0.7472,1.3,simulated
2026-06-10T21:34:30,4.215,2.0528,0.7394,1.3,simulated
2026-06-10T21:34:40,4.3079,2.0466,0.7362,1.3,simulated
2026-06-10T21:34:50,4.2531,2.0403,0.7319,1.3,simulated
2026-06-10T21:35:00,4.2702,2.02,0.729,1.3,simulated
2026-06-10T21:35:10,4.073,2.0163,0.72,1.3,simulated
2026-06-10T21:35:20,3.8786,2.0113,0.7064,1.3,simulated
2026-06-10T21:35:30,3.8176,2.0114,0.6934,1.3,simulated
2026-06-10T21:35:40,3.8828,1.9922,0.6851,1.3,simulated
2026-06-10T21:35:50,4.0109,1.98,0.6829,1.3,simulated
2026-06-10T21:36:00,4.1861,1.9901,0.687,1.3,simulated
2026-06-10T21:36:10,4.2507,2.0061,0.6924,1.3,simulated
2026-06-10T21:36:20,4.1994,2.002,0.695,1.3,simulated
2026-06-10T21:36:30,3.907,2.0008,0.6873,1.3,simulated
2026-06-10T21:36:40,4.1864,1.9845,0.6905,1.3,simulated
2026-06-10T21:36:50,4.1004,2.0038,0.6902,1.3,simulated
2026-06-10T21:37:00,3.9521,1.9796,0.6849,1.3,simulated
2026-06-10T21:37:10,3.8796,1.9797,0.6783,1.3,simulated
2026-06-10T21:37:20,4.1149,1.9895,0.6809,1.3,simulated
2026-06-10T21:37:30,3.898,1.9558,0.6757,1.3,simulated
2026-06-10T21:37:40,3.8119,1.9648,0.6686,1.3,simulated
2026-06-10T21:37:50,3.6828,1.9628,0.6586,1.3,simulated
2026-06-10T21:38:00,3.6115,1.9508,0.6483,1.3,simulated
2026-06-10T21:38:10,3.6022,1.9521,0.6396,1.3,simulated
2026-06-10T21:38:20,3.5945,1.8976,0.6325,1.3,simulated
2026-06-10T21:38:30,3.5253,1.8995,0.6244,1.3,simulated
2026-06-10T21:38:40,3.5952,1.9353,0.6204,1.3,simulated
2026-06-10T21:38:50,3.7679,1.934,0.6229,1.3,simulated
2026-06-10T21:39:00,3.6001,1.9485,0.6193,1.3,simulated
2026-06-10T21:39:10,3.6324,1.9157,0.6175,1.3,simulated
2026-06-10T21:39:20,3.695,1.9361,0.6181,1.3,simulated
2026-06-10T21:39:30,3.9331,1.96,0.6267,1.3,simulated
2026-06-10T21:39:40,3.8487,1.8964,0.6306,1.3,simulated
2026-06-10T21:39:50,3.8143,1.9078,0.6327,1.3,simulated
2026-06-10T21:40:00,3.8504,1.928,0.6355,1.3,simulated
2026-06-10T21:40:10,3.6882,1.911,0.6323,1.3,simulated
2026-06-10T21:40:20,3.4833,1.9456,0.6229,1.3,simulated
2026-06-10T21:40:30,3.5857,1.9148,0.6188,1.3,simulated
2026-06-10T21:40:40,3.6363,1.9067,0.6172,1.3,simulated
2026-06-10T21:40:50,3.7258,1.9375,0.619,1.3,simulated
2026-06-10T21:41:00,3.7455,1.9308,0.621,1.3,simulated
2026-06-10T21:41:10,4.027,1.9234,0.6321,1.3,simulated
2026-06-10T21:41:20,3.9646,1.9492,0.6389,1.3,simulated
2026-06-10T21:41:30,3.9672,1.9306,0.6444,1.3,simulated
2026-06-10T21:41:40,3.8925,1.9359,0.6463,1.3,simulated
2026-06-10T21:41:50,4.0436,1.9706,0.6529,1.3,simulated
2026-06-10T21:42:00,4.0445,1.9456,0.6582,1.3,simulated
2026-06-10T21:42:10,4.1133,1.9573,0.6648,1.3,simulated
2026-06-10T21:42:20,4.2883,1.969,0.6759,1.3,simulated
2026-06-10T21:42:30,4.4027,1.9802,0.6887,1.3,simulated
2026-06-10T21:42:40,4.4853,1.9635,0.7016,1.3,simulated
2026-06-10T21:42:50,4.3415,1.9838,0.7072,1.3,simulated
2026-06-10T21:43:00,4.3092,2.0128,0.7105,1.3,simulated
2026-06-10T21:43:10,4.4519,2.0387,0.718,1.3,simulated
2026-06-10T21:43:20,4.5426,2.0373,0.727,1.3,simulated
2026-06-10T21:43:30,4.4153,2.0222,0.73,1.3,simulated
2026-06-10T21:43:40,4.3444,2.028,0.73,1.3,simulated
2026-06-10T21:43:50,4.3969,2.0065,0.7317,1.3,simulated
2026-06-10T21:44:00,4.2727,2.0251,0.7289,1.3,simulated
2026-06-10T21:44:10,4.3672,2.0263,0.7299,1.3,simulated
2026-06-10T21:44:20,4.3139,2.02,0.7289,1.3,simulated
2026-06-10T21:44:30,4.3255,2.0373,0.7284,1.3,simulated
2026-06-10T21:44:40,4.5231,2.0406,0.7347,1.3,simulated
2026-06-10T21:44:50,4.4936,2.047,0.7388,1.3,simulated
2026-06-10T21:45:00,4.378,2.0711,0.7381,1.3,simulated
2026-06-10T21:45:10,4.6268,2.054,0.7459,1.3,simulated
2026-06-10T21:45:20,4.6957,2.025,0.7545,1.3,simulated
2026-06-10T21:45:30,4.532,2.035,0.7559,1.3,simulated
2026-06-10T21:45:40,4.5435,2.0565,0.7574,1.3,simulated
2026-06-10T21:45:50,4.4522,2.0421,0.7555,1.3,simulated
2026-06-10T21:46:00,4.6315,2.0562,0.76,1.3,simulated
2026-06-10T21:46:10,4.4504,2.0788,0.7575,1.3,simulated
2026-06-10T21:46:20,4.2356,2.0496,0.7484,1.3,simulated
2026-06-10T21:46:30,4.1226,2.019,0.7372,1.3,simulated
2026-06-10T21:46:40,4.1005,2.049,0.7275,1.3,simulated
2026-06-10T21:46:50,4.1179,2.0173,0.7204,1.3,simulated
2026-06-10T21:47:00,3.9962,2.0098,0.7106,1.3,simulated
2026-06-10T21:47:10,3.8288,2.0003,0.6971,1.3,simulated
2026-06-10T21:47:20,3.8415,1.9945,0.6868,1.3,simulated
2026-06-10T21:47:30,3.8611,1.9681,0.6791,1.3,simulated
2026-06-10T21:47:40,3.9094,1.9756,0.6747,1.3,simulated
2026-06-10T21:47:50,4.0764,1.9954,0.6767,1.3,simulated
2026-06-10T21:48:00,4.0967,1.9975,0.679,1.3,simulated
2026-06-10T21:48:10,4.123,1.9695,0.6817,1.3,simulated
2026-06-10T21:48:20,4.1335,1.9845,0.6843,1.3,simulated
2026-06-10T21:48:30,4.1873,2.011,0.6881,1.3,simulated
2026-06-10T21:48:40,4.0421,1.9824,0.6863,1.3,simulated
2026-06-10T21:48:50,4.0745,1.9658,0.686,1.3,simulated
2026-06-10T21:49:00,3.908,1.9704,0.6801,1.3,simulated
2026-06-10T21:49:10,3.7849,1.9802,0.6712,1.3,simulated
2026-06-10T21:49:20,3.7417,1.9612,0.6627,1.3,simulated
2026-06-10T21:49:30,3.7924,1.9582,0.6576,1.3,simulated
2026-06-10T21:49:40,3.7787,1.9569,0.653,1.3,simulated
2026-06-10T21:49:50,3.656,1.9411,0.6453,1.3,simulated
2026-06-10T21:50:00,3.8616,1.9535,0.646,1.3,simulated
2026-06-10T21:50:10,3.7733,1.9635,0.6436,1.3,simulated
2026-06-10T21:50:20,3.6399,1.9435,0.6371,1.3,simulated
2026-06-10T21:50:30,3.5168,1.9358,0.6279,1.3,simulated
2026-06-10T21:50:40,3.4379,1.9347,0.6178,1.3,simulated
2026-06-10T21:50:50,3.5133,1.9233,0.6123,1.3,simulated
2026-06-10T21:51:00,3.2918,1.9174,0.6004,1.3,simulated
2026-06-10T21:51:10,3.3981,1.8642,0.5945,1.3,simulated
2026-06-10T21:51:20,3.5972,1.897,0.5965,1.3,simulated
2026-06-10T21:51:30,3.7462,1.9091,0.6031,1.3,simulated
2026-06-10T21:51:40,3.7115,1.9051,0.6072,1.3,simulated
2026-06-10T21:51:50,3.9415,1.9054,0.6182,1.3,simulated
2026-06-10T21:52:00,4.0164,1.9275,0.6295,1.3,simulated
2026-06-10T21:52:10,4.1032,1.9304,0.6414,1.3,simulated
2026-06-10T21:52:20,4.1688,1.9583,0.6532,1.3,simulated
2026-06-10T21:52:30,4.1524,1.9723,0.6621,1.3,simulated
2026-06-10T21:52:40,4.2343,1.9684,0.672,1.3,simulated
2026-06-10T21:52:50,4.0814,1.9907,0.6747,1.3,simulated
2026-06-10T21:53:00,4.2731,1.9755,0.6833,1.3,simulated
2026-06-10T21:53:10,4.2191,1.9794,0.6884,1.3,simulated
2026-06-10T21:53:20,4.1992,1.993,0.6918,1.3,simulated
2026-06-10T21:53:30,4.007,1.9821,0.6881,1.3,simulated
2026-06-10T21:53:40,3.9228,1.9972,0.6823,1.3,simulated
2026-06-10T21:53:50,3.7807,1.9703,0.6729,1.3,simulated
2026-06-10T21:54:00,3.7684,1.9729,0.6649,1.3,simulated
2026-06-10T21:54:10,3.7805,1.973,0.659,1.3,simulated
2026-06-10T21:54:20,3.8652,1.9326,0.657,1.3,simulated
2026-06-10T21:54:30,3.94,1.9572,0.658,1.3,simulated
2026-06-10T21:54:40,3.8877,1.9588,0.657,1.3,simulated
2026-06-10T21:54:50,3.9992,1.9323,0.66,1.3,simulated
2026-06-10T21:55:00,4.0062,1.9634,0.6626,1.3,simulated
2026-06-10T21:55:10,4.0343,1.9628,0.6656,1.3,simulated
2026-06-10T21:55:20,4.0377,1.9465,0.6682,1.3,simulated
2026-06-10T21:55:30,4.0077,1.9892,0.6692,1.3,simulated
2026-06-10T21:55:40,3.9027,1.9684,0.6665,1.3,simulated
2026-06-10T21:55:50,3.963,1.9326,0.6663,1.3,simulated
2026-06-10T21:56:00,3.9208,1.9577,0.6648,1.3,simulated
2026-06-10T21:56:10,3.9262,1.9589,0.6638,1.3,simulated
2026-06-10T21:56:20,3.8672,1.9593,0.661,1.3,simulated
2026-06-10T21:56:30,3.5577,1.9369,0.6483,1.3,simulated
2026-06-10T21:56:40,3.6689,1.9259,0.6419,1.3,simulated
2026-06-10T21:56:50,3.698,1.9415,0.6378,1.3,simulated
2026-06-10T21:57:00,3.5552,1.9152,0.6297,1.3,simulated
2026-06-10T21:57:10,3.3598,1.9311,0.6166,1.3,simulated
2026-06-10T21:57:20,3.5458,1.9198,0.6124,1.3,simulated
2026-06-10T21:57:30,3.3917,1.9075,0.6039,1.3,simulated
2026-06-10T21:57:40,3.4568,1.8907,0.5993,1.3,simulated
2026-06-10T21:57:50,3.6776,1.9047,0.603,1.3,simulated
2026-06-10T21:58:00,3.8163,1.9115,0.6106,1.3,simulated
2026-06-10T21:58:10,3.9476,1.9234,0.6211,1.3,simulated
2026-06-10T21:58:20,3.6732,1.8962,0.6203,1.3,simulated
2026-06-10T21:58:30,3.6959,1.9203,0.6204,1.3,simulated
2026-06-10T21:58:40,3.7951,1.8897,0.6239,1.3,simulated
2026-06-10T21:58:50,3.7385,1.9265,0.6247,1.3,simulated
2026-06-10T21:59:00,3.5563,1.9563,0.6193,1.3,simulated
2026-06-10T21:59:10,3.1826,1.8878,0.6023,1.3,simulated
2026-06-10T21:59:20,3.2675,1.8795,0.5917,1.3,simulated
2026-06-10T21:59:30,3.3871,1.8996,0.5871,1.3,simulated
2026-06-10T21:59:40,3.4671,1.8736,0.5862,1.3,simulated
2026-06-10T21:59:50,3.4124,1.8681,0.5836,1.3,simulated
2026-06-10T22:00:00,3.2404,1.8722,0.5758,1.3,simulated
2026-06-10T22:00:10,3.206,1.8706,0.5683,1.3,simulated
2026-06-10T22:00:20,3.2739,1.8777,0.5647,1.3,simulated
2026-06-10T22:00:30,3.3172,1.8562,0.5632,1.3,simulated
2026-06-10T22:00:40,3.2971,1.8523,0.5613,1.3,simulated
2026-06-10T22:00:50,3.3131,1.8564,0.5604,1.3,simulated
2026-06-10T22:01:00,3.4102,1.8523,0.5629,1.3,simulated
2026-06-10T22:01:10,3.4795,1.8717,0.5672,1.3,simulated
2026-06-10T22:01:20,3.2781,1.8844,0.5639,1.3,simulated
2026-06-10T22:01:30,3.2901,1.8492,0.5617,1.3,simulated
2026-06-10T22:01:40,3.3441,1.8444,0.5617,1.3,simulated
2026-06-10T22:01:50,3.4019,1.8626,0.5637,1.3,simulated
2026-06-10T22:02:00,3.3923,1.8562,0.5649,1.3,simulated
2026-06-10T22:02:10,3.2889,1.841,0.5624,1.3,simulated
2026-06-10T22:02:20,3.2345,1.8386,0.5586,1.3,simulated
2026-06-10T22:02:30,3.3001,1.8299,0.5578,1.3,simulated
2026-06-10T22:02:40,3.3695,1.8584,0.5594,1.3,simulated
2026-06-10T22:02:50,3.4198,1.8513,0.5625,1.3,simulated
2026-06-10T22:03:00,3.3503,1.8894,0.5625,1.3,simulated
2026-06-10T22:03:10,3.3635,1.869,0.563,1.3,simulated
2026-06-10T22:03:20,3.4839,1.8522,0.5675,1.3,simulated
2026-06-10T22:03:30,3.6835,1.8612,0.5778,1.3,simulated
2026-06-10T22:03:40,3.7634,1.8817,0.5887,1.3,simulated
2026-06-10T22:03:50,3.9152,1.882,0.6025,1.3,simulated
2026-06-10T22:04:00,3.8011,1.9085,0.6097,1.3,simulated
2026-06-10T22:04:10,3.8705,1.9343,0.6178,1.3,simulated
2026-06-10T22:04:20,3.8865,1.92,0.6248,1.3,simulated
2026-06-10T22:04:30,3.9012,1.9205,0.6309,1.3,simulated
2026-06-10T22:04:40,3.9642,1.9084,0.638,1.3,simulated
2026-06-10T22:04:50,3.9058,1.9195,0.6416,1.3,simulated
2026-06-10T22:05:00,4.0282,1.9499,0.6486,1.3,simulated
2026-06-10T22:05:10,3.9616,1.95,0.652,1.3,simulated
2026-06-10T22:05:20,3.7809,1.9515,0.6486,1.3,simulated
2026-06-10T22:05:30,3.936,1.9298,0.6512,1.3,simulated
2026-06-10T22:05:40,3.7064,1.9586,0.6455,1.3,simulated
2026-06-10T22:05:50,3.6848,1.9327,0.6402,1.3,simulated
2026-06-10T22:06:00,4.0428,1.9203,0.648,1.3,simulated
2026-06-10T22:06:10,4.1106,1.9399,0.6565,1.3,simulated
2026-06-10T22:06:20,4.0634,1.9521,0.6617,1.3,simulated
2026-06-10T22:06:30,4.1642,1.9682,0.6693,1.3,simulated
2026-06-10T22:06:40,4.1672,1.9505,0.6755,1.3,simulated
2026-06-10T22:06:50,4.1202,1.9919,0.6788,1.3,simulated
2026-06-10T22:07:00,4.1819,1.9833,0.6836,1.3,simulated
2026-06-10T22:07:10,4.2399,2.002,0.6893,1.3,simulated
2026-06-10T22:07:20,4.0934,2.0105,0.689,1.3,simulated
2026-06-10T22:07:30,4.0085,1.9814,0.6859,1.3,simulated
2026-06-10T22:07:40,3.9621,1.9723,0.6818,1.3,simulated
2026-06-10T22:07:50,3.7587,1.9804,0.6718,1.3,simulated
2026-06-10T22:08:00,3.7696,1.938,0.6641,1.3,simulated
2026-06-10T22:08:10,3.7908,1.9748,0.6586,1.3,simulated
2026-06-10T22:08:20,4.0018,1.9604,0.6614,1.3,simulated
2026-06-10T22:08:30,4.0896,1.9601,0.6665,1.3,simulated
2026-06-10T22:08:40,3.8581,1.9458,0.6628,1.3,simulated
2026-06-10T22:08:50,3.8626,1.9404,0.66,1.3,simulated
2026-06-10T22:09:00,3.9948,1.9576,0.6623,1.3,simulated
2026-06-10T22:09:10,3.736,1.9622,0.6553,1.3,simulated
2026-06-10T22:09:20,3.9273,1.956,0.6562,1.3,simulated
2026-06-10T22:09:30,3.9194,1.9221,0.6567,1.3,simulated
2026-06-10T22:09:40,3.7632,1.9415,0.6518,1.3,simulated
2026-06-10T22:09:50,3.6728,1.9525,0.6448,1.3,simulated
2026-06-10T22:10:00,3.5917,1.9641,0.6365,1.3,simulated
2026-06-10T22:10:10,3.5759,1.9271,0.6294,1.3,simulated
2026-06-10T22:10:20,3.6679,1.9325,0.6268,1.3,simulated
2026-06-10T22:10:30,3.7356,1.927,0.6269,1.3,simulated
2026-06-10T22:10:40,3.6512,1.9182,0.6242,1.3,simulated
2026-06-10T22:10:50,3.6811,1.9058,0.6231,1.3,simulated
2026-06-10T22:11:00,3.6621,1.9077,0.6215,1.3,simulated
2026-06-10T22:11:10,3.7504,1.9031,0.6232,1.3,simulated
2026-06-10T22:11:20,3.6817,1.9292,0.6223,1.3,simulated
2026-06-10T22:11:30,3.5504,1.9299,0.6171,1.3,simulated
2026-06-10T22:11:40,3.7087,1.9155,0.6183,1.3,simulated
2026-06-10T22:11:50,3.7196,1.9101,0.6196,1.3,simulated
2026-06-10T22:12:00,3.7973,1.9384,0.6233,1.3,simulated
2026-06-10T22:12:10,3.7676,1.9585,0.6252,1.3,simulated
2026-06-10T22:12:20,3.7638,1.9004,0.6266,1.3,simulated
2026-06-10T22:12:30,3.7512,1.9358,0.6274,1.3,simulated
2026-06-10T22:12:40,3.8299,1.9326,0.6306,1.3,simulated
2026-06-10T22:12:50,3.6973,1.9335,0.6287,1.3,simulated
2026-06-10T22:13:00,3.7815,1.9404,0.63,1.3,simulated
2026-06-10T22:13:10,3.8172,1.9553,0.6323,1.3,simulated
2026-06-10T22:13:20,3.8841,1.9344,0.6363,1.3,simulated
2026-06-10T22:13:30,3.7239,1.9665,0.6342,1.3,simulated
2026-06-10T22:13:40,4.014,1.9245,0.6422,1.3,simulated
2026-06-10T22:13:50,3.8968,1.9561,0.6447,1.3,simulated
2026-06-10T22:14:00,3.8184,1.9226,0.6441,1.3,simulated
2026-06-10T22:14:10,3.6366,1.9162,0.6374,1.3,simulated
2026-06-10T22:14:20,3.8179,1.9445,0.6382,1.3,simulated
2026-06-10T22:14:30,3.6831,1.9451,0.6343,1.3,simulated
2026-06-10T22:14:40,3.9593,1.9318,0.6405,1.3,simulated
2026-06-10T22:14:50,4.1822,1.9613,0.6529,1.3,simulated
2026-06-10T22:15:00,4.0026,1.9459,0.6568,1.3,simulated
2026-06-10T22:15:10,3.9616,1.9752,0.6586,1.3,simulated
2026-06-10T22:15:20,3.734,1.9301,0.6523,1.3,simulated
2026-06-10T22:15:30,3.7355,1.9505,0.6474,1.3,simulated
2026-06-10T22:15:40,3.987,1.9561,0.6519,1.3,simulated
2026-06-10T22:15:50,3.872,1.9547,0.6516,1.3,simulated
2026-06-10T22:16:00,3.8851,1.9518,0.6518,1.3,simulated
2026-06-10T22:16:10,3.7541,1.9458,0.6476,1.3,simulated
2026-06-10T22:16:20,3.4813,1.8964,0.635,1.3,simulated
2026-06-10T22:16:30,3.4836,1.9031,0.6251,1.3,simulated
2026-06-10T22:16:40,3.3754,1.9284,0.6135,1.3,simulated
2026-06-10T22:16:50,3.4009,1.9155,0.6051,1.3,simulated
2026-06-10T22:17:00,3.4676,1.9209,0.6006,1.3,simulated
2026-06-10T22:17:10,3.4045,1.8958,0.5948,1.3,simulated
2026-06-10T22:17:20,3.3796,1.9147,0.5894,1.3,simulated
2026-06-10T22:17:30,3.4199,1.8844,0.5864,1.3,simulated
2026-06-10T22:17:40,3.4104,1.8992,0.5837,1.3,simulated
2026-06-10T22:17:50,3.4759,1.8768,0.5838,1.3,simulated
2026-06-10T22:18:00,3.4708,1.8754,0.5837,1.3,simulated
2026-06-10T22:18:10,3.4553,1.8966,0.583,1.3,simulated
2026-06-10T22:18:20,3.4061,1.8592,0.5809,1.3,simulated
2026-06-10T22:18:30,3.2873,1.898,0.5751,1.3,simulated
2026-06-10T22:18:40,3.0831,1.8913,0.5637,1.3,simulated
2026-06-10T22:18:50,3.2541,1.8602,0.5603,1.3,simulated
2026-06-10T22:19:00,3.0581,1.8717,0.551,1.3,simulated
2026-06-10T22:19:10,3.293,1.8434,0.5514,1.3,simulated
2026-06-10T22:19:20,3.3079,1.8486,0.5523,1.3,simulated
2026-06-10T22:19:30,3.3081,1.8566,0.553,1.3,simulated
2026-06-10T22:19:40,3.3206,1.8457,0.554,1.3,simulated
2026-06-10T22:19:50,3.2604,1.8633,0.5527,1.3,simulated
2026-06-10T22:20:00,3.1937,1.8629,0.5495,1.3,simulated
2026-06-10T22:20:10,3.2881,1.8598,0.5501,1.3,simulated
2026-06-10T22:20:20,3.2748,1.8424,0.5501,1.3,simulated
2026-06-10T22:20:30,3.2502,1.8264,0.5493,1.3,simulated
2026-06-10T22:20:40,3.2298,1.8542,0.5479,1.3,simulated
2026-06-10T22:20:50,3.1194,1.8379,0.5432,1.3,simulated
2026-06-10T22:21:00,3.3896,1.8242,0.5484,1.3,simulated
2026-06-10T22:21:10,3.6001,1.8416,0.5597,1.3,simulated
2026-06-10T22:21:20,3.5229,1.8619,0.5661,1.3,simulated
2026-06-10T22:21:30,3.3965,1.8899,0.567,1.3,simulated
2026-06-10T22:21:40,3.6405,1.8817,0.5759,1.3,simulated
2026-06-10T22:21:50,3.4694,1.8641,0.5773,1.3,simulated
2026-06-10T22:22:00,3.4011,1.8599,0.5761,1.3,simulated
2026-06-10T22:22:10,3.3527,1.8587,0.5736,1.3,simulated
2026-06-10T22:22:20,3.3634,1.8566,0.5719,1.3,simulated
2026-06-10T22:22:30,3.3768,1.8734,0.5709,1.3,simulated
2026-06-10T22:22:40,3.4255,1.8885,0.5719,1.3,simulated
2026-06-10T22:22:50,3.4618,1.9144,0.5738,1.3,simulated
2026-06-10T22:23:00,3.7094,1.9102,0.5837,1.3,simulated
2026-06-10T22:23:10,3.9987,1.8941,0.6013,1.3,simulated
2026-06-10T22:23:20,4.0571,1.9315,0.6174,1.3,simulated
2026-06-10T22:23:30,3.9407,1.9278,0.6263,1.3,simulated
2026-06-10T22:23:40,3.7804,1.9542,0.6281,1.3,simulated
2026-06-10T22:23:50,3.7888,1.9375,0.6297,1.3,simulated
2026-06-10T22:24:00,3.6488,1.919,0.6264,1.3,simulated
2026-06-10T22:24:10,3.6331,1.9377,0.6232,1.3,simulated
2026-06-10T22:24:20,3.7011,1.911,0.6229,1.3,simulated
2026-06-10T22:24:30,3.6696,1.9122,0.6216,1.3,simulated
2026-06-10T22:24:40,3.8948,1.9235,0.6282,1.3,simulated
2026-06-10T22:24:50,3.8877,1.9291,0.6332,1.3,simulated
2026-06-10T22:25:00,3.7377,1.9009,0.6321,1.3,simulated
2026-06-10T22:25:10,3.8302,1.9496,0.6344,1.3,simulated
2026-06-10T22:25:20,3.8908,1.9783,0.6382,1.3,simulated
2026-06-10T22:25:30,4.1256,1.9306,0.6492,1.3,simulated
2026-06-10T22:25:40,4.1008,1.9774,0.6572,1.3,simulated
2026-06-10T22:25:50,3.9796,1.934,0.6594,1.3,simulated
2026-06-10T22:26:00,4.16,1.9661,0.6673,1.3,simulated
2026-06-10T22:26:10,3.7364,1.947,0.6594,1.3,simulated
2026-06-10T22:26:20,3.817,1.9586,0.6558,1.3,simulated
2026-06-10T22:26:30,3.8805,1.9629,0.655,1.3,simulated
2026-06-10T22:26:40,3.6947,1.9288,0.6481,1.3,simulated
2026-06-10T22:26:50,4.0051,1.9506,0.6531,1.3,simulated
2026-06-10T22:27:00,3.9526,1.9663,0.6553,1.3,simulated
2026-06-10T22:27:10,3.9357,1.9425,0.6565,1.3,simulated
2026-06-10T22:27:20,4.0134,1.9786,0.66,1.3,simulated
2026-06-10T22:27:30,4.023,1.9825,0.6632,1.3,simulated
2026-06-10T22:27:40,3.9994,1.9578,0.6649,1.3,simulated
2026-06-10T22:27:50,4.0656,1.9898,0.6686,1.3,simulated
2026-06-10T22:28:00,4.0492,1.9417,0.6709,1.3,simulated
2026-06-10T22:28:10,4.0756,1.9644,0.6737,1.3,simulated
2026-06-10T22:28:20,4.2311,1.9891,0.6811,1.3,simulated
2026-06-10T22:28:30,4.2481,2.0018,0.6876,1.3,simulated
2026-06-10T22:28:40,4.2407,2.0091,0.6926,1.3,simulated
2026-06-10T22:28:50,4.085,2.006,0.6913,1.3,simulated
2026-06-10T22:29:00,4.0898,1.9911,0.6905,1.3,simulated
2026-06-10T22:29:10,4.0209,1.9978,0.6875,1.3,simulated
2026-06-10T22:29:20,4.0232,1.9856,0.6852,1.3,simulated
2026-06-10T22:29:30,3.8457,1.9553,0.6773,1.3,simulated
2026-06-10T22:29:40,3.8212,1.9838,0.6703,1.3,simulated
2026-06-10T22:29:50,3.5814,1.9651,0.6565,1.3,simulated
2026-06-10T22:30:00,3.6441,1.9458,0.6477,1.3,simulated
2026-06-10T22:30:10,3.691,1.9335,0.6422,1.3,simulated
2026-06-10T22:30:20,3.9263,1.9749,0.6457,1.3,simulated
2026-06-10T22:30:30,3.9235,1.9344,0.6484,1.3,simulated
2026-06-10T22:30:40,4.0806,1.9569,0.6558,1.3,simulated
2026-06-10T22:30:50,3.9912,1.9482,0.6587,1.3,simulated
2026-06-10T22:31:00,3.876,1.9564,0.6572,1.3,simulated
2026-06-10T22:31:10,3.7783,1.9698,0.6527,1.3,simulated
2026-06-10T22:31:20,3.9134,1.9598,0.6537,1.3,simulated
2026-06-10T22:31:30,3.8983,1.9493,0.6539,1.3,simulated
2026-06-10T22:31:40,4.0143,1.9702,0.658,1.3,simulated
2026-06-10T22:31:50,3.9616,1.9735,0.6595,1.3,simulated
2026-06-10T22:32:00,4.0597,1.963,0.664,1.3,simulated
2026-06-10T22:32:10,4.118,1.9631,0.6696,1.3,simulated
2026-06-10T22:32:20,4.0796,1.9619,0.6727,1.3,simulated
2026-06-10T22:32:30,4.0245,1.945,0.6734,1.3,simulated
2026-06-10T22:32:40,4.0047,1.9966,0.6733,1.3,simulated
2026-06-10T22:32:50,3.9652,1.9612,0.6719,1.3,simulated
2026-06-10T22:33:00,3.8426,1.9492,0.6666,1.3,simulated
2026-06-10T22:33:10,3.9983,1.9549,0.6676,1.3,simulated
2026-06-10T22:33:20,3.97,1.9504,0.6675,1.3,simulated
2026-06-10T22:33:30,4.0099,1.9854,0.6687,1.3,simulated
2026-06-10T22:33:40,4.2281,1.9758,0.677,1.3,simulated
2026-06-10T22:33:50,4.3063,1.9717,0.6863,1.3,simulated
2026-06-10T22:34:00,4.321,1.9822,0.6942,1.3,simulated
2026-06-10T22:34:10,4.2253,1.9824,0.6974,1.3,simulated
2026-06-10T22:34:20,4.1977,2.0158,0.6989,1.3,simulated
2026-06-10T22:34:30,4.1251,1.9763,0.6978,1.3,simulated
2026-06-10T22:34:40,4.0894,1.9968,0.6956,1.3,simulated
2026-06-10T22:34:50,4.1154,2.0021,0.6948,1.3,simulated
2026-06-10T22:35:00,3.9589,1.9944,0.6888,1.3,simulated
2026-06-10T22:35:10,3.8598,1.9841,0.6808,1.3,simulated
2026-06-10T22:35:20,3.7051,1.967,0.6691,1.3,simulated
2026-06-10T22:35:30,3.6886,1.924,0.6592,1.3,simulated
2026-06-10T22:35:40,3.6178,1.9487,0.6489,1.3,simulated
2026-06-10T22:35:50,3.7219,1.9367,0.6442,1.3,simulated
2026-06-10T22:36:00,3.7263,1.9207,0.6406,1.3,simulated
2026-06-10T22:36:10,3.5808,1.9545,0.6328,1.3,simulated
2026-06-10T22:36:20,3.8116,1.9531,0.6343,1.3,simulated
2026-06-10T22:36:30,3.8891,1.9325,0.6381,1.3,simulated
2026-06-10T22:36:40,3.9218,1.9476,0.6423,1.3,simulated
2026-06-10T22:36:50,3.8214,1.9423,0.6422,1.3,simulated
2026-06-10T22:37:00,3.8348,1.9143,0.6426,1.3,simulated
2026-06-10T22:37:10,3.7292,1.9329,0.6394,1.3,simulated
2026-06-10T22:37:20,3.7645,1.9511,0.638,1.3,simulated
2026-06-10T22:37:30,3.6712,1.9321,0.6338,1.3,simulated
2026-06-10T22:37:40,3.7317,1.9174,0.6324,1.3,simulated
2026-06-10T22:37:50,3.5234,1.9413,0.6243,1.3,simulated
2026-06-10T22:38:00,3.622,1.9264,0.6211,1.3,simulated
2026-06-10T22:38:10,3.547,1.8987,0.6161,1.3,simulated
2026-06-10T22:38:20,3.6206,1.906,0.6145,1.3,simulated
2026-06-10T22:38:30,3.3995,1.8995,0.6058,1.3,simulated
2026-06-10T22:38:40,3.4168,1.8847,0.5995,1.3,simulated
2026-06-10T22:38:50,3.4062,1.9054,0.594,1.3,simulated
2026-06-10T22:39:00,3.3659,1.8802,0.5883,1.3,simulated
2026-06-10T22:39:10,3.3409,1.885,0.5829,1.3,simulated
2026-06-10T22:39:20,3.3404,1.9053,0.5786,1.3,simulated
2026-06-10T22:39:30,3.3075,1.8639,0.574,1.3,simulated
2026-06-10T22:39:40,3.2542,1.852,0.5685,1.3,simulated
2026-06-10T22:39:50,3.6006,1.8758,0.5758,1.3,simulated
2026-06-10T22:40:00,3.7619,1.8803,0.587,1.3,simulated
2026-06-10T22:40:10,3.6433,1.887,0.592,1.3,simulated
2026-06-10T22:40:20,3.6761,1.8835,0.5972,1.3,simulated
2026-06-10T22:40:30,3.5206,1.8728,0.596,1.3,simulated
2026-06-10T22:40:40,3.6317,1.8929,0.5988,1.3,simulated
2026-06-10T22:40:50,3.8262,1.8882,0.6076,1.3,simulated
2026-06-10T22:41:00,3.9805,1.9033,0.6199,1.3,simulated
2026-06-10T22:41:10,3.956,1.9714,0.6288,1.3,simulated
2026-06-10T22:41:20,3.835,1.9682,0.6319,1.3,simulated
2026-06-10T22:41:30,3.83,1.9699,0.6342,1.3,simulated
2026-06-10T22:41:40,3.86,1.9324,0.6371,1.3,simulated
2026-06-10T22:41:50,3.8642,1.923,0.6395,1.3,simulated
2026-06-10T22:42:00,3.7146,1.9447,0.6364,1.3,simulated
2026-06-10T22:42:10,3.8485,1.923,0.6384,1.3,simulated
2026-06-10T22:42:20,3.9104,1.938,0.6421,1.3,simulated
2026-06-10T22:42:30,3.8603,1.9294,0.6434,1.3,simulated
2026-06-10T22:42:40,3.6613,1.9512,0.6378,1.3,simulated
2026-06-10T22:42:50,3.7537,1.9347,0.6363,1.3,simulated
2026-06-10T22:43:00,3.3876,1.9277,0.6229,1.3,simulated
2026-06-10T22:43:10,3.5515,1.9085,0.6176,1.3,simulated
2026-06-10T22:43:20,3.6913,1.9152,0.6181,1.3,simulated
2026-06-10T22:43:30,3.9028,1.8985,0.6256,1.3,simulated
2026-06-10T22:43:40,3.9439,1.9315,0.633,1.3,simulated
2026-06-10T22:43:50,3.9267,1.9337,0.6384,1.3,simulated
2026-06-10T22:44:00,3.939,1.9493,0.643,1.3,simulated
2026-06-10T22:44:10,3.7997,1.9351,0.6421,1.3,simulated
2026-06-10T22:44:20,3.7049,1.9233,0.6382,1.3,simulated
2026-06-10T22:44:30,3.6544,1.9345,0.6333,1.3,simulated
2026-06-10T22:44:40,3.3538,1.9412,0.6193,1.3,simulated
2026-06-10T22:44:50,3.2736,1.9033,0.6055,1.3,simulated
2026-06-10T22:45:00,3.2961,1.9219,0.5951,1.3,simulated
2026-06-10T22:45:10,3.4808,1.8555,0.5931,1.3,simulated
2026-06-10T22:45:20,3.3117,1.8727,0.5857,1.3,simulated
2026-06-10T22:45:30,3.2725,1.8745,0.5785,1.3,simulated
2026-06-10T22:45:40,3.1737,1.8495,0.5695,1.3,simulated
2026-06-10T22:45:50,3.3742,1.8279,0.5689,1.3,simulated
2026-06-10T22:46:00,3.346,1.8683,0.5676,1.3,simulated
2026-06-10T22:46:10,3.2604,1.8487,0.5636,1.3,simulated
2026-06-10T22:46:20,3.2319,1.8474,0.5595,1.3,simulated
2026-06-10T22:46:30,3.1774,1.8522,0.5543,1.3,simulated
2026-06-10T22:46:40,3.2629,1.8498,0.5531,1.3,simulated
2026-06-10T22:46:50,3.2582,1.8426,0.552,1.3,simulated
2026-06-10T22:47:00,3.2638,1.8605,0.5512,1.3,simulated
2026-06-10T22:47:10,3.1682,1.8357,0.5474,1.3,simulated
2026-06-10T22:47:20,3.1806,1.8619,0.5448,1.3,simulated
2026-06-10T22:47:30,2.8792,1.851,0.5326,1.3,simulated
2026-06-10T22:47:40,2.9563,1.8017,0.5254,1.3,simulated
2026-06-10T22:47:50,2.9602,1.8067,0.5198,1.3,simulated
2026-06-10T22:48:00,3.0205,1.8312,0.5173,1.3,simulated
2026-06-10T22:48:10,2.9766,1.7948,0.5139,1.3,simulated
2026-06-10T22:48:20,3.0207,1.8039,0.5126,1.3,simulated
2026-06-10T22:48:30,2.925,1.8107,0.5084,1.3,simulated
2026-06-10T22:48:40,2.8638,1.8179,0.5029,1.3,simulated
2026-06-10T22:48:50,2.8792,1.8167,0.4991,1.3,simulated
2026-06-10T22:49:00,2.7399,1.7892,0.4913,1.3,simulated
2026-06-10T22:49:10,2.8342,1.7964,0.4883,1.3,simulated
2026-06-10T22:49:20,2.99,1.796,0.4911,1.3,simulated
2026-06-10T22:49:30,2.9004,1.8147,0.4903,1.3,simulated
2026-06-10T22:49:40,3.0632,1.795,0.4952,1.3,simulated
2026-06-10T22:49:50,3.139,1.7996,0.5016,1.3,simulated
2026-06-10T22:50:00,3.0101,1.7995,0.5024,1.3,simulated
2026-06-10T22:50:10,2.9195,1.7806,0.5,1.3,simulated
2026-06-10T22:50:20,2.9036,1.7781,0.4976,1.3,simulated
2026-06-10T22:50:30,2.9571,1.7571,0.4974,1.3,simulated
2026-06-10T22:50:40,3.1579,1.8261,0.504,1.3,simulated
2026-06-10T22:50:50,2.9892,1.8331,0.5037,1.3,simulated
2026-06-10T22:51:00,3.1835,1.7841,0.5099,1.3,simulated
2026-06-10T22:51:10,3.0576,1.8234,0.5107,1.3,simulated
2026-06-10T22:51:20,3.0774,1.818,0.5119,1.3,simulated
2026-06-10T22:51:30,3.0009,1.8074,0.5104,1.3,simulated
2026-06-10T22:51:40,3.2497,1.8268,0.5175,1.3,simulated
2026-06-10T22:51:50,3.1521,1.8184,0.5199,1.3,simulated
2026-06-10T22:52:00,3.1873,1.8628,0.523,1.3,simulated
2026-06-10T22:52:10,3.5066,1.8498,0.5362,1.3,simulated
2026-06-10T22:52:20,3.3214,1.8288,0.5406,1.3,simulated
2026-06-10T22:52:30,3.4581,1.8324,0.5487,1.3,simulated
2026-06-10T22:52:40,3.4554,1.8757,0.555,1.3,simulated
2026-06-10T22:52:50,3.5179,1.8582,0.5622,1.3,simulated
2026-06-10T22:53:00,3.4974,1.864,0.5673,1.3,simulated
2026-06-10T22:53:10,3.3705,1.8693,0.5671,1.3,simulated
2026-06-10T22:53:20,3.4099,1.8692,0.5682,1.3,simulated
2026-06-10T22:53:30,3.2151,1.88,0.5626,1.3,simulated
2026-06-10T22:53:40,3.1962,1.8433,0.5575,1.3,simulated
2026-06-10T22:53:50,3.1965,1.8189,0.5534,1.3,simulated
2026-06-10T22:54:00,3.1018,1.8386,0.5469,1.3,simulated
2026-06-10T22:54:10,2.9309,1.8241,0.536,1.3,simulated
2026-06-10T22:54:20,2.8645,1.8155,0.5251,1.3,simulated
2026-06-10T22:54:30,2.8668,1.7914,0.5164,1.3,simulated
2026-06-10T22:54:40,3.0701,1.8021,0.5163,1.3,simulated
2026-06-10T22:54:50,3.3324,1.8031,0.525,1.3,simulated
2026-06-10T22:55:00,3.4743,1.8511,0.5367,1.3,simulated
2026-06-10T22:55:10,3.496,1.8305,0.5468,1.3,simulated
2026-06-10T22:55:20,3.4219,1.849,0.5524,1.3,simulated
2026-06-10T22:55:30,3.4638,1.8799,0.5583,1.3,simulated
2026-06-10T22:55:40,3.4662,1.858,0.5631,1.3,simulated
2026-06-10T22:55:50,3.5167,1.8743,0.5687,1.3,simulated
2026-06-10T22:56:00,3.3717,1.8833,0.5682,1.3,simulated
2026-06-10T22:56:10,3.2831,1.8735,0.5649,1.3,simulated
2026-06-10T22:56:20,3.2887,1.8537,0.5624,1.3,simulated
2026-06-10T22:56:30,3.5935,1.855,0.5707,1.3,simulated
2026-06-10T22:56:40,3.5515,1.8952,0.5759,1.3,simulated
2026-06-10T22:56:50,3.5331,1.8822,0.5794,1.3,simulated
2026-06-10T22:57:00,3.8282,1.8814,0.5922,1.3,simulated
2026-06-10T22:57:10,4.0427,1.9043,0.6096,1.3,simulated
2026-06-10T22:57:20,3.9159,1.9184,0.6192,1.3,simulated
2026-06-10T22:57:30,3.9202,1.9004,0.6271,1.3,simulated
2026-06-10T22:57:40,3.5971,1.9298,0.6225,1.3,simulated
2026-06-10T22:57:50,3.4719,1.9304,0.6147,1.3,simulated
2026-06-10T22:58:00,3.6547,1.9047,0.6145,1.3,simulated
2026-06-10T22:58:10,3.7221,1.9041,0.6167,1.3,simulated
2026-06-10T22:58:20,3.9026,1.9183,0.6245,1.3,simulated
2026-06-10T22:58:30,4.0661,1.9332,0.6362,1.3,simulated
2026-06-10T22:58:40,4.0802,1.9763,0.6461,1.3,simulated
2026-06-10T22:58:50,4.0616,1.9661,0.6533,1.3,simulated
2026-06-10T22:59:00,4.0021,1.9598,0.6571,1.3,simulated
2026-06-10T22:59:10,4.0268,1.9518,0.661,1.3,simulated
2026-06-10T22:59:20,3.899,1.961,0.6598,1.3,simulated
2026-06-10T22:59:30,3.767,1.9517,0.6544,1.3,simulated
2026-06-10T22:59:40,3.656,1.9289,0.6464,1.3,simulated
2026-06-10T22:59:50,3.6881,1.9346,0.641,1.3,simulated
2026-06-10T23:00:00,3.6696,1.9427,0.6361,1.3,simulated
2026-06-10T23:00:10,3.802,1.9206,0.6366,1.3,simulated
2026-06-10T23:00:20,3.8913,1.9203,0.6401,1.3,simulated
2026-06-10T23:00:30,3.8513,1.9391,0.6415,1.3,simulated
2026-06-10T23:00:40,3.7534,1.9333,0.6393,1.3,simulated
2026-06-10T23:00:50,3.621,1.9073,0.6331,1.3,simulated
2026-06-10T23:01:00,3.7772,1.9512,0.6334,1.3,simulated
2026-06-10T23:01:10,3.8304,1.953,0.6354,1.3,simulated
2026-06-10T23:01:20,3.9497,1.9723,0.641,1.3,simulated
2026-06-10T23:01:30,3.8116,1.934,0.6409,1.3,simulated
2026-06-10T23:01:40,3.9322,1.9534,0.6448,1.3,simulated
2026-06-10T23:01:50,3.8116,1.9623,0.6439,1.3,simulated
2026-06-10T23:02:00,3.9022,1.9544,0.6463,1.3,simulated
2026-06-10T23:02:10,3.9252,1.9662,0.6489,1.3,simulated
2026-06-10T23:02:20,3.9939,1.9557,0.6533,1.3,simulated
2026-06-10T23:02:30,3.8848,1.9459,0.6532,1.3,simulated
2026-06-10T23:02:40,4.0105,1.9643,0.6573,1.3,simulated
2026-06-10T23:02:50,3.7355,1.9587,0.6514,1.3,simulated
2026-06-10T23:03:00,3.7032,1.9557,0.6455,1.3,simulated
2026-06-10T23:03:10,3.7369,1.9583,0.642,1.3,simulated
2026-06-10T23:03:20,3.4418,1.9316,0.6292,1.3,simulated
2026-06-10T23:03:30,3.601,1.9212,0.6244,1.3,simulated
2026-06-10T23:03:40,3.6379,1.9394,0.6217,1.3,simulated
2026-06-10T23:03:50,3.6671,1.9184,0.6206,1.3,simulated
2026-06-10T23:04:00,3.6676,1.9074,0.6197,1.3,simulated
2026-06-10T23:04:10,3.7349,1.9355,0.6213,1.3,simulated
2026-06-10T23:04:20,3.8373,1.8939,0.6259,1.3,simulated
2026-06-10T23:04:30,3.8416,1.9466,0.6298,1.3,simulated
2026-06-10T23:04:40,3.7939,1.944,0.6313,1.3,simulated
2026-06-10T23:04:50,3.7893,1.9324,0.6324,1.3,simulated
2026-06-10T23:05:00,3.6193,1.9447,0.6275,1.3,simulated
2026-06-10T23:05:10,3.5214,1.9143,0.6203,1.3,simulated
2026-06-10T23:05:20,3.7597,1.9271,0.6226,1.3,simulated
2026-06-10T23:05:30,3.792,1.9039,0.6255,1.3,simulated
2026-06-10T23:05:40,3.7028,1.9063,0.6248,1.3,simulated
2026-06-10T23:05:50,3.6865,1.9304,0.6237,1.3,simulated
2026-06-10T23:06:00,3.5433,1.9119,0.618,1.3,simulated
2026-06-10T23:06:10,3.4944,1.8947,0.6118,1.3,simulated
2026-06-10T23:06:20,3.553,1.9228,0.6088,1.3,simulated
2026-06-10T23:06:30,3.4259,1.901,0.6022,1.3,simulated
2026-06-10T23:06:40,3.2785,1.8819,0.5919,1.3,simulated
2026-06-10T23:06:50,3.2923,1.8817,0.5841,1.3,simulated
2026-06-10T23:07:00,3.2536,1.8992,0.5766,1.3,simulated
2026-06-10T23:07:10,3.1281,1.8826,0.5664,1.3,simulated
2026-06-10T23:07:20,3.3928,1.8679,0.5671,1.3,simulated
2026-06-10T23:07:30,3.4662,1.8798,0.5702,1.3,simulated
2026-06-10T23:07:40,3.5832,1.8678,0.5765,1.3,simulated
2026-06-10T23:07:50,3.4692,1.9048,0.5778,1.3,simulated
2026-06-10T23:08:00,3.4419,1.8975,0.5779,1.3,simulated
2026-06-10T23:08:10,3.4334,1.8723,0.5777,1.3,simulated
2026-06-10T23:08:20,3.6176,1.8867,0.5837,1.3,simulated
2026-06-10T23:08:30,3.4925,1.8981,0.5843,1.3,simulated
2026-06-10T23:08:40,3.4064,1.8964,0.5819,1.3,simulated
2026-06-10T23:08:50,3.3157,1.892,0.5769,1.3,simulated
2026-06-10T23:09:00,3.6934,1.8959,0.5856,1.3,simulated
2026-06-10T23:09:10,3.7405,1.8994,0.5942,1.3,simulated
2026-06-10T23:09:20,3.9875,1.8854,0.6093,1.3,simulated
2026-06-10T23:09:30,3.916,1.941,0.619,1.3,simulated
2026-06-10T23:09:40,3.8106,1.9182,0.6233,1.3,simulated
2026-06-10T23:09:50,3.8475,1.9316,0.6279,1.3,simulated
2026-06-10T23:10:00,3.7212,1.9269,0.6273,1.3,simulated
2026-06-10T23:10:10,3.769,1.9443,0.6285,1.3,simulated
2026-06-10T23:10:20,3.8485,1.9258,0.6321,1.3,simulated
2026-06-10T23:10:30,3.936,1.9205,0.6379,1.3,simulated
2026-06-10T23:10:40,4.0927,1.9699,0.6479,1.3,simulated
2026-06-10T23:10:50,4.1947,1.9697,0.6592,1.3,simulated
2026-06-10T23:11:00,4.1525,1.9901,0.6669,1.3,simulated
2026-06-10T23:11:10,4.313,1.9778,0.6784,1.3,simulated
2026-06-10T23:11:20,4.2256,1.9898,0.6847,1.3,simulated
2026-06-10T23:11:30,4.2449,2.004,0.6904,1.3,simulated
2026-06-10T23:11:40,4.1487,1.9764,0.6917,1.3,simulated
2026-06-10T23:11:50,4.2848,1.9741,0.6974,1.3,simulated
2026-06-10T23:12:00,4.4741,1.9958,0.7082,1.3,simulated
2026-06-10T23:12:10,4.2632,2.0002,0.7098,1.3,simulated
2026-06-10T23:12:20,4.2432,2.0371,0.7104,1.3,simulated
2026-06-10T23:12:30,4.2972,2.0513,0.7127,1.3,simulated
2026-06-10T23:12:40,4.2432,2.0096,0.7128,1.3,simulated
2026-06-10T23:12:50,4.3699,2.0184,0.717,1.3,simulated
2026-06-10T23:13:00,4.3634,2.0154,0.7202,1.3,simulated
2026-06-10T23:13:10,4.2814,2.0164,0.72,1.3,simulated
2026-06-10T23:13:20,4.3342,2.0268,0.7217,1.3,simulated
2026-06-10T23:13:30,4.2184,2.0242,0.7191,1.3,simulated
2026-06-10T23:13:40,4.4097,2.0181,0.7234,1.3,simulated
2026-06-10T23:13:50,4.4123,2.0253,0.727,1.3,simulated
2026-06-10T23:14:00,4.6302,2.0281,0.7372,1.3,simulated
2026-06-10T23:14:10,4.4778,2.0292,0.7402,1.3,simulated
2026-06-10T23:14:20,4.3706,2.033,0.739,1.3,simulated
2026-06-10T23:14:30,4.3738,2.0485,0.7382,1.3,simulated
2026-06-10T23:14:40,4.2783,2.0416,0.7343,1.3,simulated
2026-06-10T23:14:50,4.279,2.0233,0.7312,1.3,simulated
2026-06-10T23:15:00,4.171,2.0397,0.7251,1.3,simulated
2026-06-10T23:15:10,4.3386,2.0268,0.7259,1.3,simulated
2026-06-10T23:15:20,3.8467,2.0243,0.7099,1.3,simulated
2026-06-10T23:15:30,3.8162,1.9933,0.6962,1.3,simulated
2026-06-10T23:15:40,3.751,2.01,0.683,1.3,simulated
2026-06-10T23:15:50,3.5793,1.9876,0.6666,1.3,simulated
2026-06-10T23:16:00,3.4916,1.9615,0.6506,1.3,simulated
2026-06-10T23:16:10,3.5771,1.9623,0.6407,1.3,simulated
2026-06-10T23:16:20,3.6318,1.9249,0.6346,1.3,simulated
2026-06-10T23:16:30,3.5342,1.9525,0.6264,1.3,simulated
2026-06-10T23:16:40,3.4618,1.8991,0.6174,1.3,simulated
2026-06-10T23:16:50,3.6179,1.9167,0.6155,1.3,simulated
2026-06-10T23:17:00,3.7741,1.91,0.6192,1.3,simulated
2026-06-10T23:17:10,3.8742,1.897,0.6256,1.3,simulated
2026-06-10T23:17:20,4.0253,1.9162,0.6357,1.3,simulated
2026-06-10T23:17:30,3.8076,1.93,0.6365,1.3,simulated
2026-06-10T23:17:40,3.8859,1.9471,0.6398,1.3,simulated
2026-06-10T23:17:50,3.933,1.9384,0.644,1.3,simulated
2026-06-10T23:18:00,3.9328,1.9614,0.6473,1.3,simulated
2026-06-10T23:18:10,3.8465,1.9422,0.6471,1.3,simulated
2026-06-10T23:18:20,4.0075,1.9384,0.6523,1.3,simulated
2026-06-10T23:18:30,4.0604,1.9787,0.6583,1.3,simulated
2026-06-10T23:18:40,4.177,1.9851,0.667,1.3,simulated
2026-06-10T23:18:50,4.2252,1.9719,0.6755,1.3,simulated
2026-06-10T23:19:00,4.3067,1.961,0.6851,1.3,simulated
2026-06-10T23:19:10,4.2657,1.9751,0.6914,1.3,simulated
2026-06-10T23:19:20,4.3791,1.9925,0.7003,1.3,simulated
2026-06-10T23:19:30,4.4368,2.0104,0.7093,1.3,simulated
2026-06-10T23:19:40,4.3664,2.0321,0.7142,1.3,simulated
2026-06-10T23:19:50,4.4402,2.0216,0.7205,1.3,simulated
2026-06-10T23:20:00,4.2901,2.0249,0.7206,1.3,simulated
2026-06-10T23:20:10,4.2178,2.0246,0.7182,1.3,simulated
2026-06-10T23:20:20,4.2922,2.001,0.7188,1.3,simulated
2026-06-10T23:20:30,4.1811,2.0324,0.7155,1.3,simulated
2026-06-10T23:20:40,4.3772,2.0423,0.7195,1.3,simulated
2026-06-10T23:20:50,4.3009,2.0279,0.7201,1.3,simulated
2026-06-10T23:21:00,4.5005,2.0505,0.7273,1.3,simulated
2026-06-10T23:21:10,4.4194,2.0266,0.7303,1.3,simulated
2026-06-10T23:21:20,4.1755,2.0247,0.7245,1.3,simulated
2026-06-10T23:21:30,4.2032,2.0414,0.7209,1.3,simulated
2026-06-10T23:21:40,4.3569,2.0205,0.7231,1.3,simulated
2026-06-10T23:21:50,4.2227,2.0112,0.7204,1.3,simulated
2026-06-10T23:22:00,4.3232,2.0483,0.7215,1.3,simulated
2026-06-10T23:22:10,4.3398,2.0207,0.7231,1.3,simulated
2026-06-10T23:22:20,4.3369,2.0121,0.7242,1.3,simulated
2026-06-10T23:22:30,4.3983,2.0269,0.7271,1.3,simulated
2026-06-10T23:22:40,4.5934,2.0039,0.736,1.3,simulated
2026-06-10T23:22:50,4.5239,2.0565,0.7408,1.3,simulated
2026-06-10T23:23:00,4.2426,2.0554,0.7352,1.3,simulated
2026-06-10T23:23:10,4.1916,2.0103,0.729,1.3,simulated
2026-06-10T23:23:20,4.2712,2.0166,0.7267,1.3,simulated
2026-06-10T23:23:30,4.3827,2.0565,0.7286,1.3,simulated
2026-06-10T23:23:40,4.3298,2.0429,0.7284,1.3,simulated
2026-06-10T23:23:50,4.3033,2.0223,0.7273,1.3,simulated
2026-06-10T23:24:00,3.927,2.0113,0.7138,1.3,simulated
2026-06-10T23:24:10,3.8184,2.0053,0.6993,1.3,simulated
2026-06-10T23:24:20,3.9617,2.0139,0.6926,1.3,simulated
2026-06-10T23:24:30,3.9014,1.9968,0.6851,1.3,simulated
2026-06-10T23:24:40,3.8691,1.9866,0.6781,1.3,simulated
2026-06-10T23:24:50,3.9575,1.9724,0.6755,1.3,simulated
2026-06-10T23:25:00,3.7937,1.991,0.6678,1.3,simulated
2026-06-10T23:25:10,3.6259,1.9648,0.6561,1.3,simulated
2026-06-10T23:25:20,3.7524,1.9345,0.651,1.3,simulated
2026-06-10T23:25:30,3.7978,1.9425,0.6484,1.3,simulated
2026-06-10T23:25:40,3.8013,1.9735,0.6464,1.3,simulated
2026-06-10T23:25:50,3.8507,1.9193,0.6465,1.3,simulated
2026-06-10T23:26:00,3.7868,1.9286,0.6445,1.3,simulated
2026-06-10T23:26:10,3.8926,1.9546,0.6464,1.3,simulated
2026-06-10T23:26:20,3.9936,1.9492,0.6513,1.3,simulated
2026-06-10T23:26:30,4.2067,1.9453,0.6624,1.3,simulated
2026-06-10T23:26:40,4.0899,1.9148,0.6673,1.3,simulated
2026-06-10T23:26:50,4.2698,1.9723,0.6773,1.3,simulated
2026-06-10T23:27:00,4.1936,2.0005,0.6828,1.3,simulated
2026-06-10T23:27:10,3.9914,1.9653,0.6803,1.3,simulated
2026-06-10T23:27:20,4.0359,1.9627,0.6799,1.3,simulated
2026-06-10T23:27:30,3.9974,1.9898,0.6782,1.3,simulated
2026-06-10T23:27:40,4.0513,1.9997,0.6787,1.3,simulated
2026-06-10T23:27:50,3.7559,1.956,0.6691,1.3,simulated
2026-06-10T23:28:00,3.8789,1.9604,0.6656,1.3,simulated
2026-06-10T23:28:10,3.8983,1.9407,0.6635,1.3,simulated
2026-06-10T23:28:20,3.8861,1.9613,0.6614,1.3,simulated
2026-06-10T23:28:30,3.8539,1.9474,0.6586,1.3,simulated
2026-06-10T23:28:40,4.0576,1.9607,0.6632,1.3,simulated
2026-06-10T23:28:50,4.0843,1.9311,0.6678,1.3,simulated
2026-06-10T23:29:00,4.1996,1.9891,0.6753,1.3,simulated
2026-06-10T23:29:10,3.9254,1.9445,0.6722,1.3,simulated
2026-06-10T23:29:20,3.9311,1.9496,0.6698,1.3,simulated
2026-06-10T23:29:30,3.9386,1.9646,0.6682,1.3,simulated
2026-06-10T23:29:40,3.8414,1.9333,0.6636,1.3,simulated
2026-06-10T23:29:50,3.8907,1.9374,0.6616,1.3,simulated
2026-06-10T23:30:00,3.9265,1.9471,0.6612,1.3,simulated
2026-06-10T23:30:10,3.8986,1.9324,0.66,1.3,simulated
2026-06-10T23:30:20,4.0108,1.9522,0.6627,1.3,simulated
2026-06-10T23:30:30,3.7514,1.9547,0.6562,1.3,simulated
2026-06-10T23:30:40,3.8078,1.9785,0.6529,1.3,simulated
2026-06-10T23:30:50,4.0118,1.9702,0.6571,1.3,simulated
2026-06-10T23:31:00,4.1895,1.9296,0.6665,1.3,simulated
2026-06-10T23:31:10,4.142,1.9692,0.6724,1.3,simulated
2026-06-10T23:31:20,4.0193,1.96,0.6729,1.3,simulated
2026-06-10T23:31:30,3.8892,1.9759,0.669,1.3,simulated
2026-06-10T23:31:40,4.0347,1.9656,0.6708,1.3,simulated
2026-06-10T23:31:50,3.9932,1.9761,0.6708,1.3,simulated
2026-06-10T23:32:00,4.0716,1.9832,0.6734,1.3,simulated
2026-06-10T23:32:10,3.9524,1.9657,0.6716,1.3,simulated
2026-06-10T23:32:20,3.9115,1.9439,0.6687,1.3,simulated
2026-06-10T23:32:30,3.7547,1.9549,0.6611,1.3,simulated
2026-06-10T23:32:40,3.7923,1.9656,0.6563,1.3,simulated
2026-06-10T23:32:50,4.0096,1.9683,0.6598,1.3,simulated
2026-06-10T23:33:00,3.7639,1.9515,0.6543,1.3,simulated
2026-06-10T23:33:10,3.9717,1.9669,0.6569,1.3,simulated
2026-06-10T23:33:20,3.976,1.9576,0.6591,1.3,simulated
2026-06-10T23:33:30,3.9578,1.9409,0.6603,1.3,simulated
2026-06-10T23:33:40,4.0755,1.9677,0.6651,1.3,simulated
2026-06-10T23:33:50,4.0739,1.9815,0.669,1.3,simulated
2026-06-10T23:34:00,3.9365,1.9871,0.6675,1.3,simulated
2026-06-10T23:34:10,4.0042,1.9597,0.6685,1.3,simulated
2026-06-10T23:34:20,4.1478,1.976,0.6742,1.3,simulated
2026-06-10T23:34:30,4.2019,1.9769,0.6805,1.3,simulated
2026-06-10T23:34:40,4.5584,1.9773,0.6976,1.3,simulated
2026-06-10T23:34:50,4.425,2.0115,0.7067,1.3,simulated
2026-06-10T23:35:00,4.6504,2.0076,0.7216,1.3,simulated
2026-06-10T23:35:10,4.4188,2.0268,0.7258,1.3,simulated
2026-06-10T23:35:20,4.4027,2.0185,0.7286,1.3,simulated
2026-06-10T23:35:30,4.5034,2.0253,0.7342,1.3,simulated
2026-06-10T23:35:40,4.4474,2.0358,0.7368,1.3,simulated
2026-06-10T23:35:50,4.4616,2.0405,0.7393,1.3,simulated
2026-06-10T23:36:00,4.2898,2.043,0.7356,1.3,simulated
2026-06-10T23:36:10,4.206,2.0237,0.7298,1.3,simulated
2026-06-10T23:36:20,3.9463,2.0122,0.7164,1.3,simulated
2026-06-10T23:36:30,4.0693,2.0154,0.7099,1.3,simulated
2026-06-10T23:36:40,3.8757,1.9918,0.6981,1.3,simulated
2026-06-10T23:36:50,3.8244,1.9873,0.687,1.3,simulated
2026-06-10T23:37:00,3.8019,1.9687,0.6773,1.3,simulated
2026-06-10T23:37:10,3.7243,1.9662,0.667,1.3,simulated
2026-06-10T23:37:20,3.6538,1.9687,0.6564,1.3,simulated
2026-06-10T23:37:30,3.4913,1.9546,0.6424,1.3,simulated
2026-06-10T23:37:40,3.4234,1.9412,0.629,1.3,simulated
2026-06-10T23:37:50,3.4082,1.9359,0.6177,1.3,simulated
2026-06-10T23:38:00,3.3746,1.9098,0.6075,1.3,simulated
2026-06-10T23:38:10,3.5316,1.9196,0.6047,1.3,simulated
2026-06-10T23:38:20,3.5972,1.8998,0.6046,1.3,simulated
2026-06-10T23:38:30,3.5577,1.9183,0.6032,1.3,simulated
2026-06-10T23:38:40,3.4223,1.9089,0.5976,1.3,simulated
2026-06-10T23:38:50,3.2772,1.9131,0.5882,1.3,simulated
2026-06-10T23:39:00,3.2436,1.892,0.5795,1.3,simulated
2026-06-10T23:39:10,3.3473,1.8863,0.5761,1.3,simulated
2026-06-10T23:39:20,3.5021,1.8833,0.5785,1.3,simulated
2026-06-10T23:39:30,3.6227,1.877,0.5846,1.3,simulated
2026-06-10T23:39:40,3.7588,1.8842,0.5939,1.3,simulated
2026-06-10T23:39:50,4.0503,1.924,0.6112,1.3,simulated
2026-06-10T23:40:00,4.074,1.9067,0.6259,1.3,simulated
2026-06-10T23:40:10,3.9663,1.9574,0.634,1.3,simulated
2026-06-10T23:40:20,3.9654,1.9435,0.6404,1.3,simulated
2026-06-10T23:40:30,3.9354,1.9538,0.6446,1.3,simulated
2026-06-10T23:40:40,3.773,1.957,0.6424,1.3,simulated
2026-06-10T23:40:50,3.8731,1.9478,0.6441,1.3,simulated
2026-06-10T23:41:00,3.2738,1.924,0.6253,1.3,simulated
2026-06-10T23:41:10,3.2396,1.8768,0.6091,1.3,simulated
2026-06-10T23:41:20,3.4343,1.908,0.6026,1.3,simulated
2026-06-10T23:41:30,3.6824,1.9143,0.6058,1.3,simulated
2026-06-10T23:41:40,3.711,1.8874,0.6094,1.3,simulated
2026-06-10T23:41:50,3.7918,1.9178,0.6149,1.3,simulated
2026-06-10T23:42:00,3.6654,1.9135,0.6151,1.3,simulated
2026-06-10T23:42:10,3.3991,1.9219,0.6063,1.3,simulated
2026-06-10T23:42:20,3.4402,1.875,0.6006,1.3,simulated
2026-06-10T23:42:30,3.0528,1.8747,0.5831,1.3,simulated
2026-06-10T23:42:40,2.865,1.8598,0.5627,1.3,simulated
2026-06-10T23:42:50,2.9963,1.8379,0.5508,1.3,simulated
2026-06-10T23:43:00,2.9068,1.8411,0.5383,1.3,simulated
2026-06-10T23:43:10,2.8686,1.7962,0.5271,1.3,simulated
2026-06-10T23:43:20,3.2215,1.7959,0.5299,1.3,simulated
2026-06-10T23:43:30,3.3494,1.8361,0.5364,1.3,simulated
2026-06-10T23:43:40,3.5469,1.8566,0.5483,1.3,simulated
2026-06-10T23:43:50,3.419,1.8411,0.5535,1.3,simulated
2026-06-10T23:44:00,3.3443,1.8607,0.5552,1.3,simulated
2026-06-10T23:44:10,3.4875,1.8659,0.5613,1.3,simulated
2026-06-10T23:44:20,3.486,1.8749,0.5662,1.3,simulated
2026-06-10T23:44:30,3.518,1.8723,0.5712,1.3,simulated
2026-06-10T23:44:40,3.7301,1.8566,0.5823,1.3,simulated
2026-06-10T23:44:50,3.8056,1.8937,0.5937,1.3,simulated
2026-06-10T23:45:00,3.7403,1.9025,0.6006,1.3,simulated
2026-06-10T23:45:10,3.7286,1.9283,0.6058,1.3,simulated
2026-06-10T23:45:20,3.9231,1.894,0.6164,1.3,simulated
2026-06-10T23:45:30,4.0566,1.9638,0.6295,1.3,simulated
2026-06-10T23:45:40,3.8889,1.933,0.6342,1.3,simulated
2026-06-10T23:45:50,4.1139,1.9296,0.6456,1.3,simulated
2026-06-10T23:46:00,4.2772,1.956,0.6602,1.3,simulated
2026-06-10T23:46:10,4.1559,1.9846,0.6678,1.3,simulated
2026-06-10T23:46:20,3.9513,1.9678,0.667,1.3,simulated
2026-06-10T23:46:30,4.0407,1.9581,0.6694,1.3,simulated
2026-06-10T23:46:40,3.9295,1.9778,0.6675,1.3,simulated
2026-06-10T23:46:50,4.0472,1.9847,0.67,1.3,simulated
2026-06-10T23:47:00,3.9647,1.9693,0.6692,1.3,simulated
2026-06-10T23:47:10,4.1585,2.0007,0.6751,1.3,simulated
2026-06-10T23:47:20,4.1347,2.0107,0.679,1.3,simulated
2026-06-10T23:47:30,4.0747,1.9438,0.6801,1.3,simulated
2026-06-10T23:47:40,4.4421,1.9938,0.6933,1.3,simulated
2026-06-10T23:47:50,4.5415,2.0351,0.7073,1.3,simulated
2026-06-10T23:48:00,4.2927,2.0175,0.7101,1.3,simulated
2026-06-10T23:48:10,4.2285,2.0324,0.7101,1.3,simulated
2026-06-10T23:48:20,4.1012,2.0145,0.7059,1.3,simulated
2026-06-10T23:48:30,4.0605,1.9795,0.7011,1.3,simulated
2026-06-10T23:48:40,3.8243,1.9799,0.6894,1.3,simulated
2026-06-10T23:48:50,3.7013,1.9758,0.6759,1.3,simulated
2026-06-10T23:49:00,3.821,1.9891,0.6691,1.3,simulated
2026-06-10T23:49:10,3.8041,1.9622,0.6631,1.3,simulated
2026-06-10T23:49:20,3.7383,1.9489,0.6561,1.3,simulated
2026-06-10T23:49:30,3.7448,1.9426,0.6507,1.3,simulated
2026-06-10T23:49:40,3.9068,1.9547,0.6518,1.3,simulated
2026-06-10T23:49:50,3.9641,1.9578,0.6547,1.3,simulated
2026-06-10T23:50:00,3.7973,1.9858,0.6513,1.3,simulated
2026-06-10T23:50:10,3.6383,1.9412,0.6433,1.3,simulated
2026-06-10T23:50:20,3.7097,1.9207,0.6393,1.3,simulated
2026-06-10T23:50:30,3.8032,1.9485,0.6392,1.3,simulated
2026-06-10T23:50:40,3.7975,1.943,0.639,1.3,simulated
2026-06-10T23:50:50,3.8924,1.9446,0.642,1.3,simulated
2026-06-10T23:51:00,3.8382,1.9318,0.6425,1.3,simulated
2026-06-10T23:51:10,3.8369,1.95,0.6429,1.3,simulated
2026-06-10T23:51:20,3.737,1.9326,0.6399,1.3,simulated
2026-06-10T23:51:30,3.881,1.9342,0.6423,1.3,simulated
2026-06-10T23:51:40,4.0099,1.9398,0.6486,1.3,simulated
2026-06-10T23:51:50,4.1348,1.9725,0.6578,1.3,simulated
2026-06-10T23:52:00,4.1386,1.9438,0.6653,1.3,simulated
2026-06-10T23:52:10,4.1706,1.971,0.6724,1.3,simulated
2026-06-10T23:52:20,4.1749,1.9742,0.6782,1.3,simulated
2026-06-10T23:52:30,4.2312,1.9959,0.6847,1.3,simulated
2026-06-10T23:52:40,4.2581,1.9882,0.6908,1.3,simulated
2026-06-10T23:52:50,4.1926,2.0072,0.6935,1.3,simulated
2026-06-10T23:53:00,4.1757,1.9837,0.6951,1.3,simulated
2026-06-10T23:53:10,4.1313,2.0014,0.6949,1.3,simulated
2026-06-10T23:53:20,4.2187,2.0018,0.6977,1.3,simulated
2026-06-10T23:53:30,4.2705,2.0029,0.7016,1.3,simulated
2026-06-10T23:53:40,4.3188,2.0299,0.7064,1.3,simulated
2026-06-10T23:53:50,4.4817,2.0237,0.7157,1.3,simulated
2026-06-10T23:54:00,4.4818,2.0272,0.7232,1.3,simulated
2026-06-10T23:54:10,4.3705,2.0419,0.7254,1.3,simulated
2026-06-10T23:54:20,4.1853,2.0267,0.7209,1.3,simulated
2026-06-10T23:54:30,4.3885,2.0204,0.7242,1.3,simulated
2026-06-10T23:54:40,4.4015,2.0418,0.7272,1.3,simulated
2026-06-10T23:54:50,4.4168,2.0637,0.7302,1.3,simulated
2026-06-10T23:55:00,4.2903,2.0199,0.7283,1.3,simulated
2026-06-10T23:55:10,4.2008,2.0335,0.7238,1.3,simulated
2026-06-10T23:55:20,4.1839,2.0217,0.7196,1.3,simulated
2026-06-10T23:55:30,4.0341,2.0127,0.7112,1.3,simulated
2026-06-10T23:55:40,4.0795,1.9778,0.7061,1.3,simulated
2026-06-10T23:55:50,4.019,1.9904,0.6999,1.3,simulated
2026-06-10T23:56:00,4.1785,1.9883,0.7003,1.3,simulated
2026-06-10T23:56:10,4.319,2.0269,0.7054,1.3,simulated
2026-06-10T23:56:20,4.2912,1.9917,0.7085,1.3,simulated
2026-06-10T23:56:30,4.045,2.0226,0.7027,1.3,simulated
2026-06-10T23:56:40,4.1276,1.9866,0.7008,1.3,simulated
2026-06-10T23:56:50,4.259,2.0012,0.7038,1.3,simulated
2026-06-10T23:57:00,4.3522,2.0032,0.7093,1.3,simulated
2026-06-10T23:57:10,4.4325,2.008,0.7163,1.3,simulated
2026-06-10T23:57:20,4.2987,1.9941,0.7175,1.3,simulated
2026-06-10T23:57:30,4.2416,2.0374,0.7165,1.3,simulated
2026-06-10T23:57:40,4.3455,2.0361,0.7192,1.3,simulated
2026-06-10T23:57:50,4.2519,2.0363,0.7182,1.3,simulated
2026-06-10T23:58:00,4.0952,2.0267,0.7122,1.3,simulated
2026-06-10T23:58:10,4.2205,2.0252,0.7116,1.3,simulated
2026-06-10T23:58:20,4.0848,2.0251,0.7065,1.3,simulated
2026-06-10T23:58:30,4.071,1.9905,0.702,1.3,simulated
2026-06-10T23:58:40,4.0187,2.0052,0.6966,1.3,simulated
2026-06-10T23:58:50,4.2242,2.021,0.6992,1.3,simulated
2026-06-10T23:59:00,4.0892,2.0021,0.6968,1.3,simulated
2026-06-10T23:59:10,4.1328,1.9936,0.6963,1.3,simulated
2026-06-10T23:59:20,4.0623,1.9804,0.6935,1.3,simulated
2026-06-10T23:59:30,4.0097,1.9856,0.6895,1.3,simulated
2026-06-10T23:59:40,4.1894,1.9854,0.6924,1.3,simulated
2026-06-10T23:59:50,4.1896,1.9499,0.6947,1.3,simulated
